patient_id,home_point_id,home_lat,home_lon,hospital_id,activity_type,appointment_id,slot_time,priority_code,priority_class,theta_p,requirement,appointment_datetime,appointment_minute,appointment_time_hhmm,hospital_stay_min,return_ready_datetime,return_ready_minute,return_ready_time_hhmm,waiting_time_after_treatment_min,return_same_day,max_ride_time_min,direct_distance_est_km,direct_travel_time_est_min,distance_to_assigned_hospital_km,closest_hospital_id,closest_hospital_distance_km,assigned_hospital_is_coherent,home_generation_method,catchment_radius_km,source_quality,source_note
P1,HOME_P1,46.098303539359335,4.066215256289492,H3,dialysis,A0093,08:00,P1,high,2.0,prescription_medicale,2026-05-18 08:45:00,525,08:45,265,2026-05-18 13:10:00,790,13:10,15,1,25,6.724,9.61,6.724,H1,6.286,1,catchment_near_assigned_hospital,8,assumption_to_validate,Third dialysis center: assumed 24/day.
P2,HOME_P2,46.04160169835642,4.056926895703572,H2,other,A0080,08:30,P2,medium,1.5,standard_assis,2026-05-18 09:30:00,570,09:30,30,2026-05-18 10:00:00,600,10:00,25,1,35,1.279,5.0,1.279,H2,1.279,1,catchment_near_assigned_hospital,12,assumption_to_validate,Renaison other: assumed 36/day.
P3,HOME_P3,46.05570739136829,4.157332827208988,H1,oncology,A0024,08:00,P1,high,2.0,prescription_medicale,2026-05-18 08:30:00,510,08:30,175,2026-05-18 11:25:00,685,11:25,15,1,25,8.17,11.67,8.17,H1,8.17,1,catchment_near_assigned_hospital,10,observed_user_table,CH Roanne chemotherapy: 30/day.
P4,HOME_P4,46.061419269830004,3.9726437201276723,H2,dialysis,A0069,13:00,P1,high,2.0,vsl_required,2026-05-18 13:30:00,810,13:30,265,2026-05-18 17:55:00,1075,17:55,15,1,25,9.529,13.61,9.529,H3,9.524,1,catchment_near_assigned_hospital,8,assumption_to_validate,Renaison dialysis: assumed 30/day.
P5,HOME_P5,46.00696993085515,4.082207079410724,H1,other,A0053,16:00,P2,medium,1.5,standard_assis,2026-05-18 16:00:00,960,16:00,60,2026-05-18 17:00:00,1020,17:00,25,1,35,6.505,9.29,6.505,H2,5.537,1,catchment_near_assigned_hospital,12,observed_user_table,CH Roanne other: 49/day.
P6,HOME_P6,45.982277445213576,4.016605274583596,H1,other,A0039,08:30,P2,medium,1.5,prescription_medicale,2026-05-18 09:15:00,555,09:15,100,2026-05-18 10:55:00,655,10:55,25,1,35,11.259,16.08,11.259,H2,10.154,1,catchment_near_assigned_hospital,12,observed_user_table,CH Roanne other: 49/day.
P7,HOME_P7,46.1315058312785,4.059315098498359,H2,oncology,A0074,13:00,P1,high,2.0,vsl_required,2026-05-18 13:45:00,825,13:45,265,2026-05-18 18:10:00,1090,18:10,15,1,25,11.961,17.09,11.961,H1,10.946,1,catchment_near_assigned_hospital,10,assumption_to_validate,Renaison oncology: assumed 16/day.
P8,HOME_P8,46.03579610664025,3.986901609418709,H1,dialysis,A0010,08:00,P1,high,2.0,vsl_required,2026-05-18 08:25:00,505,08:25,240,2026-05-18 12:25:00,745,12:25,15,1,25,8.628,12.33,8.628,H2,8.021,1,catchment_near_assigned_hospital,8,observed_user_table,"CH Roanne dialysis: 53/day. 26 morning, 23 noon, 4 evening."
P9,HOME_P9,46.0913829405409,4.125270999486422,H2,dialysis,A0060,08:00,P1,high,2.0,prescription_medicale,2026-05-18 08:45:00,525,08:45,255,2026-05-18 13:00:00,780,13:00,15,1,25,8.365,11.95,8.365,H1,7.329,1,catchment_near_assigned_hospital,8,assumption_to_validate,Renaison dialysis: assumed 30/day.
P10,HOME_P10,46.08467400997066,4.080127830954985,H1,oncology,A0028,08:00,P1,high,2.0,vsl_required,2026-05-18 08:40:00,520,08:40,165,2026-05-18 11:25:00,685,11:25,15,1,25,4.419,6.31,4.419,H1,4.419,1,catchment_near_assigned_hospital,10,observed_user_table,CH Roanne chemotherapy: 30/day.
P11,HOME_P11,45.98260976741211,4.083596636131266,H1,dialysis,A0005,08:00,P1,high,2.0,vsl_required,2026-05-18 08:10:00,490,08:10,240,2026-05-18 12:10:00,730,12:10,15,1,25,9.882,14.12,9.882,H2,8.885,1,catchment_near_assigned_hospital,8,observed_user_table,"CH Roanne dialysis: 53/day. 26 morning, 23 noon, 4 evening."
P12,HOME_P12,46.06666642432787,4.189081507619789,H1,other,A0040,08:30,P2,medium,1.5,standard_assis,2026-05-18 08:55:00,535,08:55,120,2026-05-18 10:55:00,655,10:55,25,1,35,11.378,16.25,11.378,H1,11.378,1,catchment_near_assigned_hospital,12,observed_user_table,CH Roanne other: 49/day.
P13,HOME_P13,45.96820994358221,4.01907513567038,H2,other,A0087,14:00,P2,medium,1.5,prescription_medicale,2026-05-18 14:55:00,895,14:55,40,2026-05-18 15:35:00,935,15:35,25,1,35,11.792,16.85,11.792,H2,11.792,1,catchment_near_assigned_hospital,12,assumption_to_validate,Renaison other: assumed 36/day.
P14,HOME_P14,46.00433795079781,4.055347309623429,H1,dialysis,A0007,08:00,P1,high,2.0,vsl_required,2026-05-18 08:35:00,515,08:35,240,2026-05-18 12:35:00,755,12:35,15,1,25,7.008,10.01,7.008,H2,5.894,1,catchment_near_assigned_hospital,8,observed_user_table,"CH Roanne dialysis: 53/day. 26 morning, 23 noon, 4 evening."
P15,HOME_P15,46.07573919228672,4.036604107892738,H2,other,A0089,14:00,P2,medium,1.5,prescription_medicale,2026-05-18 15:25:00,925,15:25,25,2026-05-18 15:50:00,950,15:50,25,1,35,5.203,7.43,5.203,H1,4.674,1,catchment_near_assigned_hospital,12,assumption_to_validate,Renaison other: assumed 36/day.
P16,HOME_P16,46.04564782594603,3.979802228225021,H3,dialysis,A0092,08:00,P1,high,2.0,vsl_required,2026-05-18 08:20:00,500,08:20,230,2026-05-18 12:10:00,730,12:10,15,1,25,8.722,12.46,8.722,H2,8.586,1,catchment_near_assigned_hospital,8,assumption_to_validate,Third dialysis center: assumed 24/day.
P17,HOME_P17,46.04511114965326,4.127561412687372,H1,oncology,A0027,08:00,P1,high,2.0,prescription_medicale,2026-05-18 08:40:00,520,08:40,165,2026-05-18 11:25:00,685,11:25,15,1,25,5.413,7.73,5.413,H1,5.413,1,catchment_near_assigned_hospital,10,observed_user_table,CH Roanne chemotherapy: 30/day.
P18,HOME_P18,46.08713500457295,4.047629063648861,H2,oncology,A0075,13:00,P1,high,2.0,vsl_required,2026-05-18 13:05:00,785,13:05,360,2026-05-18 19:05:00,1145,19:05,15,1,25,6.11,8.73,6.11,H1,5.288,1,catchment_near_assigned_hospital,10,assumption_to_validate,Renaison oncology: assumed 16/day.
P19,HOME_P19,46.00873793026746,4.1240378020427455,H1,dialysis,A0003,08:00,P1,high,2.0,vsl_required,2026-05-18 08:15:00,495,08:15,240,2026-05-18 12:15:00,735,12:15,15,1,25,7.931,11.33,7.931,H2,7.403,1,catchment_near_assigned_hospital,8,observed_user_table,"CH Roanne dialysis: 53/day. 26 morning, 23 noon, 4 evening."
P20,HOME_P20,45.95881914962422,4.0852127869724875,H1,other,A0036,08:30,P2,medium,1.5,vsl_required,2026-05-18 09:10:00,550,09:10,95,2026-05-18 10:45:00,645,10:45,25,1,35,13.188,18.84,13.188,H2,12.179,1,catchment_near_assigned_hospital,12,observed_user_table,CH Roanne other: 49/day.
P21,HOME_P21,45.945676701633786,4.0137751947433,H2,other,A0084,10:30,P2,medium,1.5,prescription_medicale,2026-05-18 11:30:00,690,11:30,35,2026-05-18 12:05:00,725,12:05,25,1,35,14.883,21.26,14.883,H2,14.883,1,catchment_near_assigned_hospital,12,assumption_to_validate,Renaison other: assumed 36/day.
P22,HOME_P22,46.07135422982019,4.106396109815364,H1,dialysis,A0006,08:00,P1,high,2.0,prescription_medicale,2026-05-18 08:40:00,520,08:40,240,2026-05-18 12:40:00,760,12:40,15,1,25,4.106,5.87,4.106,H1,4.106,1,catchment_near_assigned_hospital,8,observed_user_table,"CH Roanne dialysis: 53/day. 26 morning, 23 noon, 4 evening."
P23,HOME_P23,46.14512089337032,4.140572184271799,H1,other,A0041,08:30,P2,medium,1.5,standard_assis,2026-05-18 09:50:00,590,09:50,65,2026-05-18 10:55:00,655,10:55,25,1,35,14.341,20.49,14.341,H1,14.341,1,catchment_near_assigned_hospital,12,observed_user_table,CH Roanne other: 49/day.
P24,HOME_P24,46.110266890572646,4.275798144245076,H1,external,A0057,11:30,P3,low,1.0,standard_assis,2026-05-18 12:50:00,770,12:50,20,2026-05-18 13:10:00,790,13:10,35,1,55,21.121,30.17,21.121,H1,21.121,1,catchment_near_assigned_hospital,18,computed_from_user_table,External visits: 75/day * 15% using fleet.
P25,HOME_P25,46.02650283235022,4.1417134233174,H1,other,A0046,10:30,P2,medium,1.5,standard_assis,2026-05-18 11:45:00,705,11:45,110,2026-05-18 13:35:00,815,13:35,25,1,35,7.63,10.9,7.63,H2,7.524,1,catchment_near_assigned_hospital,12,observed_user_table,CH Roanne other: 49/day.
P26,HOME_P26,46.01913747372741,4.131605880007085,H1,dialysis,A0008,08:00,P1,high,2.0,vsl_required,2026-05-18 08:55:00,535,08:55,240,2026-05-18 12:55:00,775,12:55,15,1,25,7.406,10.58,7.406,H2,7.097,1,catchment_near_assigned_hospital,8,observed_user_table,"CH Roanne dialysis: 53/day. 26 morning, 23 noon, 4 evening."
P27,HOME_P27,46.06998303275414,3.9652671472194387,H2,oncology,A0076,15:00,P1,high,2.0,prescription_medicale,2026-05-18 15:15:00,915,15:15,95,2026-05-18 16:50:00,1010,16:50,15,1,25,10.541,15.06,10.541,H3,10.476,1,catchment_near_assigned_hospital,10,assumption_to_validate,Renaison oncology: assumed 16/day.
P28,HOME_P28,46.05662668719478,3.958277246478671,H1,other,A0047,10:30,P2,medium,1.5,prescription_medicale,2026-05-18 11:55:00,715,11:55,80,2026-05-18 13:15:00,795,13:15,25,1,35,11.047,15.78,11.047,H2,10.769,1,catchment_near_assigned_hospital,12,observed_user_table,CH Roanne other: 49/day.
P29,HOME_P29,46.08359811952313,3.9293175909586333,H1,other,A0048,14:00,P2,medium,1.5,premium,2026-05-18 14:30:00,870,14:30,60,2026-05-18 15:30:00,930,15:30,25,1,35,14.454,20.65,14.454,H3,14.348,1,catchment_near_assigned_hospital,12,observed_user_table,CH Roanne other: 49/day.
P30,HOME_P30,45.9854255846029,4.040697584577964,H1,dialysis,A0001,08:00,P1,high,2.0,prescription_medicale,2026-05-18 08:50:00,530,08:50,240,2026-05-18 12:50:00,770,12:50,15,1,25,9.927,14.18,9.927,H2,8.806,1,catchment_near_assigned_hospital,8,observed_user_table,"CH Roanne dialysis: 53/day. 26 morning, 23 noon, 4 evening."
P31,HOME_P31,46.08521195918488,4.058742152577054,H3,dialysis,A0094,08:00,P1,high,2.0,vsl_required,2026-05-18 08:15:00,495,08:15,210,2026-05-18 11:45:00,705,11:45,15,1,25,5.013,7.16,5.013,H1,4.635,1,catchment_near_assigned_hospital,8,assumption_to_validate,Third dialysis center: assumed 24/day.
P32,HOME_P32,46.0033576674981,4.190511123434863,H1,other,A0049,14:00,P2,medium,1.5,premium,2026-05-18 15:05:00,905,15:05,70,2026-05-18 16:15:00,975,16:15,25,1,35,13.321,19.03,13.321,H2,13.138,1,catchment_near_assigned_hospital,12,observed_user_table,CH Roanne other: 49/day.
P33,HOME_P33,46.0386429110567,4.0678439038404415,H1,other,A0051,14:00,P2,medium,1.5,standard_assis,2026-05-18 15:25:00,925,15:25,120,2026-05-18 17:25:00,1045,17:25,25,1,35,2.09,5.0,2.09,H2,0.985,1,catchment_near_assigned_hospital,12,observed_user_table,CH Roanne other: 49/day.
P34,HOME_P34,46.10828866553901,4.079011674533281,H2,dialysis,A0062,08:00,P1,high,2.0,vsl_required,2026-05-18 08:30:00,510,08:30,265,2026-05-18 12:55:00,775,12:55,15,1,25,8.755,12.51,8.755,H1,7.667,1,catchment_near_assigned_hospital,8,assumption_to_validate,Renaison dialysis: assumed 30/day.
P35,HOME_P35,46.017093465208035,4.202357061230068,H2,other,A0077,08:30,P2,medium,1.5,vsl_required,2026-05-18 08:35:00,515,08:35,40,2026-05-18 09:15:00,555,09:15,25,1,35,13.487,19.27,13.487,H1,13.485,1,catchment_near_assigned_hospital,12,assumption_to_validate,Renaison other: assumed 36/day.
P36,HOME_P36,46.01450945121842,4.0434485195947,H2,oncology,A0072,08:00,P1,high,2.0,vsl_required,2026-05-18 08:15:00,495,08:15,355,2026-05-18 14:10:00,850,14:10,15,1,25,4.978,7.11,4.978,H2,4.978,1,catchment_near_assigned_hospital,10,assumption_to_validate,Renaison oncology: assumed 16/day.
P37,HOME_P37,46.10009857816917,4.052103701078066,H2,oncology,A0071,08:00,P1,high,2.0,vsl_required,2026-05-18 08:05:00,485,08:05,120,2026-05-18 10:05:00,605,10:05,15,1,25,7.731,11.04,7.731,H1,6.801,1,catchment_near_assigned_hospital,10,assumption_to_validate,Renaison oncology: assumed 16/day.
P38,HOME_P38,46.04501211768282,4.181715833121908,H2,other,A0090,16:30,P2,medium,1.5,standard_assis,2026-05-18 17:35:00,1055,17:35,25,2026-05-18 18:00:00,1080,18:00,25,1,35,10.894,15.56,10.894,H1,10.579,1,catchment_near_assigned_hospital,12,assumption_to_validate,Renaison other: assumed 36/day.
P39,HOME_P39,45.98144748200939,4.120067964111631,H1,oncology,A0022,08:00,P1,high,2.0,vsl_required,2026-05-18 08:40:00,520,08:40,150,2026-05-18 11:10:00,670,11:10,15,1,25,10.984,15.69,10.984,H2,10.21,1,catchment_near_assigned_hospital,10,observed_user_table,CH Roanne chemotherapy: 30/day.
P40,HOME_P40,46.06281263246213,4.101049251871426,H1,other,A0043,10:30,P2,medium,1.5,prescription_medicale,2026-05-18 11:15:00,675,11:15,105,2026-05-18 13:00:00,780,13:00,25,1,35,3.037,5.0,3.037,H1,3.037,1,catchment_near_assigned_hospital,12,observed_user_table,CH Roanne other: 49/day.
P41,HOME_P41,46.067255869471516,4.04503863054993,H2,dialysis,A0059,08:00,P1,high,2.0,vsl_required,2026-05-18 08:55:00,535,08:55,220,2026-05-18 12:35:00,755,12:35,15,1,25,3.772,5.39,3.772,H1,3.299,1,catchment_near_assigned_hospital,8,assumption_to_validate,Renaison dialysis: assumed 30/day.
P42,HOME_P42,46.146396770948904,4.08580598047297,H2,other,A0079,08:30,P2,medium,1.5,standard_assis,2026-05-18 08:50:00,530,08:50,40,2026-05-18 09:30:00,570,09:30,25,1,35,14.092,20.13,14.092,H1,13.001,1,catchment_near_assigned_hospital,12,assumption_to_validate,Renaison other: assumed 36/day.
P43,HOME_P43,45.99713711507854,4.110322086645159,H1,dialysis,A0004,08:00,P1,high,2.0,prescription_medicale,2026-05-18 08:10:00,490,08:10,240,2026-05-18 12:10:00,730,12:10,15,1,25,8.609,12.3,8.609,H2,7.85,1,catchment_near_assigned_hospital,8,observed_user_table,"CH Roanne dialysis: 53/day. 26 morning, 23 noon, 4 evening."
P44,HOME_P44,46.00335836428403,4.003320710157807,H1,external,A0054,08:30,P3,low,1.0,standard_assis,2026-05-18 08:35:00,515,08:35,30,2026-05-18 09:05:00,545,09:05,35,0,45,9.644,13.78,9.644,H2,8.635,1,catchment_near_assigned_hospital,18,computed_from_user_table,External visits: 75/day * 15% using fleet.
P45,HOME_P45,46.07367171177635,4.025132749143287,H2,other,A0082,10:30,P2,medium,1.5,prescription_medicale,2026-05-18 11:20:00,680,11:20,40,2026-05-18 12:00:00,720,12:00,25,0,35,5.732,8.19,5.732,H1,5.391,1,catchment_near_assigned_hospital,12,assumption_to_validate,Renaison other: assumed 36/day.
P46,HOME_P46,46.07184022553203,3.9873184214162016,H1,dialysis,A0002,08:00,P1,high,2.0,vsl_required,2026-05-18 08:10:00,490,08:10,240,2026-05-18 12:10:00,730,12:10,15,1,25,8.628,12.33,8.628,H3,8.533,1,catchment_near_assigned_hospital,8,observed_user_table,"CH Roanne dialysis: 53/day. 26 morning, 23 noon, 4 evening."
P47,HOME_P47,46.0291983654715,3.982597809229792,H1,dialysis,A0019,13:00,P1,high,2.0,prescription_medicale,2026-05-18 13:50:00,830,13:50,240,2026-05-18 17:50:00,1070,17:50,15,1,25,9.316,13.31,9.316,H2,8.628,1,catchment_near_assigned_hospital,8,observed_user_table,"CH Roanne dialysis: 53/day. 26 morning, 23 noon, 4 evening."
P48,HOME_P48,45.95336211250724,4.070003482274451,H2,other,A0083,10:30,P2,medium,1.5,standard_assis,2026-05-18 10:45:00,645,10:45,35,2026-05-18 11:20:00,680,11:20,25,1,35,12.835,18.34,12.835,H2,12.835,1,catchment_near_assigned_hospital,12,assumption_to_validate,Renaison other: assumed 36/day.
P49,HOME_P49,46.08261805214773,4.005816662801514,H2,dialysis,A0064,08:00,P1,high,2.0,vsl_required,2026-05-18 08:45:00,525,08:45,215,2026-05-18 12:20:00,740,12:20,15,1,25,7.952,11.36,7.952,H1,7.629,1,catchment_near_assigned_hospital,8,assumption_to_validate,Renaison dialysis: assumed 30/day.
P50,HOME_P50,46.10450194274167,4.154054068905612,H1,oncology,A0026,08:00,P1,high,2.0,vsl_required,2026-05-18 08:25:00,505,08:25,155,2026-05-18 11:00:00,660,11:00,15,1,25,10.591,15.13,10.591,H1,10.591,1,catchment_near_assigned_hospital,10,observed_user_table,CH Roanne chemotherapy: 30/day.
P51,HOME_P51,45.99963891530736,4.108406418953399,H2,dialysis,A0063,08:00,P1,high,2.0,prescription_medicale,2026-05-18 08:15:00,495,08:15,225,2026-05-18 12:00:00,720,12:00,15,1,25,7.457,10.65,7.457,H2,7.457,1,catchment_near_assigned_hospital,8,assumption_to_validate,Renaison dialysis: assumed 30/day.
P52,HOME_P52,46.0915647854084,4.023180694317219,H2,dialysis,A0061,08:00,P1,high,2.0,vsl_required,2026-05-18 08:55:00,535,08:55,215,2026-05-18 12:30:00,750,12:30,15,1,25,7.745,11.06,7.745,H1,7.148,1,catchment_near_assigned_hospital,8,assumption_to_validate,Renaison dialysis: assumed 30/day.
P53,HOME_P53,46.0265783493412,4.0336944054383315,H1,other,A0052,16:00,P2,medium,1.5,prescription_medicale,2026-05-18 16:20:00,980,16:20,100,2026-05-18 18:00:00,1080,18:00,25,0,35,5.288,7.55,5.288,H2,4.306,1,catchment_near_assigned_hospital,12,observed_user_table,CH Roanne other: 49/day.
P54,HOME_P54,46.069915916944574,4.07090255081477,H2,dialysis,A0068,13:00,P1,high,2.0,vsl_required,2026-05-18 13:05:00,785,13:05,225,2026-05-18 16:50:00,1010,16:50,15,1,25,3.372,5.0,3.372,H1,2.316,1,catchment_near_assigned_hospital,8,assumption_to_validate,Renaison dialysis: assumed 30/day.
P55,HOME_P55,46.08479447490368,4.085122292957929,H3,dialysis,A0098,13:00,P1,high,2.0,vsl_required,2026-05-18 13:05:00,785,13:05,270,2026-05-18 17:35:00,1055,17:35,15,1,25,5.051,7.22,5.051,H1,4.538,1,catchment_near_assigned_hospital,8,assumption_to_validate,Third dialysis center: assumed 24/day.
P56,HOME_P56,46.09326543359784,4.12498164466278,H1,other,A0050,14:00,P2,medium,1.5,standard_assis,2026-05-18 14:25:00,865,14:25,110,2026-05-18 16:15:00,975,16:15,25,1,35,7.501,10.72,7.501,H1,7.501,1,catchment_near_assigned_hospital,12,observed_user_table,CH Roanne other: 49/day.
P57,HOME_P57,46.01354536029384,4.03494808817285,H3,dialysis,A0100,13:00,P1,high,2.0,vsl_required,2026-05-18 13:20:00,800,13:20,210,2026-05-18 16:50:00,1010,16:50,15,1,25,6.092,8.7,6.092,H2,5.536,1,catchment_near_assigned_hospital,8,assumption_to_validate,Third dialysis center: assumed 24/day.
P58,HOME_P58,46.02255236139462,3.995654424611494,H1,dialysis,A0018,13:00,P1,high,2.0,vsl_required,2026-05-18 13:45:00,825,13:45,240,2026-05-18 17:45:00,1065,17:45,15,1,25,8.575,12.25,8.575,H2,7.757,1,catchment_near_assigned_hospital,8,observed_user_table,"CH Roanne dialysis: 53/day. 26 morning, 23 noon, 4 evening."
P59,HOME_P59,46.12550658344148,4.030086398100386,H2,oncology,A0073,08:00,P1,high,2.0,vsl_required,2026-05-18 08:20:00,500,08:20,90,2026-05-18 09:50:00,590,09:50,15,1,25,11.704,16.72,11.704,H1,10.844,1,catchment_near_assigned_hospital,10,assumption_to_validate,Renaison oncology: assumed 16/day.
P60,HOME_P60,46.15222627523362,4.068591998486551,H2,other,A0078,08:30,P2,medium,1.5,standard_assis,2026-05-18 09:55:00,595,09:55,35,2026-05-18 10:30:00,630,10:30,25,1,35,14.806,21.15,14.806,H1,13.756,1,catchment_near_assigned_hospital,12,assumption_to_validate,Renaison other: assumed 36/day.
P61,HOME_P61,45.97910517288811,4.0692020647461735,H3,dialysis,A0096,08:00,P1,high,2.0,prescription_medicale,2026-05-18 08:15:00,495,08:15,240,2026-05-18 12:15:00,735,12:15,15,1,25,9.854,14.08,9.854,H2,9.256,1,catchment_near_assigned_hospital,8,assumption_to_validate,Third dialysis center: assumed 24/day.
P62,HOME_P62,46.050720951601505,4.131948495777408,H1,other,A0037,08:30,P2,medium,1.5,prescription_medicale,2026-05-18 08:30:00,510,08:30,70,2026-05-18 09:40:00,580,09:40,25,1,35,5.726,8.18,5.726,H1,5.726,1,catchment_near_assigned_hospital,12,observed_user_table,CH Roanne other: 49/day.
P63,HOME_P63,46.141506550898264,4.097902975669192,H1,oncology,A0031,11:00,P1,high,2.0,vsl_required,2026-05-18 11:10:00,670,11:10,160,2026-05-18 13:50:00,830,13:50,15,1,25,12.498,17.85,12.498,H1,12.498,1,catchment_near_assigned_hospital,10,observed_user_table,CH Roanne chemotherapy: 30/day.
P64,HOME_P64,46.057563945321625,4.273885017771554,H1,external,A0055,09:30,P3,low,1.0,standard_assis,2026-05-18 11:20:00,680,11:20,25,2026-05-18 11:45:00,705,11:45,35,1,50,19.415,27.74,19.415,H1,19.415,1,catchment_near_assigned_hospital,18,computed_from_user_table,External visits: 75/day * 15% using fleet.
P65,HOME_P65,45.974894783630205,4.089811038657194,H1,oncology,A0030,11:00,P1,high,2.0,standard_assis,2026-05-18 11:50:00,710,11:50,155,2026-05-18 14:25:00,865,14:25,15,1,25,11.022,15.75,11.022,H2,10.048,1,catchment_near_assigned_hospital,10,observed_user_table,CH Roanne chemotherapy: 30/day.
P66,HOME_P66,46.0210190805324,4.0712677376804045,H1,dialysis,A0009,08:00,P1,high,2.0,prescription_medicale,2026-05-18 08:50:00,530,08:50,240,2026-05-18 12:50:00,770,12:50,15,1,25,4.489,6.41,4.489,H2,3.439,1,catchment_near_assigned_hospital,8,observed_user_table,"CH Roanne dialysis: 53/day. 26 morning, 23 noon, 4 evening."
P67,HOME_P67,46.06212950582639,4.0110558768650835,H1,oncology,A0033,14:00,P1,high,2.0,standard_assis,2026-05-18 14:10:00,850,14:10,150,2026-05-18 16:40:00,1000,16:40,15,1,25,6.071,8.67,6.071,H3,5.93,1,catchment_near_assigned_hospital,10,observed_user_table,CH Roanne chemotherapy: 30/day.
P68,HOME_P68,45.9819742512498,4.003133819401375,H1,other,A0045,10:30,P2,medium,1.5,standard_assis,2026-05-18 10:35:00,635,10:35,100,2026-05-18 12:15:00,735,12:15,25,1,35,11.974,17.11,11.974,H2,10.892,1,catchment_near_assigned_hospital,12,observed_user_table,CH Roanne other: 49/day.
P69,HOME_P69,46.112659419202735,4.034243759282373,H1,dialysis,A0021,17:00,P1,high,2.0,prescription_medicale,2026-05-18 17:40:00,1060,17:40,240,2026-05-18 21:40:00,1300,21:40,15,1,25,9.045,12.92,9.045,H1,9.045,1,catchment_near_assigned_hospital,8,observed_user_table,"CH Roanne dialysis: 53/day. 26 morning, 23 noon, 4 evening."
P70,HOME_P70,46.09552142098248,4.136313243256235,H1,dialysis,A0014,13:00,P1,high,2.0,prescription_medicale,2026-05-18 13:00:00,780,13:00,240,2026-05-18 17:00:00,1020,17:00,15,1,25,8.489,12.13,8.489,H1,8.489,1,catchment_near_assigned_hospital,8,observed_user_table,"CH Roanne dialysis: 53/day. 26 morning, 23 noon, 4 evening."
P71,HOME_P71,46.02843153334987,4.134806088257573,H1,dialysis,A0017,13:00,P1,high,2.0,vsl_required,2026-05-18 13:00:00,780,13:00,240,2026-05-18 17:00:00,1020,17:00,15,1,25,6.918,9.88,6.918,H2,6.806,1,catchment_near_assigned_hospital,8,observed_user_table,"CH Roanne dialysis: 53/day. 26 morning, 23 noon, 4 evening."
P72,HOME_P72,46.0137260544205,4.095226877215921,H2,dialysis,A0066,13:00,P1,high,2.0,vsl_required,2026-05-18 13:40:00,820,13:40,220,2026-05-18 17:20:00,1040,17:20,15,1,25,5.124,7.32,5.124,H2,5.124,1,catchment_near_assigned_hospital,8,assumption_to_validate,Renaison dialysis: assumed 30/day.
P73,HOME_P73,46.05053756442448,4.102373311182216,H3,dialysis,A0095,08:00,P1,high,2.0,vsl_required,2026-05-18 08:30:00,510,08:30,220,2026-05-18 12:10:00,730,12:10,15,1,25,3.124,5.0,3.124,H1,2.888,1,catchment_near_assigned_hospital,8,assumption_to_validate,Third dialysis center: assumed 24/day.
P74,HOME_P74,46.12931795857897,4.013172384712195,H1,other,A0042,10:30,P2,medium,1.5,standard_assis,2026-05-18 10:35:00,635,10:35,105,2026-05-18 12:20:00,740,12:20,25,1,35,12.024,17.18,12.024,H1,12.024,1,catchment_near_assigned_hospital,12,observed_user_table,CH Roanne other: 49/day.
P75,HOME_P75,46.045731517752756,3.965582244583393,H2,dialysis,A0070,13:00,P1,high,2.0,vsl_required,2026-05-18 13:30:00,810,13:30,265,2026-05-18 17:55:00,1075,17:55,15,1,25,9.958,14.23,9.958,H2,9.958,1,catchment_near_assigned_hospital,8,assumption_to_validate,Renaison dialysis: assumed 30/day.
P76,HOME_P76,46.03699108131856,3.986081308799744,H1,dialysis,A0020,17:00,P1,high,2.0,vsl_required,2026-05-18 17:00:00,1020,17:00,240,2026-05-18 21:00:00,1260,21:00,15,1,25,8.658,12.37,8.658,H2,8.072,1,catchment_near_assigned_hospital,8,observed_user_table,"CH Roanne dialysis: 53/day. 26 morning, 23 noon, 4 evening."
P77,HOME_P77,46.14342486388261,4.019211276487547,H2,other,A0085,10:30,P2,medium,1.5,standard_assis,2026-05-18 10:45:00,645,10:45,40,2026-05-18 11:25:00,685,11:25,25,1,35,14.4,20.57,14.4,H1,13.546,1,catchment_near_assigned_hospital,12,assumption_to_validate,Renaison other: assumed 36/day.
P78,HOME_P78,46.0993976289794,4.0075072707340995,H3,dialysis,A0099,13:00,P1,high,2.0,vsl_required,2026-05-18 13:55:00,835,13:55,270,2026-05-18 18:25:00,1105,18:25,15,1,25,9.135,13.05,9.135,H1,8.976,1,catchment_near_assigned_hospital,8,assumption_to_validate,Third dialysis center: assumed 24/day.
P79,HOME_P79,45.98304600997583,4.067855711498364,H3,dialysis,A0097,13:00,P1,high,2.0,vsl_required,2026-05-18 13:25:00,805,13:25,250,2026-05-18 17:35:00,1055,17:35,15,1,25,9.308,13.3,9.308,H2,8.709,1,catchment_near_assigned_hospital,8,assumption_to_validate,Third dialysis center: assumed 24/day.
P80,HOME_P80,46.13409099375542,4.098215106071946,H1,other,A0038,08:30,P2,medium,1.5,prescription_medicale,2026-05-18 08:30:00,510,08:30,105,2026-05-18 10:15:00,615,10:15,25,1,35,11.496,16.42,11.496,H1,11.496,1,catchment_near_assigned_hospital,12,observed_user_table,CH Roanne other: 49/day.
P81,HOME_P81,45.9691302202912,4.056564430528211,H1,oncology,A0029,11:00,P1,high,2.0,prescription_medicale,2026-05-18 11:50:00,710,11:50,150,2026-05-18 14:20:00,860,14:20,15,1,25,11.802,16.86,11.802,H2,10.708,1,catchment_near_assigned_hospital,10,observed_user_table,CH Roanne chemotherapy: 30/day.
P82,HOME_P82,46.102464444550264,3.973592713199875,H1,oncology,A0032,11:00,P1,high,2.0,vsl_required,2026-05-18 11:55:00,715,11:55,165,2026-05-18 14:40:00,880,14:40,15,1,25,11.748,16.78,11.748,H1,11.748,1,catchment_near_assigned_hospital,10,observed_user_table,CH Roanne chemotherapy: 30/day.
P83,HOME_P83,46.08230980797608,4.020438417986424,H1,dialysis,A0011,13:00,P1,high,2.0,prescription_medicale,2026-05-18 13:00:00,780,13:00,240,2026-05-18 17:00:00,1020,17:00,15,1,25,6.454,9.22,6.454,H1,6.454,1,catchment_near_assigned_hospital,8,observed_user_table,"CH Roanne dialysis: 53/day. 26 morning, 23 noon, 4 evening."
P84,HOME_P84,46.04344438090396,3.985975794490091,H1,other,A0034,08:30,P2,medium,1.5,vsl_required,2026-05-18 09:00:00,540,09:00,80,2026-05-18 10:20:00,620,10:20,25,1,35,8.478,12.11,8.478,H2,7.997,1,catchment_near_assigned_hospital,12,observed_user_table,CH Roanne other: 49/day.
P85,HOME_P85,46.14266603707474,4.018320197997054,H2,other,A0081,08:30,P2,medium,1.5,standard_assis,2026-05-18 08:35:00,515,08:35,40,2026-05-18 09:15:00,555,09:15,25,1,35,14.329,20.47,14.329,H1,13.482,1,catchment_near_assigned_hospital,12,assumption_to_validate,Renaison other: assumed 36/day.
P86,HOME_P86,46.06472260724203,4.14283054921384,H1,dialysis,A0012,13:00,P1,high,2.0,vsl_required,2026-05-18 13:50:00,830,13:50,240,2026-05-18 17:50:00,1070,17:50,15,1,25,6.948,9.93,6.948,H1,6.948,1,catchment_near_assigned_hospital,8,observed_user_table,"CH Roanne dialysis: 53/day. 26 morning, 23 noon, 4 evening."
P87,HOME_P87,46.03938122211747,4.174427855718852,H1,other,A0044,10:30,P2,medium,1.5,standard_assis,2026-05-18 11:30:00,690,11:30,75,2026-05-18 12:45:00,765,12:45,25,1,35,10.003,14.29,10.003,H1,10.003,1,catchment_near_assigned_hospital,12,observed_user_table,CH Roanne other: 49/day.
P88,HOME_P88,46.054327392362865,4.075299703730467,H2,dialysis,A0067,13:00,P1,high,2.0,vsl_required,2026-05-18 13:55:00,835,13:55,250,2026-05-18 18:05:00,1085,18:05,15,1,25,1.353,5.0,1.353,H1,0.289,1,catchment_near_assigned_hospital,8,assumption_to_validate,Renaison dialysis: assumed 30/day.
P89,HOME_P89,45.9848320224716,4.08948215887166,H1,dialysis,A0013,13:00,P1,high,2.0,vsl_required,2026-05-18 13:50:00,830,13:50,240,2026-05-18 17:50:00,1070,17:50,15,1,25,9.653,13.79,9.653,H2,8.693,1,catchment_near_assigned_hospital,8,observed_user_table,"CH Roanne dialysis: 53/day. 26 morning, 23 noon, 4 evening."
P90,HOME_P90,46.07871245656676,4.09386568602075,H1,oncology,A0025,08:00,P1,high,2.0,prescription_medicale,2026-05-18 08:25:00,505,08:25,165,2026-05-18 11:10:00,670,11:10,15,1,25,4.08,5.83,4.08,H1,4.08,1,catchment_near_assigned_hospital,10,observed_user_table,CH Roanne chemotherapy: 30/day.
P91,HOME_P91,45.95253301083766,4.251136633060305,H1,external,A0056,10:30,P3,low,1.0,premium,2026-05-18 11:10:00,670,11:10,20,2026-05-18 11:30:00,690,11:30,35,0,58,22.203,31.72,22.203,H2,21.855,1,catchment_near_assigned_hospital,18,computed_from_user_table,External visits: 75/day * 15% using fleet.
P92,HOME_P92,46.04541709093468,3.9875552686147593,H2,other,A0091,16:30,P2,medium,1.5,standard_assis,2026-05-18 17:35:00,1055,17:35,25,2026-05-18 18:00:00,1080,18:00,25,1,35,7.838,11.2,7.838,H2,7.838,1,catchment_near_assigned_hospital,12,assumption_to_validate,Renaison other: assumed 36/day.
P93,HOME_P93,45.94492681317509,4.216909582406093,H1,external,A0058,12:30,P3,low,1.0,standard_assis,2026-05-18 12:35:00,755,12:35,25,2026-05-18 13:00:00,780,13:00,35,1,53,20.513,29.3,20.513,H2,20.018,1,catchment_near_assigned_hospital,18,computed_from_user_table,External visits: 75/day * 15% using fleet.
P94,HOME_P94,46.01050614953831,4.120553429813506,H1,oncology,A0023,08:00,P1,high,2.0,prescription_medicale,2026-05-18 08:45:00,525,08:45,165,2026-05-18 11:30:00,690,11:30,15,1,25,7.53,10.76,7.53,H2,6.991,1,catchment_near_assigned_hospital,10,observed_user_table,CH Roanne chemotherapy: 30/day.
P95,HOME_P95,45.95314707476184,3.999766772546489,H2,other,A0088,14:00,P2,medium,1.5,vsl_required,2026-05-18 14:45:00,885,14:45,30,2026-05-18 15:15:00,915,15:15,25,1,35,14.489,20.7,14.489,H2,14.489,1,catchment_near_assigned_hospital,12,assumption_to_validate,Renaison other: assumed 36/day.
P96,HOME_P96,46.0293523669924,4.154428259733836,H1,dialysis,A0015,13:00,P1,high,2.0,vsl_required,2026-05-18 13:45:00,825,13:45,240,2026-05-18 17:45:00,1065,17:45,15,1,25,8.559,12.23,8.559,H1,8.559,1,catchment_near_assigned_hospital,8,observed_user_table,"CH Roanne dialysis: 53/day. 26 morning, 23 noon, 4 evening."
P97,HOME_P97,45.99761995223675,3.960417279709246,H1,other,A0035,08:30,P2,medium,1.5,standard_assis,2026-05-18 08:50:00,530,08:50,105,2026-05-18 10:35:00,635,10:35,25,1,35,13.316,19.02,13.316,H2,12.413,1,catchment_near_assigned_hospital,12,observed_user_table,CH Roanne other: 49/day.
P98,HOME_P98,46.00690156932866,4.0580358085889,H2,dialysis,A0065,13:00,P1,high,2.0,prescription_medicale,2026-05-18 13:25:00,805,13:25,220,2026-05-18 17:05:00,1025,17:05,15,1,25,5.492,7.85,5.492,H2,5.492,1,catchment_near_assigned_hospital,8,assumption_to_validate,Renaison dialysis: assumed 30/day.
P99,HOME_P99,46.06072843640038,4.171970728007435,H1,dialysis,A0016,13:00,P1,high,2.0,vsl_required,2026-05-18 13:25:00,805,13:25,240,2026-05-18 17:25:00,1045,17:25,15,1,25,9.631,13.76,9.631,H1,9.631,1,catchment_near_assigned_hospital,8,observed_user_table,"CH Roanne dialysis: 53/day. 26 morning, 23 noon, 4 evening."
P100,HOME_P100,46.01246670910261,4.100147620952348,H2,other,A0086,14:00,P2,medium,1.5,standard_assis,2026-05-18 14:20:00,860,14:20,40,2026-05-18 15:00:00,900,15:00,25,1,35,5.522,7.89,5.522,H2,5.522,1,catchment_near_assigned_hospital,12,assumption_to_validate,Renaison other: assumed 36/day.
