request_id,patient_id,trip_type,origin_point_id,destination_point_id,hospital_id,activity_type,origin_point_type,destination_point_type,distance_km,distance_m,distance_source
R0001,P1,outbound,HOME_P1,H1,H1,other,patient_home,hospital,12.67703,12677.03,haversine_x_road_factor
R0002,P1,return,H1,HOME_P1,H1,other,hospital,patient_home,12.67703,12677.03,haversine_x_road_factor
R0003,P2,outbound,HOME_P2,H1,H1,other,patient_home,hospital,9.32748,9327.48,haversine_x_road_factor
R0004,P2,return,H1,HOME_P2,H1,other,hospital,patient_home,9.32748,9327.48,haversine_x_road_factor
R0005,P3,outbound,HOME_P3,H1,H1,external,patient_home,hospital,16.78443,16784.43,haversine_x_road_factor
R0006,P3,return,H1,HOME_P3,H1,external,hospital,patient_home,16.78443,16784.43,haversine_x_road_factor
R0007,P4,outbound,HOME_P4,H1,H1,dialysis,patient_home,hospital,7.18916,7189.16,haversine_x_road_factor
R0008,P4,return,H1,HOME_P4,H1,dialysis,hospital,patient_home,7.18916,7189.16,haversine_x_road_factor
R0009,P5,outbound,HOME_P5,H1,H1,other,patient_home,hospital,11.07837,11078.37,haversine_x_road_factor
R0010,P5,return,H1,HOME_P5,H1,other,hospital,patient_home,11.07837,11078.37,haversine_x_road_factor
R0011,P6,outbound,HOME_P6,H1,H1,other,patient_home,hospital,8.47509,8475.09,haversine_x_road_factor
R0012,P7,outbound,HOME_P7,H1,H1,oncology,patient_home,hospital,6.62102,6621.02,haversine_x_road_factor
R0013,P7,return,H1,HOME_P7,H1,oncology,hospital,patient_home,6.62102,6621.02,haversine_x_road_factor
R0014,P8,outbound,HOME_P8,H1,H1,oncology,patient_home,hospital,0.67996,679.96,haversine_x_road_factor
R0015,P8,return,H1,HOME_P8,H1,oncology,hospital,patient_home,0.67996,679.96,haversine_x_road_factor
R0016,P9,outbound,HOME_P9,H1,H1,other,patient_home,hospital,11.82563,11825.63,haversine_x_road_factor
R0017,P9,return,H1,HOME_P9,H1,other,hospital,patient_home,11.82563,11825.63,haversine_x_road_factor
R0018,P10,outbound,HOME_P10,H1,H1,dialysis,patient_home,hospital,5.21202,5212.02,haversine_x_road_factor
R0019,P11,outbound,HOME_P11,H1,H1,other,patient_home,hospital,14.66918,14669.18,haversine_x_road_factor
R0020,P11,return,H1,HOME_P11,H1,other,hospital,patient_home,14.66918,14669.18,haversine_x_road_factor
R0021,P12,outbound,HOME_P12,H1,H1,dialysis,patient_home,hospital,9.98002,9980.02,haversine_x_road_factor
R0022,P13,outbound,HOME_P13,H1,H1,dialysis,patient_home,hospital,6.93633,6936.33,haversine_x_road_factor
R0023,P13,return,H1,HOME_P13,H1,dialysis,hospital,patient_home,6.93633,6936.33,haversine_x_road_factor
R0024,P14,outbound,HOME_P14,H1,H1,oncology,patient_home,hospital,3.14391,3143.91,haversine_x_road_factor
R0025,P14,return,H1,HOME_P14,H1,oncology,hospital,patient_home,3.14391,3143.91,haversine_x_road_factor
R0026,P15,outbound,HOME_P15,H1,H1,oncology,patient_home,hospital,12.38102,12381.02,haversine_x_road_factor
R0027,P15,return,H1,HOME_P15,H1,oncology,hospital,patient_home,12.38102,12381.02,haversine_x_road_factor
R0028,P16,outbound,HOME_P16,H1,H1,dialysis,patient_home,hospital,8.17063,8170.63,haversine_x_road_factor
R0029,P17,outbound,HOME_P17,H1,H1,external,patient_home,hospital,20.84685,20846.85,haversine_x_road_factor
R0030,P17,return,H1,HOME_P17,H1,external,hospital,patient_home,20.84685,20846.85,haversine_x_road_factor
R0031,P18,outbound,HOME_P18,H1,H1,dialysis,patient_home,hospital,5.27594,5275.94,haversine_x_road_factor
R0032,P18,return,H1,HOME_P18,H1,dialysis,hospital,patient_home,5.27594,5275.94,haversine_x_road_factor
R0033,P19,outbound,HOME_P19,H1,H1,dialysis,patient_home,hospital,4.04269,4042.69,haversine_x_road_factor
R0034,P20,outbound,HOME_P20,H1,H1,other,patient_home,hospital,8.51694,8516.94,haversine_x_road_factor
