point_id,point_type,lat,lon,patient_id,hospital_id,vehicle_id,label
D0,depot,46.05,4.07,,,,Depot Roanne
H1,hospital,46.0533,4.0727,,H1,,Centre Hospitalier de Roanne
H2,hospital,46.0457,4.0688,,H2,,Clinique du Renaison
VS_V1,vehicle_start,45.99440806536253,4.048372437912018,,,V1,vehicle_start
VS_V2,vehicle_start,46.08719198168405,4.177951404774343,,,V2,vehicle_start
VS_V3,vehicle_start,46.0920361917357,4.08119833691872,,,V3,vehicle_start
VS_V4,vehicle_start,46.08072241369392,4.072451661005201,,,V4,vehicle_start
VS_V5,vehicle_start,46.01447091472798,4.065578179565197,,,V5,vehicle_start
HOME_P1,patient_home,46.04616846548858,4.121574097541875,P1,H2,,patient_home
HOME_P2,patient_home,46.069774460641824,3.9909468006859976,P2,H2,,patient_home
HOME_P3,patient_home,46.04852998460562,4.04318976884073,P3,H1,,patient_home
HOME_P4,patient_home,46.02566608390012,4.146605407220819,P4,H1,,patient_home
HOME_P5,patient_home,45.992891722433285,4.017479792687116,P5,H1,,patient_home
HOME_P6,patient_home,46.003107978765186,4.093430226954733,P6,H1,,patient_home
HOME_P7,patient_home,45.995032387277504,4.174908739744972,P7,H2,,patient_home
HOME_P8,patient_home,46.116867285152814,4.09845424939817,P8,H1,,patient_home
HOME_P9,patient_home,46.09567844892021,4.078313061392068,P9,H1,,patient_home
HOME_P10,patient_home,45.92765909975559,4.022313647583189,P10,H1,,patient_home
HOME_P11,patient_home,46.0702324931377,4.146289413927824,P11,H1,,patient_home
HOME_P12,patient_home,46.08643100212125,3.995403458550453,P12,H1,,patient_home
HOME_P13,patient_home,46.029262201839764,4.088147296535608,P13,H1,,patient_home
HOME_P14,patient_home,46.09677166976636,4.140095945700822,P14,H2,,patient_home
HOME_P15,patient_home,46.082879406356206,4.001199738898071,P15,H1,,patient_home
HOME_P16,patient_home,46.029421971331196,4.0281605092223804,P16,H1,,patient_home
HOME_P17,patient_home,46.044371591744806,4.081442450911068,P17,H2,,patient_home
HOME_P18,patient_home,46.06582085362268,4.1457054536084925,P18,H2,,patient_home
HOME_P19,patient_home,46.027617996816126,4.208347603296333,P19,H2,,patient_home
HOME_P20,patient_home,46.087204490589464,4.093796176160499,P20,H1,,patient_home
