model_node_id,model_node_label,request_id,patient_id,node_role,physical_point_id,lat,lon,service_time_min,q_i,time_window_start_min,time_window_end_min
1,PU_R0001,R0001,P1,pickup,HOME_P1,46.01110725198695,4.083681300031291,5,1,900,947
2,DO_R0001,R0001,P1,dropoff,H2,46.0457,4.0688,5,-1,910,955
3,PU_R0002,R0002,P1,pickup,H2,46.0457,4.0688,5,1,1020,1035
4,DO_R0002,R0002,P1,dropoff,HOME_P1,46.01110725198695,4.083681300031291,5,-1,1020,1075
5,PU_R0003,R0003,P2,pickup,HOME_P2,46.100896187954504,4.080470844693243,5,1,440,485
6,DO_R0003,R0003,P2,dropoff,H1,46.0533,4.0727,5,-1,450,495
7,PU_R0004,R0004,P2,pickup,H1,46.0533,4.0727,5,1,735,750
8,DO_R0004,R0004,P2,dropoff,HOME_P2,46.100896187954504,4.080470844693243,5,-1,735,790
9,PU_R0005,R0005,P3,pickup,HOME_P3,46.10393074289088,4.095868612696793,5,1,510,562
10,DO_R0005,R0005,P3,dropoff,H2,46.0457,4.0688,5,-1,530,575
11,PU_R0006,R0006,P3,pickup,H2,46.0457,4.0688,5,1,605,630
12,DO_R0006,R0006,P3,dropoff,HOME_P3,46.10393074289088,4.095868612696793,5,-1,605,680
13,PU_R0007,R0007,P4,pickup,HOME_P4,46.06305771120449,3.9681422012692873,5,1,465,505
14,DO_R0007,R0007,P4,dropoff,H1,46.0533,4.0727,5,-1,475,520
15,PU_R0008,R0008,P4,pickup,H1,46.0533,4.0727,5,1,695,710
16,DO_R0008,R0008,P4,dropoff,HOME_P4,46.06305771120449,3.9681422012692873,5,-1,695,750
17,PU_R0009,R0009,P5,pickup,HOME_P5,46.19931771952164,4.148175571131522,5,1,914,969
18,DO_R0009,R0009,P5,dropoff,H1,46.0533,4.0727,5,-1,955,1000
19,PU_R0010,R0010,P6,pickup,HOME_P6,46.11257809361693,4.066755832218261,5,1,465,508
20,DO_R0010,R0010,P6,dropoff,H1,46.0533,4.0727,5,-1,475,520
21,PU_R0011,R0011,P6,pickup,H1,46.0533,4.0727,5,1,680,695
22,DO_R0011,R0011,P6,dropoff,HOME_P6,46.11257809361693,4.066755832218261,5,-1,680,735
23,PU_R0012,R0012,P7,pickup,HOME_P7,46.10226103955413,4.15287457990883,5,1,430,470
24,DO_R0012,R0012,P7,dropoff,H1,46.0533,4.0727,5,-1,440,485
25,PU_R0013,R0013,P7,pickup,H1,46.0533,4.0727,5,1,655,670
26,DO_R0013,R0013,P7,dropoff,HOME_P7,46.10226103955413,4.15287457990883,5,-1,655,710
27,PU_R0014,R0014,P8,pickup,HOME_P8,46.12183393064437,3.9778678044339344,5,1,625,671
28,DO_R0014,R0014,P8,dropoff,H1,46.0533,4.0727,5,-1,645,690
29,PU_R0015,R0015,P8,pickup,H1,46.0533,4.0727,5,1,755,780
30,DO_R0015,R0015,P8,dropoff,HOME_P8,46.12183393064437,3.9778678044339344,5,-1,755,830
31,PU_R0016,R0016,P9,pickup,HOME_P9,45.95017439310853,4.124520586618061,5,1,955,999
32,DO_R0016,R0016,P9,dropoff,H2,46.0457,4.0688,5,-1,975,1020
33,PU_R0017,R0017,P10,pickup,HOME_P10,46.08428568376102,4.008946765060329,5,1,965,1009
34,DO_R0017,R0017,P10,dropoff,H1,46.0533,4.0727,5,-1,975,1020
35,PU_R0018,R0018,P11,pickup,HOME_P11,46.040775219496034,3.9818201909486093,5,1,460,502
36,DO_R0018,R0018,P11,dropoff,H1,46.0533,4.0727,5,-1,470,515
37,PU_R0019,R0019,P11,pickup,H1,46.0533,4.0727,5,1,755,770
38,DO_R0019,R0019,P11,dropoff,HOME_P11,46.040775219496034,3.9818201909486093,5,-1,755,810
39,PU_R0020,R0020,P12,pickup,HOME_P12,46.047865144970615,4.164465004330755,5,1,795,837
40,DO_R0020,R0020,P12,dropoff,H1,46.0533,4.0727,5,-1,805,850
41,PU_R0021,R0021,P13,pickup,HOME_P13,46.09130108877315,4.13682892369318,5,1,760,801
42,DO_R0021,R0021,P13,dropoff,H2,46.0457,4.0688,5,-1,770,815
43,PU_R0022,R0022,P14,pickup,HOME_P14,45.987022572261786,3.955640942752149,5,1,830,875
44,DO_R0022,R0022,P14,dropoff,H2,46.0457,4.0688,5,-1,850,895
45,PU_R0023,R0023,P14,pickup,H2,46.0457,4.0688,5,1,925,950
46,DO_R0023,R0023,P14,dropoff,HOME_P14,45.987022572261786,3.955640942752149,5,-1,925,1000
47,PU_R0024,R0024,P15,pickup,HOME_P15,46.03473060948289,4.052318482544291,5,1,585,645
48,DO_R0024,R0024,P15,dropoff,H1,46.0533,4.0727,5,-1,605,650
49,PU_R0025,R0025,P15,pickup,H1,46.0533,4.0727,5,1,725,750
50,DO_R0025,R0025,P15,dropoff,HOME_P15,46.03473060948289,4.052318482544291,5,-1,725,800
51,PU_R0026,R0026,P16,pickup,HOME_P16,45.98410721781799,3.963720856942317,5,1,595,641
52,DO_R0026,R0026,P16,dropoff,H2,46.0457,4.0688,5,-1,615,660
53,PU_R0027,R0027,P16,pickup,H2,46.0457,4.0688,5,1,695,720
54,DO_R0027,R0027,P16,dropoff,HOME_P16,45.98410721781799,3.963720856942317,5,-1,695,770
55,PU_R0028,R0028,P17,pickup,HOME_P17,46.015653158868396,3.9599115330219012,5,1,425,463
56,DO_R0028,R0028,P17,dropoff,H2,46.0457,4.0688,5,-1,435,480
57,PU_R0029,R0029,P17,pickup,H2,46.0457,4.0688,5,1,565,580
58,DO_R0029,R0029,P17,dropoff,HOME_P17,46.015653158868396,3.9599115330219012,5,-1,565,620
59,PU_R0030,R0030,P18,pickup,HOME_P18,45.960707803936714,3.97925070763999,5,1,445,489
60,DO_R0030,R0030,P18,dropoff,H2,46.0457,4.0688,5,-1,465,510
61,PU_R0031,R0031,P18,pickup,H2,46.0457,4.0688,5,1,535,560
62,DO_R0031,R0031,P18,dropoff,HOME_P18,45.960707803936714,3.97925070763999,5,-1,535,610
63,PU_R0032,R0032,P19,pickup,HOME_P19,46.03165519934428,4.144784997239451,5,1,425,469
64,DO_R0032,R0032,P19,dropoff,H2,46.0457,4.0688,5,-1,435,480
65,PU_R0033,R0033,P19,pickup,H2,46.0457,4.0688,5,1,745,760
66,DO_R0033,R0033,P19,dropoff,HOME_P19,46.03165519934428,4.144784997239451,5,-1,745,800
67,PU_R0034,R0034,P20,pickup,HOME_P20,46.09092286876382,4.074953909569841,5,1,795,862
68,DO_R0034,R0034,P20,dropoff,H1,46.0533,4.0727,5,-1,825,870
69,PU_R0035,R0035,P21,pickup,HOME_P21,46.12571630062556,4.032247062052321,5,1,430,469
70,DO_R0035,R0035,P21,dropoff,H1,46.0533,4.0727,5,-1,440,485
71,PU_R0036,R0036,P21,pickup,H1,46.0533,4.0727,5,1,635,650
72,DO_R0036,R0036,P21,dropoff,HOME_P21,46.12571630062556,4.032247062052321,5,-1,635,690
73,PU_R0037,R0037,P22,pickup,HOME_P22,46.10058418457234,4.077017453287601,5,1,825,870
74,DO_R0037,R0037,P22,dropoff,H1,46.0533,4.0727,5,-1,835,880
75,PU_R0038,R0038,P23,pickup,HOME_P23,46.053906250436356,4.044399067659531,5,1,615,665
76,DO_R0038,R0038,P23,dropoff,H1,46.0533,4.0727,5,-1,625,670
77,PU_R0039,R0039,P23,pickup,H1,46.0533,4.0727,5,1,830,845
78,DO_R0039,R0039,P23,dropoff,HOME_P23,46.053906250436356,4.044399067659531,5,-1,830,885
79,PU_R0040,R0040,P24,pickup,HOME_P24,46.11735807602802,4.043543727295697,5,1,655,696
80,DO_R0040,R0040,P24,dropoff,H1,46.0533,4.0727,5,-1,665,710
81,PU_R0041,R0041,P24,pickup,H1,46.0533,4.0727,5,1,880,895
82,DO_R0041,R0041,P24,dropoff,HOME_P24,46.11735807602802,4.043543727295697,5,-1,880,935
83,PU_R0042,R0042,P25,pickup,HOME_P25,46.10589658049913,4.120286432535367,5,1,465,506
84,DO_R0042,R0042,P25,dropoff,H2,46.0457,4.0688,5,-1,475,520
85,PU_R0043,R0043,P25,pickup,H2,46.0457,4.0688,5,1,740,755
86,DO_R0043,R0043,P25,dropoff,HOME_P25,46.10589658049913,4.120286432535367,5,-1,740,795
87,PU_R0044,R0044,P26,pickup,HOME_P26,46.006158018550614,4.037957326409684,5,1,440,486
88,DO_R0044,R0044,P26,dropoff,H2,46.0457,4.0688,5,-1,450,495
89,PU_R0045,R0045,P26,pickup,H2,46.0457,4.0688,5,1,735,750
90,DO_R0045,R0045,P26,dropoff,HOME_P26,46.006158018550614,4.037957326409684,5,-1,735,790
91,PU_R0046,R0046,P27,pickup,HOME_P27,46.12900954136761,4.010341481296315,5,1,455,492
92,DO_R0046,R0046,P27,dropoff,H1,46.0533,4.0727,5,-1,465,510
93,PU_R0047,R0047,P27,pickup,H1,46.0533,4.0727,5,1,690,705
94,DO_R0047,R0047,P27,dropoff,HOME_P27,46.12900954136761,4.010341481296315,5,-1,690,745
95,PU_R0048,R0048,P28,pickup,HOME_P28,46.01043485313589,4.137702222100285,5,1,775,817
96,DO_R0048,R0048,P28,dropoff,H1,46.0533,4.0727,5,-1,785,830
97,PU_R0049,R0049,P29,pickup,HOME_P29,46.03082479879393,4.191446859277395,5,1,485,533
98,DO_R0049,R0049,P29,dropoff,H1,46.0533,4.0727,5,-1,505,550
99,PU_R0050,R0050,P29,pickup,H1,46.0533,4.0727,5,1,610,635
100,DO_R0050,R0050,P29,dropoff,HOME_P29,46.03082479879393,4.191446859277395,5,-1,610,685
101,PU_R0051,R0051,P30,pickup,HOME_P30,46.0749657483027,4.090195398231586,5,1,765,814
102,DO_R0051,R0051,P30,dropoff,H3,46.05,4.07,5,-1,775,820
103,PU_R0052,R0052,P31,pickup,HOME_P31,46.079343539299174,4.015737652924201,5,1,635,680
104,DO_R0052,R0052,P31,dropoff,H1,46.0533,4.0727,5,-1,645,690
105,PU_R0053,R0053,P31,pickup,H1,46.0533,4.0727,5,1,870,885
106,DO_R0053,R0053,P31,dropoff,HOME_P31,46.079343539299174,4.015737652924201,5,-1,870,925
107,PU_R0054,R0054,P32,pickup,HOME_P32,46.09310907680302,4.07400007044574,5,1,440,487
108,DO_R0054,R0054,P32,dropoff,H1,46.0533,4.0727,5,-1,450,495
109,PU_R0055,R0055,P32,pickup,H1,46.0533,4.0727,5,1,735,750
110,DO_R0055,R0055,P32,dropoff,HOME_P32,46.09310907680302,4.07400007044574,5,-1,735,790
111,PU_R0056,R0056,P33,pickup,HOME_P33,46.039910758303854,4.005513409414277,5,1,745,790
112,DO_R0056,R0056,P33,dropoff,H3,46.05,4.07,5,-1,755,800
113,PU_R0057,R0057,P33,pickup,H3,46.05,4.07,5,1,1020,1035
114,DO_R0057,R0057,P33,dropoff,HOME_P33,46.039910758303854,4.005513409414277,5,-1,1020,1075
115,PU_R0058,R0058,P34,pickup,HOME_P34,46.0247642568398,4.072540492095204,5,1,775,824
116,DO_R0058,R0058,P34,dropoff,H1,46.0533,4.0727,5,-1,785,830
117,PU_R0059,R0059,P35,pickup,HOME_P35,46.06450577672452,4.138310990723815,5,1,455,500
118,DO_R0059,R0059,P35,dropoff,H3,46.05,4.07,5,-1,465,510
119,PU_R0060,R0060,P35,pickup,H3,46.05,4.07,5,1,745,760
120,DO_R0060,R0060,P35,dropoff,HOME_P35,46.06450577672452,4.138310990723815,5,-1,745,800
121,PU_R0061,R0061,P36,pickup,HOME_P36,46.03926097879045,4.174046643555219,5,1,440,480
122,DO_R0061,R0061,P36,dropoff,H1,46.0533,4.0727,5,-1,450,495
123,PU_R0062,R0062,P36,pickup,H1,46.0533,4.0727,5,1,735,750
124,DO_R0062,R0062,P36,dropoff,HOME_P36,46.03926097879045,4.174046643555219,5,-1,735,790
125,PU_R0063,R0063,P37,pickup,HOME_P37,46.06626145999103,4.191098987407079,5,1,460,508
126,DO_R0063,R0063,P37,dropoff,H1,46.0533,4.0727,5,-1,480,525
127,PU_R0064,R0064,P37,pickup,H1,46.0533,4.0727,5,1,620,645
128,DO_R0064,R0064,P37,dropoff,HOME_P37,46.06626145999103,4.191098987407079,5,-1,620,695
129,PU_R0065,R0065,P38,pickup,HOME_P38,46.10939608314298,4.120996097463189,5,1,455,497
130,DO_R0065,R0065,P38,dropoff,H1,46.0533,4.0727,5,-1,465,510
131,PU_R0066,R0066,P38,pickup,H1,46.0533,4.0727,5,1,750,765
132,DO_R0066,R0066,P38,dropoff,HOME_P38,46.10939608314298,4.120996097463189,5,-1,750,805
133,PU_R0067,R0067,P39,pickup,HOME_P39,46.0642550831529,4.013382360738636,5,1,610,666
134,DO_R0067,R0067,P39,dropoff,H1,46.0533,4.0727,5,-1,630,675
135,PU_R0068,R0068,P39,pickup,H1,46.0533,4.0727,5,1,765,790
136,DO_R0068,R0068,P39,dropoff,HOME_P39,46.0642550831529,4.013382360738636,5,-1,765,840
137,PU_R0069,R0069,P40,pickup,HOME_P40,45.98914277061434,3.944458981753499,5,1,460,504
138,DO_R0069,R0069,P40,dropoff,H2,46.0457,4.0688,5,-1,480,525
139,PU_R0070,R0070,P40,pickup,H2,46.0457,4.0688,5,1,555,580
140,DO_R0070,R0070,P40,dropoff,HOME_P40,45.98914277061434,3.944458981753499,5,-1,555,630
141,PU_R0071,R0071,P41,pickup,HOME_P41,46.05956772090763,4.015331055980089,5,1,435,481
142,DO_R0071,R0071,P41,dropoff,H1,46.0533,4.0727,5,-1,445,490
143,PU_R0072,R0072,P41,pickup,H1,46.0533,4.0727,5,1,650,665
144,DO_R0072,R0072,P41,dropoff,HOME_P41,46.05956772090763,4.015331055980089,5,-1,650,705
145,PU_R0073,R0073,P42,pickup,HOME_P42,46.01578668487438,4.008533984589907,5,1,450,503
146,DO_R0073,R0073,P42,dropoff,H1,46.0533,4.0727,5,-1,470,515
147,PU_R0074,R0074,P42,pickup,H1,46.0533,4.0727,5,1,615,640
148,DO_R0074,R0074,P42,dropoff,HOME_P42,46.01578668487438,4.008533984589907,5,-1,615,690
149,PU_R0075,R0075,P43,pickup,HOME_P43,46.09646847692903,3.96955390444284,5,1,475,513
150,DO_R0075,R0075,P43,dropoff,H1,46.0533,4.0727,5,-1,485,530
151,PU_R0076,R0076,P43,pickup,H1,46.0533,4.0727,5,1,710,725
152,DO_R0076,R0076,P43,dropoff,HOME_P43,46.09646847692903,3.96955390444284,5,-1,710,765
153,PU_R0077,R0077,P44,pickup,HOME_P44,46.00825407090615,4.097749985390631,5,1,515,571
154,DO_R0077,R0077,P44,dropoff,H2,46.0457,4.0688,5,-1,535,580
155,PU_R0078,R0078,P44,pickup,H2,46.0457,4.0688,5,1,610,635
156,DO_R0078,R0078,P44,dropoff,HOME_P44,46.00825407090615,4.097749985390631,5,-1,610,685
157,PU_R0079,R0079,P45,pickup,HOME_P45,46.04669666660109,4.037575851142276,5,1,425,475
158,DO_R0079,R0079,P45,dropoff,H3,46.05,4.07,5,-1,435,480
159,PU_R0080,R0080,P45,pickup,H3,46.05,4.07,5,1,690,705
160,DO_R0080,R0080,P45,dropoff,HOME_P45,46.04669666660109,4.037575851142276,5,-1,690,745
161,PU_R0081,R0081,P46,pickup,HOME_P46,46.03015110514187,3.9760430318158195,5,1,430,471
162,DO_R0081,R0081,P46,dropoff,H2,46.0457,4.0688,5,-1,440,485
163,PU_R0082,R0082,P46,pickup,H2,46.0457,4.0688,5,1,750,765
164,DO_R0082,R0082,P46,dropoff,HOME_P46,46.03015110514187,3.9760430318158195,5,-1,750,805
165,PU_R0083,R0083,P47,pickup,HOME_P47,45.99221023679173,4.094817839836738,5,1,465,508
166,DO_R0083,R0083,P47,dropoff,H2,46.0457,4.0688,5,-1,475,520
167,PU_R0084,R0084,P47,pickup,H2,46.0457,4.0688,5,1,770,785
168,DO_R0084,R0084,P47,dropoff,HOME_P47,45.99221023679173,4.094817839836738,5,-1,770,825
169,PU_R0085,R0085,P48,pickup,HOME_P48,46.123369555310404,4.1521174067601585,5,1,635,672
170,DO_R0085,R0085,P48,dropoff,H1,46.0533,4.0727,5,-1,645,690
171,PU_R0086,R0086,P48,pickup,H1,46.0533,4.0727,5,1,850,865
172,DO_R0086,R0086,P48,dropoff,HOME_P48,46.123369555310404,4.1521174067601585,5,-1,850,905
173,PU_R0087,R0087,P49,pickup,HOME_P49,46.0263620301079,3.9559859414515777,5,1,615,653
174,DO_R0087,R0087,P49,dropoff,H1,46.0533,4.0727,5,-1,625,670
175,PU_R0088,R0088,P49,pickup,H1,46.0533,4.0727,5,1,835,850
176,DO_R0088,R0088,P49,dropoff,HOME_P49,46.0263620301079,3.9559859414515777,5,-1,835,890
177,PU_R0089,R0089,P50,pickup,HOME_P50,46.09164006403473,4.007646985776071,5,1,745,788
178,DO_R0089,R0089,P50,dropoff,H1,46.0533,4.0727,5,-1,755,800
179,PU_R0090,R0090,P51,pickup,HOME_P51,45.99038835543995,4.073629388436897,5,1,465,517
180,DO_R0090,R0090,P51,dropoff,H1,46.0533,4.0727,5,-1,485,530
181,PU_R0091,R0091,P51,pickup,H1,46.0533,4.0727,5,1,610,635
182,DO_R0091,R0091,P51,dropoff,HOME_P51,45.99038835543995,4.073629388436897,5,-1,610,685
183,PU_R0092,R0092,P52,pickup,HOME_P52,46.03524978705038,4.146633926277288,5,1,760,804
184,DO_R0092,R0092,P52,dropoff,H1,46.0533,4.0727,5,-1,770,815
185,PU_R0093,R0093,P53,pickup,HOME_P53,46.088794093450204,4.028125942509309,5,1,465,510
186,DO_R0093,R0093,P53,dropoff,H3,46.05,4.07,5,-1,475,520
187,PU_R0094,R0094,P53,pickup,H3,46.05,4.07,5,1,790,805
188,DO_R0094,R0094,P53,dropoff,HOME_P53,46.088794093450204,4.028125942509309,5,-1,790,845
189,PU_R0095,R0095,P54,pickup,HOME_P54,46.0877549486887,4.150174200996331,5,1,480,522
190,DO_R0095,R0095,P54,dropoff,H1,46.0533,4.0727,5,-1,490,535
191,PU_R0096,R0096,P54,pickup,H1,46.0533,4.0727,5,1,775,790
192,DO_R0096,R0096,P54,dropoff,HOME_P54,46.0877549486887,4.150174200996331,5,-1,775,830
193,PU_R0097,R0097,P55,pickup,HOME_P55,46.04701546733822,4.094755062526251,5,1,480,530
194,DO_R0097,R0097,P55,dropoff,H1,46.0533,4.0727,5,-1,490,535
195,PU_R0098,R0098,P55,pickup,H1,46.0533,4.0727,5,1,775,790
196,DO_R0098,R0098,P55,dropoff,HOME_P55,46.04701546733822,4.094755062526251,5,-1,775,830
197,PU_R0099,R0099,P56,pickup,HOME_P56,46.065077862268026,4.049144446467879,5,1,565,625
198,DO_R0099,R0099,P56,dropoff,H1,46.0533,4.0727,5,-1,585,630
199,PU_R0100,R0100,P56,pickup,H1,46.0533,4.0727,5,1,710,735
200,DO_R0100,R0100,P56,dropoff,HOME_P56,46.065077862268026,4.049144446467879,5,-1,710,785
201,PU_R0101,R0101,P57,pickup,HOME_P57,46.004053845676445,4.131555357416721,5,1,595,647
202,DO_R0101,R0101,P57,dropoff,H1,46.0533,4.0727,5,-1,615,660
203,PU_R0102,R0102,P57,pickup,H1,46.0533,4.0727,5,1,760,785
204,DO_R0102,R0102,P57,dropoff,HOME_P57,46.004053845676445,4.131555357416721,5,-1,760,835
205,PU_R0103,R0103,P58,pickup,HOME_P58,46.03852384500802,4.093860985229633,5,1,760,810
206,DO_R0103,R0103,P58,dropoff,H3,46.05,4.07,5,-1,770,815
207,PU_R0104,R0104,P59,pickup,HOME_P59,46.00786100075937,4.044575966164427,5,1,480,526
208,DO_R0104,R0104,P59,dropoff,H2,46.0457,4.0688,5,-1,490,535
209,PU_R0105,R0105,P59,pickup,H2,46.0457,4.0688,5,1,785,800
210,DO_R0105,R0105,P59,dropoff,HOME_P59,46.00786100075937,4.044575966164427,5,-1,785,840
211,PU_R0106,R0106,P60,pickup,HOME_P60,46.13438330551289,3.9799720319160965,5,1,450,493
212,DO_R0106,R0106,P60,dropoff,H2,46.0457,4.0688,5,-1,470,515
213,PU_R0107,R0107,P60,pickup,H2,46.0457,4.0688,5,1,545,570
214,DO_R0107,R0107,P60,dropoff,HOME_P60,46.13438330551289,3.9799720319160965,5,-1,545,620
215,PU_R0108,R0108,P61,pickup,HOME_P61,46.101362069627186,4.1053530697649725,5,1,795,847
216,DO_R0108,R0108,P61,dropoff,H2,46.0457,4.0688,5,-1,815,860
217,PU_R0109,R0109,P61,pickup,H2,46.0457,4.0688,5,1,890,915
218,DO_R0109,R0109,P61,dropoff,HOME_P61,46.101362069627186,4.1053530697649725,5,-1,890,965
219,PU_R0110,R0110,P62,pickup,HOME_P62,46.101003929258006,4.1569117991978395,5,1,505,555
220,DO_R0110,R0110,P62,dropoff,H1,46.0533,4.0727,5,-1,525,570
221,PU_R0111,R0111,P62,pickup,H1,46.0533,4.0727,5,1,640,665
222,DO_R0111,R0111,P62,dropoff,HOME_P62,46.101003929258006,4.1569117991978395,5,-1,640,715
223,PU_R0112,R0112,P63,pickup,HOME_P63,46.03698418813049,4.074770185807234,5,1,740,790
224,DO_R0112,R0112,P63,dropoff,H1,46.0533,4.0727,5,-1,750,795
225,PU_R0113,R0113,P64,pickup,HOME_P64,46.02531642788433,4.078914824482083,5,1,450,499
226,DO_R0113,R0113,P64,dropoff,H1,46.0533,4.0727,5,-1,460,505
227,PU_R0114,R0114,P64,pickup,H1,46.0533,4.0727,5,1,745,760
228,DO_R0114,R0114,P64,dropoff,HOME_P64,46.02531642788433,4.078914824482083,5,-1,745,800
229,PU_R0115,R0115,P65,pickup,HOME_P65,46.10123615882107,4.118702944963464,5,1,605,657
230,DO_R0115,R0115,P65,dropoff,H2,46.0457,4.0688,5,-1,625,670
231,PU_R0116,R0116,P65,pickup,H2,46.0457,4.0688,5,1,700,725
232,DO_R0116,R0116,P65,dropoff,HOME_P65,46.10123615882107,4.118702944963464,5,-1,700,775
233,PU_R0117,R0117,P66,pickup,HOME_P66,45.97660196025891,4.01307775305656,5,1,565,612
234,DO_R0117,R0117,P66,dropoff,H1,46.0533,4.0727,5,-1,585,630
235,PU_R0118,R0118,P66,pickup,H1,46.0533,4.0727,5,1,715,740
236,DO_R0118,R0118,P66,dropoff,HOME_P66,45.97660196025891,4.01307775305656,5,-1,715,790
237,PU_R0119,R0119,P67,pickup,HOME_P67,46.052147183261894,3.9994330931124358,5,1,695,759
238,DO_R0119,R0119,P67,dropoff,H1,46.0533,4.0727,5,-1,725,770
239,PU_R0120,R0120,P67,pickup,H1,46.0533,4.0727,5,1,800,835
240,DO_R0120,R0120,P67,dropoff,HOME_P67,46.052147183261894,3.9994330931124358,5,-1,800,895
241,PU_R0121,R0121,P68,pickup,HOME_P68,46.02777197691882,4.208024882312387,5,1,800,845
242,DO_R0121,R0121,P68,dropoff,H1,46.0533,4.0727,5,-1,820,865
243,PU_R0122,R0122,P69,pickup,HOME_P69,45.98719056415657,3.9779187903125335,5,1,820,866
244,DO_R0122,R0122,P69,dropoff,H1,46.0533,4.0727,5,-1,840,885
245,PU_R0123,R0123,P69,pickup,H1,46.0533,4.0727,5,1,945,970
246,DO_R0123,R0123,P69,dropoff,HOME_P69,45.98719056415657,3.9779187903125335,5,-1,945,1020
247,PU_R0124,R0124,P70,pickup,HOME_P70,46.08040183847176,4.171131355430278,5,1,635,684
248,DO_R0124,R0124,P70,dropoff,H2,46.0457,4.0688,5,-1,655,700
249,PU_R0125,R0125,P70,pickup,H2,46.0457,4.0688,5,1,725,750
250,DO_R0125,R0125,P70,dropoff,HOME_P70,46.08040183847176,4.171131355430278,5,-1,725,800
251,PU_R0126,R0126,P71,pickup,HOME_P71,46.01398581891337,3.995267616399579,5,1,780,823
252,DO_R0126,R0126,P71,dropoff,H2,46.0457,4.0688,5,-1,790,835
253,PU_R0127,R0127,P72,pickup,HOME_P72,46.01762036080408,4.158397362013739,5,1,655,696
254,DO_R0127,R0127,P72,dropoff,H1,46.0533,4.0727,5,-1,665,710
255,PU_R0128,R0128,P72,pickup,H1,46.0533,4.0727,5,1,860,875
256,DO_R0128,R0128,P72,dropoff,HOME_P72,46.01762036080408,4.158397362013739,5,-1,860,915
257,PU_R0129,R0129,P73,pickup,HOME_P73,46.10166820761975,4.029481285240051,5,1,755,797
258,DO_R0129,R0129,P73,dropoff,H2,46.0457,4.0688,5,-1,765,810
259,PU_R0130,R0130,P73,pickup,H2,46.0457,4.0688,5,1,1020,1035
260,DO_R0130,R0130,P73,dropoff,HOME_P73,46.10166820761975,4.029481285240051,5,-1,1020,1075
261,PU_R0131,R0131,P74,pickup,HOME_P74,46.039952134459135,4.0612777557222195,5,1,440,490
262,DO_R0131,R0131,P74,dropoff,H2,46.0457,4.0688,5,-1,450,495
263,PU_R0132,R0132,P74,pickup,H2,46.0457,4.0688,5,1,735,750
264,DO_R0132,R0132,P74,dropoff,HOME_P74,46.039952134459135,4.0612777557222195,5,-1,735,790
265,PU_R0133,R0133,P75,pickup,HOME_P75,46.029423185258096,4.066530182024733,5,1,455,505
266,DO_R0133,R0133,P75,dropoff,H3,46.05,4.07,5,-1,465,510
267,PU_R0134,R0134,P75,pickup,H3,46.05,4.07,5,1,745,760
268,DO_R0134,R0134,P75,dropoff,HOME_P75,46.029423185258096,4.066530182024733,5,-1,745,800
269,PU_R0135,R0135,P76,pickup,HOME_P76,46.12665626256436,4.0936541362608425,5,1,425,465
270,DO_R0135,R0135,P76,dropoff,H1,46.0533,4.0727,5,-1,435,480
271,PU_R0136,R0136,P76,pickup,H1,46.0533,4.0727,5,1,630,645
272,DO_R0136,R0136,P76,dropoff,HOME_P76,46.12665626256436,4.0936541362608425,5,-1,630,685
273,PU_R0137,R0137,P77,pickup,HOME_P77,46.09226273315716,4.015109749956597,5,1,965,1008
274,DO_R0137,R0137,P77,dropoff,H1,46.0533,4.0727,5,-1,975,1020
275,PU_R0138,R0138,P78,pickup,HOME_P78,45.984116405926315,4.063959433751211,5,1,430,472
276,DO_R0138,R0138,P78,dropoff,H2,46.0457,4.0688,5,-1,440,485
277,PU_R0139,R0139,P78,pickup,H2,46.0457,4.0688,5,1,805,820
278,DO_R0139,R0139,P78,dropoff,HOME_P78,45.984116405926315,4.063959433751211,5,-1,805,860
279,PU_R0140,R0140,P79,pickup,HOME_P79,46.11784514439883,3.996170013867314,5,1,650,688
280,DO_R0140,R0140,P79,dropoff,H1,46.0533,4.0727,5,-1,660,705
281,PU_R0141,R0141,P79,pickup,H1,46.0533,4.0727,5,1,875,890
282,DO_R0141,R0141,P79,dropoff,HOME_P79,46.11784514439883,3.996170013867314,5,-1,875,930
283,PU_R0142,R0142,P80,pickup,HOME_P80,45.991561968741266,4.0436262910189384,5,1,470,513
284,DO_R0142,R0142,P80,dropoff,H2,46.0457,4.0688,5,-1,480,525
285,PU_R0143,R0143,P80,pickup,H2,46.0457,4.0688,5,1,720,735
286,DO_R0143,R0143,P80,dropoff,HOME_P80,45.991561968741266,4.0436262910189384,5,-1,720,775
287,PU_R0144,R0144,P81,pickup,HOME_P81,46.07731871688917,4.132687634231593,5,1,960,1015
288,DO_R0144,R0144,P81,dropoff,H1,46.0533,4.0727,5,-1,980,1025
289,PU_R0145,R0145,P82,pickup,HOME_P82,46.01496567522389,4.040502933008917,5,1,765,812
290,DO_R0145,R0145,P82,dropoff,H2,46.0457,4.0688,5,-1,775,820
291,PU_R0146,R0146,P83,pickup,HOME_P83,46.110839936538085,4.0304298791546005,5,1,750,791
292,DO_R0146,R0146,P83,dropoff,H3,46.05,4.07,5,-1,760,805
293,PU_R0147,R0147,P84,pickup,HOME_P84,46.03686010759014,4.144976739085861,5,1,460,504
294,DO_R0147,R0147,P84,dropoff,H1,46.0533,4.0727,5,-1,470,515
295,PU_R0148,R0148,P84,pickup,H1,46.0533,4.0727,5,1,665,680
296,DO_R0148,R0148,P84,dropoff,HOME_P84,46.03686010759014,4.144976739085861,5,-1,665,720
297,PU_R0149,R0149,P85,pickup,HOME_P85,46.0660962838263,4.0251727947131455,5,1,445,502
298,DO_R0149,R0149,P85,dropoff,H1,46.0533,4.0727,5,-1,465,510
299,PU_R0150,R0150,P85,pickup,H1,46.0533,4.0727,5,1,625,650
300,DO_R0150,R0150,P85,dropoff,HOME_P85,46.0660962838263,4.0251727947131455,5,-1,625,700
301,PU_R0151,R0151,P86,pickup,HOME_P86,46.06654662695693,3.9880337099640757,5,1,735,778
302,DO_R0151,R0151,P86,dropoff,H1,46.0533,4.0727,5,-1,745,790
303,PU_R0152,R0152,P87,pickup,HOME_P87,45.986570691415494,4.05534257647429,5,1,440,483
304,DO_R0152,R0152,P87,dropoff,H2,46.0457,4.0688,5,-1,450,495
305,PU_R0153,R0153,P87,pickup,H2,46.0457,4.0688,5,1,755,770
306,DO_R0153,R0153,P87,dropoff,HOME_P87,45.986570691415494,4.05534257647429,5,-1,755,810
307,PU_R0154,R0154,P88,pickup,HOME_P88,46.13540948436278,4.102823591147802,5,1,960,1008
308,DO_R0154,R0154,P88,dropoff,H1,46.0533,4.0727,5,-1,980,1025
309,PU_R0155,R0155,P89,pickup,HOME_P89,46.04222208172553,4.014557425853112,5,1,765,812
310,DO_R0155,R0155,P89,dropoff,H2,46.0457,4.0688,5,-1,775,820
311,PU_R0156,R0156,P90,pickup,HOME_P90,46.103222355420286,4.077269961822053,5,1,755,798
312,DO_R0156,R0156,P90,dropoff,H2,46.0457,4.0688,5,-1,765,810
313,PU_R0157,R0157,P91,pickup,HOME_P91,45.979595631132725,4.085889188000347,5,1,765,805
314,DO_R0157,R0157,P91,dropoff,H3,46.05,4.07,5,-1,775,820
315,PU_R0158,R0158,P92,pickup,HOME_P92,45.98857771698914,3.938469912649599,5,1,505,548
316,DO_R0158,R0158,P92,dropoff,H2,46.0457,4.0688,5,-1,525,570
317,PU_R0159,R0159,P92,pickup,H2,46.0457,4.0688,5,1,610,635
318,DO_R0159,R0159,P92,dropoff,HOME_P92,45.98857771698914,3.938469912649599,5,-1,610,685
319,PU_R0160,R0160,P93,pickup,HOME_P93,46.03975625882111,4.1698034293950865,5,1,745,786
320,DO_R0160,R0160,P93,dropoff,H1,46.0533,4.0727,5,-1,755,800
321,PU_R0161,R0161,P94,pickup,HOME_P94,46.010990337698914,4.156049340335958,5,1,430,470
322,DO_R0161,R0161,P94,dropoff,H3,46.05,4.07,5,-1,440,485
323,PU_R0162,R0162,P94,pickup,H3,46.05,4.07,5,1,720,735
324,DO_R0162,R0162,P94,dropoff,HOME_P94,46.010990337698914,4.156049340335958,5,-1,720,775
325,PU_R0163,R0163,P95,pickup,HOME_P95,45.97670408805629,4.019808313815577,5,1,505,553
326,DO_R0163,R0163,P95,dropoff,H1,46.0533,4.0727,5,-1,525,570
327,PU_R0164,R0164,P96,pickup,HOME_P96,46.08767346538661,3.9590758342627845,5,1,450,487
328,DO_R0164,R0164,P96,dropoff,H1,46.0533,4.0727,5,-1,460,505
329,PU_R0165,R0165,P96,pickup,H1,46.0533,4.0727,5,1,665,680
330,DO_R0165,R0165,P96,dropoff,HOME_P96,46.08767346538661,3.9590758342627845,5,-1,665,720
331,PU_R0166,R0166,P97,pickup,HOME_P97,46.050282963660955,4.093532782958266,5,1,475,525
332,DO_R0166,R0166,P97,dropoff,H1,46.0533,4.0727,5,-1,485,530
333,PU_R0167,R0167,P97,pickup,H1,46.0533,4.0727,5,1,770,785
334,DO_R0167,R0167,P97,dropoff,HOME_P97,46.050282963660955,4.093532782958266,5,-1,770,825
335,PU_R0168,R0168,P98,pickup,HOME_P98,46.01439885170507,4.159331369299413,5,1,1010,1051
336,DO_R0168,R0168,P98,dropoff,H2,46.0457,4.0688,5,-1,1020,1065
337,PU_R0169,R0169,P99,pickup,HOME_P99,46.0202856636231,4.157346851424242,5,1,455,496
338,DO_R0169,R0169,P99,dropoff,H2,46.0457,4.0688,5,-1,465,510
339,PU_R0170,R0170,P99,pickup,H2,46.0457,4.0688,5,1,765,780
340,DO_R0170,R0170,P99,dropoff,HOME_P99,46.0202856636231,4.157346851424242,5,-1,765,820
341,PU_R0171,R0171,P100,pickup,HOME_P100,46.068577884740584,4.032810796394829,5,1,1010,1058
342,DO_R0171,R0171,P100,dropoff,H3,46.05,4.07,5,-1,1020,1065
343,PU_R0172,R0172,P101,pickup,HOME_P101,45.96963924154961,4.054834010557744,5,1,640,689
344,DO_R0172,R0172,P101,dropoff,H2,46.0457,4.0688,5,-1,660,705
345,PU_R0173,R0173,P101,pickup,H2,46.0457,4.0688,5,1,745,770
346,DO_R0173,R0173,P101,dropoff,HOME_P101,45.96963924154961,4.054834010557744,5,-1,745,820
347,PU_R0174,R0174,P102,pickup,HOME_P102,46.082786027402456,4.028194374077122,5,1,425,471
348,DO_R0174,R0174,P102,dropoff,H1,46.0533,4.0727,5,-1,435,480
349,PU_R0175,R0175,P102,pickup,H1,46.0533,4.0727,5,1,720,735
350,DO_R0175,R0175,P102,dropoff,HOME_P102,46.082786027402456,4.028194374077122,5,-1,720,775
351,PU_R0176,R0176,P103,pickup,HOME_P103,46.00820977354488,4.069369653085563,5,1,470,517
352,DO_R0176,R0176,P103,dropoff,H2,46.0457,4.0688,5,-1,480,525
353,PU_R0177,R0177,P103,pickup,H2,46.0457,4.0688,5,1,730,745
354,DO_R0177,R0177,P103,dropoff,HOME_P103,46.00820977354488,4.069369653085563,5,-1,730,785
355,PU_R0178,R0178,P104,pickup,HOME_P104,46.04020358185801,4.13642620298027,5,1,460,505
356,DO_R0178,R0178,P104,dropoff,H3,46.05,4.07,5,-1,470,515
357,PU_R0179,R0179,P104,pickup,H3,46.05,4.07,5,1,770,785
358,DO_R0179,R0179,P104,dropoff,HOME_P104,46.04020358185801,4.13642620298027,5,-1,770,825
359,PU_R0180,R0180,P105,pickup,HOME_P105,45.986124252324416,4.129618462382394,5,1,800,850
360,DO_R0180,R0180,P105,dropoff,H2,46.0457,4.0688,5,-1,820,865
361,PU_R0181,R0181,P105,pickup,H2,46.0457,4.0688,5,1,905,930
362,DO_R0181,R0181,P105,dropoff,HOME_P105,45.986124252324416,4.129618462382394,5,-1,905,980
363,PU_R0182,R0182,P106,pickup,HOME_P106,46.08580138978016,4.153315301380565,5,1,430,470
364,DO_R0182,R0182,P106,dropoff,H2,46.0457,4.0688,5,-1,440,485
365,PU_R0183,R0183,P106,pickup,H2,46.0457,4.0688,5,1,750,765
366,DO_R0183,R0183,P106,dropoff,HOME_P106,46.08580138978016,4.153315301380565,5,-1,750,805
367,PU_R0184,R0184,P107,pickup,HOME_P107,45.975872471728024,4.065685656651401,5,1,515,564
368,DO_R0184,R0184,P107,dropoff,H1,46.0533,4.0727,5,-1,535,580
369,PU_R0185,R0185,P107,pickup,H1,46.0533,4.0727,5,1,645,670
370,DO_R0185,R0185,P107,dropoff,HOME_P107,45.975872471728024,4.065685656651401,5,-1,645,720
371,PU_R0186,R0186,P108,pickup,HOME_P108,46.07352985954691,3.956235523994364,5,1,545,603
372,DO_R0186,R0186,P108,dropoff,H1,46.0533,4.0727,5,-1,575,620
373,PU_R0187,R0187,P108,pickup,H1,46.0533,4.0727,5,1,640,675
374,DO_R0187,R0187,P108,dropoff,HOME_P108,46.07352985954691,3.956235523994364,5,-1,640,735
375,PU_R0188,R0188,P109,pickup,HOME_P109,46.04092931103028,4.145235690505127,5,1,750,794
376,DO_R0188,R0188,P109,dropoff,H1,46.0533,4.0727,5,-1,760,805
377,PU_R0189,R0189,P110,pickup,HOME_P110,46.01578282067078,3.976702274092968,5,1,425,465
378,DO_R0189,R0189,P110,dropoff,H2,46.0457,4.0688,5,-1,435,480
379,PU_R0190,R0190,P110,pickup,H2,46.0457,4.0688,5,1,700,715
380,DO_R0190,R0190,P110,dropoff,HOME_P110,46.01578282067078,3.976702274092968,5,-1,700,755
381,PU_R0191,R0191,P111,pickup,HOME_P111,45.95925228504013,4.090199538939419,5,1,480,517
382,DO_R0191,R0191,P111,dropoff,H2,46.0457,4.0688,5,-1,490,535
383,PU_R0192,R0192,P111,pickup,H2,46.0457,4.0688,5,1,680,695
384,DO_R0192,R0192,P111,dropoff,HOME_P111,45.95925228504013,4.090199538939419,5,-1,680,735
385,PU_R0193,R0193,P112,pickup,HOME_P112,45.994242643742595,4.077804481768608,5,1,825,878
386,DO_R0193,R0193,P112,dropoff,H1,46.0533,4.0727,5,-1,845,890
387,PU_R0194,R0194,P112,pickup,H1,46.0533,4.0727,5,1,995,1020
388,DO_R0194,R0194,P112,dropoff,HOME_P112,45.994242643742595,4.077804481768608,5,-1,995,1070
389,PU_R0195,R0195,P113,pickup,HOME_P113,46.093128793046326,4.046630191939233,5,1,825,881
390,DO_R0195,R0195,P113,dropoff,H1,46.0533,4.0727,5,-1,845,890
391,PU_R0196,R0196,P113,pickup,H1,46.0533,4.0727,5,1,970,995
392,DO_R0196,R0196,P113,dropoff,HOME_P113,46.093128793046326,4.046630191939233,5,-1,970,1045
393,PU_R0197,R0197,P114,pickup,HOME_P114,46.03086292141829,4.078740033712426,5,1,965,1025
394,DO_R0197,R0197,P114,dropoff,H1,46.0533,4.0727,5,-1,985,1030
395,PU_R0198,R0198,P115,pickup,HOME_P115,46.038474819136624,4.147014915891572,5,1,735,779
396,DO_R0198,R0198,P115,dropoff,H1,46.0533,4.0727,5,-1,745,790
397,PU_R0199,R0199,P116,pickup,HOME_P116,46.05561422697129,3.973301837254298,5,1,480,521
398,DO_R0199,R0199,P116,dropoff,H3,46.05,4.07,5,-1,490,535
399,PU_R0200,R0200,P116,pickup,H3,46.05,4.07,5,1,770,785
400,DO_R0200,R0200,P116,dropoff,HOME_P116,46.05561422697129,3.973301837254298,5,-1,770,825
401,PU_R0201,R0201,P117,pickup,HOME_P117,46.11488500098489,3.963261345274648,5,1,1010,1054
402,DO_R0201,R0201,P117,dropoff,H2,46.0457,4.0688,5,-1,1030,1075
403,PU_R0202,R0202,P118,pickup,HOME_P118,46.021871293634064,4.0058934311425105,5,1,765,810
404,DO_R0202,R0202,P118,dropoff,H2,46.0457,4.0688,5,-1,775,820
405,PU_R0203,R0203,P119,pickup,HOME_P119,46.12918298987092,4.09509560355427,5,1,850,898
406,DO_R0203,R0203,P119,dropoff,H2,46.0457,4.0688,5,-1,870,915
407,PU_R0204,R0204,P119,pickup,H2,46.0457,4.0688,5,1,945,970
408,DO_R0204,R0204,P119,dropoff,HOME_P119,46.12918298987092,4.09509560355427,5,-1,945,1020
409,PU_R0205,R0205,P120,pickup,HOME_P120,46.01567644587519,4.1401678417333825,5,1,985,1028
410,DO_R0205,R0205,P120,dropoff,H1,46.0533,4.0727,5,-1,995,1040
411,PU_R0206,R0206,P121,pickup,HOME_P121,46.03996085720236,4.0155805783324405,5,1,645,701
412,DO_R0206,R0206,P121,dropoff,H1,46.0533,4.0727,5,-1,665,710
413,PU_R0207,R0207,P121,pickup,H1,46.0533,4.0727,5,1,790,815
414,DO_R0207,R0207,P121,dropoff,HOME_P121,46.03996085720236,4.0155805783324405,5,-1,790,865
415,PU_R0208,R0208,P122,pickup,HOME_P122,46.01978121818808,4.006536735806905,5,1,445,488
416,DO_R0208,R0208,P122,dropoff,H1,46.0533,4.0727,5,-1,455,500
417,PU_R0209,R0209,P122,pickup,H1,46.0533,4.0727,5,1,740,755
418,DO_R0209,R0209,P122,dropoff,HOME_P122,46.01978121818808,4.006536735806905,5,-1,740,795
419,PU_R0210,R0210,P123,pickup,HOME_P123,46.09727340780766,4.029845347443502,5,1,465,509
420,DO_R0210,R0210,P123,dropoff,H1,46.0533,4.0727,5,-1,475,520
421,PU_R0211,R0211,P123,pickup,H1,46.0533,4.0727,5,1,760,775
422,DO_R0211,R0211,P123,dropoff,HOME_P123,46.09727340780766,4.029845347443502,5,-1,760,815
423,PU_R0212,R0212,P124,pickup,HOME_P124,46.04044452864793,4.209710220649952,5,1,580,625
424,DO_R0212,R0212,P124,dropoff,H1,46.0533,4.0727,5,-1,600,645
425,PU_R0213,R0213,P125,pickup,HOME_P125,46.11039974790953,4.014994674240644,5,1,465,505
426,DO_R0213,R0213,P125,dropoff,H3,46.05,4.07,5,-1,475,520
427,PU_R0214,R0214,P125,pickup,H3,46.05,4.07,5,1,790,805
428,DO_R0214,R0214,P125,dropoff,HOME_P125,46.11039974790953,4.014994674240644,5,-1,790,845
429,PU_R0215,R0215,P126,pickup,HOME_P126,46.003437020754525,3.988122687738292,5,1,475,516
430,DO_R0215,R0215,P126,dropoff,H2,46.0457,4.0688,5,-1,485,530
431,PU_R0216,R0216,P126,pickup,H2,46.0457,4.0688,5,1,760,775
432,DO_R0216,R0216,P126,dropoff,HOME_P126,46.003437020754525,3.988122687738292,5,-1,760,815
433,PU_R0217,R0217,P127,pickup,HOME_P127,46.09416191544852,3.995093260609108,5,1,635,686
434,DO_R0217,R0217,P127,dropoff,H1,46.0533,4.0727,5,-1,655,700
435,PU_R0218,R0218,P127,pickup,H1,46.0533,4.0727,5,1,785,810
436,DO_R0218,R0218,P127,dropoff,HOME_P127,46.09416191544852,3.995093260609108,5,-1,785,860
437,PU_R0219,R0219,P128,pickup,HOME_P128,46.01945383920215,4.047030314819723,5,1,475,522
438,DO_R0219,R0219,P128,dropoff,H1,46.0533,4.0727,5,-1,485,530
439,PU_R0220,R0220,P128,pickup,H1,46.0533,4.0727,5,1,770,785
440,DO_R0220,R0220,P128,dropoff,HOME_P128,46.01945383920215,4.047030314819723,5,-1,770,825
441,PU_R0221,R0221,P129,pickup,HOME_P129,46.04144230213734,4.045796043221358,5,1,465,515
442,DO_R0221,R0221,P129,dropoff,H2,46.0457,4.0688,5,-1,475,520
443,PU_R0222,R0222,P129,pickup,H2,46.0457,4.0688,5,1,750,765
444,DO_R0222,R0222,P129,dropoff,HOME_P129,46.04144230213734,4.045796043221358,5,-1,750,805
445,PU_R0223,R0223,P130,pickup,HOME_P130,46.02389898221836,3.9909044057858694,5,1,465,508
446,DO_R0223,R0223,P130,dropoff,H2,46.0457,4.0688,5,-1,475,520
447,PU_R0224,R0224,P130,pickup,H2,46.0457,4.0688,5,1,780,795
448,DO_R0224,R0224,P130,dropoff,HOME_P130,46.02389898221836,3.9909044057858694,5,-1,780,835
449,PU_R0225,R0225,P131,pickup,HOME_P131,46.01332365007049,3.9998336053797363,5,1,440,483
450,DO_R0225,R0225,P131,dropoff,H2,46.0457,4.0688,5,-1,450,495
451,PU_R0226,R0226,P131,pickup,H2,46.0457,4.0688,5,1,740,755
452,DO_R0226,R0226,P131,dropoff,HOME_P131,46.01332365007049,3.9998336053797363,5,-1,740,795
453,PU_R0227,R0227,P132,pickup,HOME_P132,45.95322034438345,3.9629074018119455,5,1,565,615
454,DO_R0227,R0227,P132,dropoff,H1,46.0533,4.0727,5,-1,595,640
455,PU_R0228,R0228,P132,pickup,H1,46.0533,4.0727,5,1,665,700
456,DO_R0228,R0228,P132,dropoff,HOME_P132,45.95322034438345,3.9629074018119455,5,-1,665,760
457,PU_R0229,R0229,P133,pickup,HOME_P133,46.04120717172982,3.976323899460489,5,1,435,476
458,DO_R0229,R0229,P133,dropoff,H1,46.0533,4.0727,5,-1,445,490
459,PU_R0230,R0230,P133,pickup,H1,46.0533,4.0727,5,1,730,745
460,DO_R0230,R0230,P133,dropoff,HOME_P133,46.04120717172982,3.976323899460489,5,-1,730,785
461,PU_R0231,R0231,P134,pickup,HOME_P134,46.03255544301726,4.02185378818368,5,1,770,817
462,DO_R0231,R0231,P134,dropoff,H3,46.05,4.07,5,-1,780,825
463,PU_R0232,R0232,P135,pickup,HOME_P135,46.01964340909868,4.203762799206396,5,1,460,505
464,DO_R0232,R0232,P135,dropoff,H1,46.0533,4.0727,5,-1,480,525
465,PU_R0233,R0233,P135,pickup,H1,46.0533,4.0727,5,1,645,670
466,DO_R0233,R0233,P135,dropoff,HOME_P135,46.01964340909868,4.203762799206396,5,-1,645,720
467,PU_R0234,R0234,P136,pickup,HOME_P136,46.07975980736276,4.162492694943466,5,1,650,701
468,DO_R0234,R0234,P136,dropoff,H1,46.0533,4.0727,5,-1,670,715
469,PU_R0235,R0235,P136,pickup,H1,46.0533,4.0727,5,1,790,815
470,DO_R0235,R0235,P136,dropoff,HOME_P136,46.07975980736276,4.162492694943466,5,-1,790,865
471,PU_R0236,R0236,P137,pickup,HOME_P137,45.97685171803456,4.087247459366171,5,1,825,874
472,DO_R0236,R0236,P137,dropoff,H1,46.0533,4.0727,5,-1,845,890
473,PU_R0237,R0237,P137,pickup,H1,46.0533,4.0727,5,1,1000,1025
474,DO_R0237,R0237,P137,dropoff,HOME_P137,45.97685171803456,4.087247459366171,5,-1,1000,1075
475,PU_R0238,R0238,P138,pickup,HOME_P138,46.031684864884525,4.009993801157951,5,1,630,685
476,DO_R0238,R0238,P138,dropoff,H1,46.0533,4.0727,5,-1,650,695
477,PU_R0239,R0239,P138,pickup,H1,46.0533,4.0727,5,1,765,790
478,DO_R0239,R0239,P138,dropoff,HOME_P138,46.031684864884525,4.009993801157951,5,-1,765,840
479,PU_R0240,R0240,P139,pickup,HOME_P139,45.98370251957267,4.054627836694658,5,1,465,505
480,DO_R0240,R0240,P139,dropoff,H1,46.0533,4.0727,5,-1,475,520
481,PU_R0241,R0241,P139,pickup,H1,46.0533,4.0727,5,1,680,695
482,DO_R0241,R0241,P139,dropoff,HOME_P139,45.98370251957267,4.054627836694658,5,-1,680,735
483,PU_R0242,R0242,P140,pickup,HOME_P140,46.08791932585435,4.074052106460642,5,1,770,818
484,DO_R0242,R0242,P140,dropoff,H1,46.0533,4.0727,5,-1,780,825
485,PU_R0243,R0243,P141,pickup,HOME_P141,46.0400424891323,3.9906652722804643,5,1,435,479
486,DO_R0243,R0243,P141,dropoff,H2,46.0457,4.0688,5,-1,445,490
487,PU_R0244,R0244,P141,pickup,H2,46.0457,4.0688,5,1,665,680
488,DO_R0244,R0244,P141,dropoff,HOME_P141,46.0400424891323,3.9906652722804643,5,-1,665,720
489,PU_R0245,R0245,P142,pickup,HOME_P142,46.046188405769115,4.108880985930934,5,1,465,514
490,DO_R0245,R0245,P142,dropoff,H1,46.0533,4.0727,5,-1,475,520
491,PU_R0246,R0246,P142,pickup,H1,46.0533,4.0727,5,1,760,775
492,DO_R0246,R0246,P142,dropoff,HOME_P142,46.046188405769115,4.108880985930934,5,-1,760,815
493,PU_R0247,R0247,P143,pickup,HOME_P143,46.007393576722876,4.05908761965911,5,1,440,487
494,DO_R0247,R0247,P143,dropoff,H2,46.0457,4.0688,5,-1,450,495
495,PU_R0248,R0248,P143,pickup,H2,46.0457,4.0688,5,1,755,770
496,DO_R0248,R0248,P143,dropoff,HOME_P143,46.007393576722876,4.05908761965911,5,-1,755,810
497,PU_R0249,R0249,P144,pickup,HOME_P144,46.0553798251939,4.1532469492940765,5,1,735,778
498,DO_R0249,R0249,P144,dropoff,H1,46.0533,4.0727,5,-1,745,790
499,PU_R0250,R0250,P145,pickup,HOME_P145,46.016885990589095,4.098408806629053,5,1,425,472
500,DO_R0250,R0250,P145,dropoff,H3,46.05,4.07,5,-1,435,480
501,PU_R0251,R0251,P145,pickup,H3,46.05,4.07,5,1,745,760
502,DO_R0251,R0251,P145,dropoff,HOME_P145,46.016885990589095,4.098408806629053,5,-1,745,800
503,PU_R0252,R0252,P146,pickup,HOME_P146,45.985220674579764,3.983342656547105,5,1,525,571
504,DO_R0252,R0252,P146,dropoff,H1,46.0533,4.0727,5,-1,545,590
505,PU_R0253,R0253,P146,pickup,H1,46.0533,4.0727,5,1,705,730
506,DO_R0253,R0253,P146,dropoff,HOME_P146,45.985220674579764,3.983342656547105,5,-1,705,780
507,PU_R0254,R0254,P147,pickup,HOME_P147,46.06617197676532,4.137015855589003,5,1,985,1039
508,DO_R0254,R0254,P147,dropoff,H2,46.0457,4.0688,5,-1,1005,1050
509,PU_R0255,R0255,P148,pickup,HOME_P148,45.98522371806216,4.149589947288905,5,1,480,517
510,DO_R0255,R0255,P148,dropoff,H1,46.0533,4.0727,5,-1,490,535
511,PU_R0256,R0256,P148,pickup,H1,46.0533,4.0727,5,1,715,730
512,DO_R0256,R0256,P148,dropoff,HOME_P148,45.98522371806216,4.149589947288905,5,-1,715,770
513,PU_R0257,R0257,P149,pickup,HOME_P149,46.0882388887682,4.0376907324032585,5,1,470,515
514,DO_R0257,R0257,P149,dropoff,H2,46.0457,4.0688,5,-1,480,525
515,PU_R0258,R0258,P149,pickup,H2,46.0457,4.0688,5,1,755,770
516,DO_R0258,R0258,P149,dropoff,HOME_P149,46.0882388887682,4.0376907324032585,5,-1,755,810
517,PU_R0259,R0259,P150,pickup,HOME_P150,46.084086180800334,3.9547763785602545,5,1,765,802
518,DO_R0259,R0259,P150,dropoff,H2,46.0457,4.0688,5,-1,775,820
519,PU_R0260,R0260,P151,pickup,HOME_P151,46.15161134483796,4.023765820271125,5,1,950,994
520,DO_R0260,R0260,P151,dropoff,H1,46.0533,4.0727,5,-1,970,1015
521,PU_R0261,R0261,P152,pickup,HOME_P152,46.178574139635934,3.997543328749718,5,1,566,618
522,DO_R0261,R0261,P152,dropoff,H1,46.0533,4.0727,5,-1,600,645
523,PU_R0262,R0262,P152,pickup,H1,46.0533,4.0727,5,1,665,700
524,DO_R0262,R0262,P152,dropoff,HOME_P152,46.178574139635934,3.997543328749718,5,-1,665,764
525,PU_R0263,R0263,P153,pickup,HOME_P153,46.12858839601979,4.036219091120822,5,1,485,534
526,DO_R0263,R0263,P153,dropoff,H1,46.0533,4.0727,5,-1,505,550
527,PU_R0264,R0264,P154,pickup,HOME_P154,46.036709497588944,3.9430763226255183,5,1,840,887
528,DO_R0264,R0264,P154,dropoff,H2,46.0457,4.0688,5,-1,860,905
529,PU_R0265,R0265,P154,pickup,H2,46.0457,4.0688,5,1,945,970
530,DO_R0265,R0265,P154,dropoff,HOME_P154,46.036709497588944,3.9430763226255183,5,-1,945,1020
531,PU_R0266,R0266,P155,pickup,HOME_P155,45.96940962381723,4.164738457311952,5,1,900,944
532,DO_R0266,R0266,P155,dropoff,H1,46.0533,4.0727,5,-1,920,965
533,PU_R0267,R0267,P156,pickup,HOME_P156,45.997988247508566,4.1333037667046435,5,1,465,506
534,DO_R0267,R0267,P156,dropoff,H3,46.05,4.07,5,-1,475,520
535,PU_R0268,R0268,P156,pickup,H3,46.05,4.07,5,1,775,790
536,DO_R0268,R0268,P156,dropoff,HOME_P156,45.997988247508566,4.1333037667046435,5,-1,775,830
537,PU_R0269,R0269,P157,pickup,HOME_P157,45.96254698643549,4.046105377376358,5,1,460,506
538,DO_R0269,R0269,P157,dropoff,H1,46.0533,4.0727,5,-1,480,525
539,PU_R0270,R0270,P158,pickup,HOME_P158,46.04124851507432,3.987838290093072,5,1,425,468
540,DO_R0270,R0270,P158,dropoff,H1,46.0533,4.0727,5,-1,435,480
541,PU_R0271,R0271,P158,pickup,H1,46.0533,4.0727,5,1,720,735
542,DO_R0271,R0271,P158,dropoff,HOME_P158,46.04124851507432,3.987838290093072,5,-1,720,775
543,PU_R0272,R0272,P159,pickup,HOME_P159,45.99590136126842,4.131838095578668,5,1,780,821
544,DO_R0272,R0272,P159,dropoff,H2,46.0457,4.0688,5,-1,790,835
545,PU_R0273,R0273,P159,pickup,H2,46.0457,4.0688,5,1,900,915
546,DO_R0273,R0273,P159,dropoff,HOME_P159,45.99590136126842,4.131838095578668,5,-1,900,955
547,PU_R0274,R0274,P160,pickup,HOME_P160,46.033709824800866,3.9475550402375568,5,1,565,612
548,DO_R0274,R0274,P160,dropoff,H1,46.0533,4.0727,5,-1,585,630
549,PU_R0275,R0275,P160,pickup,H1,46.0533,4.0727,5,1,715,740
550,DO_R0275,R0275,P160,dropoff,HOME_P160,46.033709824800866,3.9475550402375568,5,-1,715,790
551,PU_R0276,R0276,P161,pickup,HOME_P161,46.07973602345803,3.9828267856817927,5,1,735,776
552,DO_R0276,R0276,P161,dropoff,H2,46.0457,4.0688,5,-1,745,790
553,PU_R0277,R0277,P162,pickup,HOME_P162,46.11574700309738,3.9516920605518595,5,1,510,554
554,DO_R0277,R0277,P162,dropoff,H1,46.0533,4.0727,5,-1,530,575
555,PU_R0278,R0278,P162,pickup,H1,46.0533,4.0727,5,1,660,685
556,DO_R0278,R0278,P162,dropoff,HOME_P162,46.11574700309738,3.9516920605518595,5,-1,660,735
557,PU_R0279,R0279,P163,pickup,HOME_P163,46.02185909963791,4.152461883015398,5,1,425,467
558,DO_R0279,R0279,P163,dropoff,H1,46.0533,4.0727,5,-1,435,480
559,PU_R0280,R0280,P163,pickup,H1,46.0533,4.0727,5,1,720,735
560,DO_R0280,R0280,P163,dropoff,HOME_P163,46.02185909963791,4.152461883015398,5,-1,720,775
561,PU_R0281,R0281,P164,pickup,HOME_P164,46.0648548708033,4.036065827580015,5,1,495,564
562,DO_R0281,R0281,P164,dropoff,H1,46.0533,4.0727,5,-1,525,570
563,PU_R0282,R0282,P164,pickup,H1,46.0533,4.0727,5,1,590,625
564,DO_R0282,R0282,P164,dropoff,HOME_P164,46.0648548708033,4.036065827580015,5,-1,590,685
565,PU_R0283,R0283,P165,pickup,HOME_P165,45.942754907217605,4.066526509169436,5,1,565,609
566,DO_R0283,R0283,P165,dropoff,H2,46.0457,4.0688,5,-1,585,630
567,PU_R0284,R0284,P165,pickup,H2,46.0457,4.0688,5,1,665,690
568,DO_R0284,R0284,P165,dropoff,HOME_P165,45.942754907217605,4.066526509169436,5,-1,665,740
569,PU_R0285,R0285,P166,pickup,HOME_P166,45.986186856914344,4.071250151185485,5,1,755,796
570,DO_R0285,R0285,P166,dropoff,H1,46.0533,4.0727,5,-1,765,810
571,PU_R0286,R0286,P167,pickup,HOME_P167,46.053087082849295,4.1031897194310645,5,1,735,785
572,DO_R0286,R0286,P167,dropoff,H3,46.05,4.07,5,-1,745,790
573,PU_R0287,R0287,P168,pickup,HOME_P168,46.06676108672334,4.219945098976603,5,1,445,488
574,DO_R0287,R0287,P168,dropoff,H2,46.0457,4.0688,5,-1,465,510
575,PU_R0288,R0288,P168,pickup,H2,46.0457,4.0688,5,1,540,565
576,DO_R0288,R0288,P168,dropoff,HOME_P168,46.06676108672334,4.219945098976603,5,-1,540,615
577,PU_R0289,R0289,P169,pickup,HOME_P169,46.1141611648936,3.9516178416969456,5,1,600,644
578,DO_R0289,R0289,P169,dropoff,H1,46.0533,4.0727,5,-1,620,665
579,PU_R0290,R0290,P169,pickup,H1,46.0533,4.0727,5,1,735,760
580,DO_R0290,R0290,P169,dropoff,HOME_P169,46.1141611648936,3.9516178416969456,5,-1,735,810
581,PU_R0291,R0291,P170,pickup,HOME_P170,46.05292194401518,4.087725456446016,5,1,425,475
582,DO_R0291,R0291,P170,dropoff,H2,46.0457,4.0688,5,-1,435,480
583,PU_R0292,R0292,P170,pickup,H2,46.0457,4.0688,5,1,715,730
584,DO_R0292,R0292,P170,dropoff,HOME_P170,46.05292194401518,4.087725456446016,5,-1,715,770
585,PU_R0293,R0293,P171,pickup,HOME_P171,46.07452450261228,4.068550170282521,5,1,515,574
586,DO_R0293,R0293,P171,dropoff,H2,46.0457,4.0688,5,-1,535,580
587,PU_R0294,R0294,P172,pickup,HOME_P172,46.132839940509875,4.024384387472254,5,1,810,856
588,DO_R0294,R0294,P172,dropoff,H2,46.0457,4.0688,5,-1,830,875
589,PU_R0295,R0295,P172,pickup,H2,46.0457,4.0688,5,1,915,940
590,DO_R0295,R0295,P172,dropoff,HOME_P172,46.132839940509875,4.024384387472254,5,-1,915,990
591,PU_R0296,R0296,P173,pickup,HOME_P173,46.12013548826427,4.082260376104671,5,1,650,700
592,DO_R0296,R0296,P173,dropoff,H2,46.0457,4.0688,5,-1,670,715
593,PU_R0297,R0297,P173,pickup,H2,46.0457,4.0688,5,1,745,770
594,DO_R0297,R0297,P173,dropoff,HOME_P173,46.12013548826427,4.082260376104671,5,-1,745,820
595,PU_R0298,R0298,P174,pickup,HOME_P174,46.01126968607208,4.168110790829214,5,1,525,574
596,DO_R0298,R0298,P174,dropoff,H1,46.0533,4.0727,5,-1,545,590
597,PU_R0299,R0299,P174,pickup,H1,46.0533,4.0727,5,1,695,720
598,DO_R0299,R0299,P174,dropoff,HOME_P174,46.01126968607208,4.168110790829214,5,-1,695,770
599,PU_R0300,R0300,P175,pickup,HOME_P175,45.99054549016266,4.041750392875414,5,1,625,678
600,DO_R0300,R0300,P175,dropoff,H2,46.0457,4.0688,5,-1,645,690
601,PU_R0301,R0301,P175,pickup,H2,46.0457,4.0688,5,1,720,745
602,DO_R0301,R0301,P175,dropoff,HOME_P175,45.99054549016266,4.041750392875414,5,-1,720,795
603,PU_R0302,R0302,P176,pickup,HOME_P176,46.008819347541085,3.9954338182725886,5,1,790,842
604,DO_R0302,R0302,P176,dropoff,H2,46.0457,4.0688,5,-1,810,855
605,PU_R0303,R0303,P176,pickup,H2,46.0457,4.0688,5,1,890,915
606,DO_R0303,R0303,P176,dropoff,HOME_P176,46.008819347541085,3.9954338182725886,5,-1,890,965
607,PU_R0304,R0304,P177,pickup,HOME_P177,46.083265336113996,4.071118001339325,5,1,730,778
608,DO_R0304,R0304,P177,dropoff,H3,46.05,4.07,5,-1,740,785
609,PU_R0305,R0305,P178,pickup,HOME_P178,45.95399374640186,4.108011398928132,5,1,500,544
610,DO_R0305,R0305,P178,dropoff,H1,46.0533,4.0727,5,-1,520,565
611,PU_R0306,R0306,P178,pickup,H1,46.0533,4.0727,5,1,680,705
612,DO_R0306,R0306,P178,dropoff,HOME_P178,45.95399374640186,4.108011398928132,5,-1,680,755
613,PU_R0307,R0307,P179,pickup,HOME_P179,45.990016269704164,4.107845207168406,5,1,625,666
614,DO_R0307,R0307,P179,dropoff,H1,46.0533,4.0727,5,-1,635,680
615,PU_R0308,R0308,P179,pickup,H1,46.0533,4.0727,5,1,855,870
616,DO_R0308,R0308,P179,dropoff,HOME_P179,45.990016269704164,4.107845207168406,5,-1,855,910
617,PU_R0309,R0309,P180,pickup,HOME_P180,46.07247877150825,4.05171128660558,5,1,745,795
618,DO_R0309,R0309,P180,dropoff,H1,46.0533,4.0727,5,-1,755,800
619,PU_R0310,R0310,P181,pickup,HOME_P181,46.09024053866871,4.047421523219651,5,1,615,661
620,DO_R0310,R0310,P181,dropoff,H1,46.0533,4.0727,5,-1,625,670
621,PU_R0311,R0311,P181,pickup,H1,46.0533,4.0727,5,1,850,865
622,DO_R0311,R0311,P181,dropoff,HOME_P181,46.09024053866871,4.047421523219651,5,-1,850,905
623,PU_R0312,R0312,P182,pickup,HOME_P182,45.99220584536359,4.081942618167666,5,1,770,814
624,DO_R0312,R0312,P182,dropoff,H2,46.0457,4.0688,5,-1,780,825
625,PU_R0313,R0313,P183,pickup,HOME_P183,46.050256860339005,3.974846707520301,5,1,850,892
626,DO_R0313,R0313,P183,dropoff,H2,46.0457,4.0688,5,-1,860,905
627,PU_R0314,R0314,P184,pickup,HOME_P184,46.068905188550104,4.024897234504638,5,1,735,782
628,DO_R0314,R0314,P184,dropoff,H2,46.0457,4.0688,5,-1,745,790
629,PU_R0315,R0315,P184,pickup,H2,46.0457,4.0688,5,1,865,880
630,DO_R0315,R0315,P184,dropoff,HOME_P184,46.068905188550104,4.024897234504638,5,-1,865,920
631,PU_R0316,R0316,P185,pickup,HOME_P185,45.9888052499495,4.049050807343419,5,1,750,793
632,DO_R0316,R0316,P185,dropoff,H2,46.0457,4.0688,5,-1,760,805
633,PU_R0317,R0317,P186,pickup,HOME_P186,46.046404470656725,4.194321796892649,5,1,500,548
634,DO_R0317,R0317,P186,dropoff,H1,46.0533,4.0727,5,-1,520,565
635,PU_R0318,R0318,P186,pickup,H1,46.0533,4.0727,5,1,670,695
636,DO_R0318,R0318,P186,dropoff,HOME_P186,46.046404470656725,4.194321796892649,5,-1,670,745
637,PU_R0319,R0319,P187,pickup,HOME_P187,46.100457268097514,4.018263284770089,5,1,525,577
638,DO_R0319,R0319,P187,dropoff,H2,46.0457,4.0688,5,-1,545,590
639,PU_R0320,R0320,P187,pickup,H2,46.0457,4.0688,5,1,630,655
640,DO_R0320,R0320,P187,dropoff,HOME_P187,46.100457268097514,4.018263284770089,5,-1,630,705
641,PU_R0321,R0321,P188,pickup,HOME_P188,46.06711373198422,4.008210695992521,5,1,435,480
642,DO_R0321,R0321,P188,dropoff,H1,46.0533,4.0727,5,-1,445,490
643,PU_R0322,R0322,P188,pickup,H1,46.0533,4.0727,5,1,730,745
644,DO_R0322,R0322,P188,dropoff,HOME_P188,46.06711373198422,4.008210695992521,5,-1,730,785
645,PU_R0323,R0323,P189,pickup,HOME_P189,46.08804355593602,4.100217406020381,5,1,725,771
646,DO_R0323,R0323,P189,dropoff,H3,46.05,4.07,5,-1,735,780
647,PU_R0324,R0324,P189,pickup,H3,46.05,4.07,5,1,1015,1030
648,DO_R0324,R0324,P189,dropoff,HOME_P189,46.08804355593602,4.100217406020381,5,-1,1015,1070
649,PU_R0325,R0325,P190,pickup,HOME_P190,46.0514994729005,4.000965229133731,5,1,765,810
650,DO_R0325,R0325,P190,dropoff,H2,46.0457,4.0688,5,-1,775,820
651,PU_R0326,R0326,P191,pickup,HOME_P191,45.98667665932817,4.043205548941122,5,1,440,481
652,DO_R0326,R0326,P191,dropoff,H3,46.05,4.07,5,-1,450,495
653,PU_R0327,R0327,P191,pickup,H3,46.05,4.07,5,1,710,725
654,DO_R0327,R0327,P191,dropoff,HOME_P191,45.98667665932817,4.043205548941122,5,-1,710,765
655,PU_R0328,R0328,P192,pickup,HOME_P192,46.10249036820572,4.115919610531013,5,1,450,493
656,DO_R0328,R0328,P192,dropoff,H1,46.0533,4.0727,5,-1,460,505
657,PU_R0329,R0329,P192,pickup,H1,46.0533,4.0727,5,1,680,695
658,DO_R0329,R0329,P192,dropoff,HOME_P192,46.10249036820572,4.115919610531013,5,-1,680,735
659,PU_R0330,R0330,P193,pickup,HOME_P193,46.05140422534057,4.101428902174805,5,1,440,490
660,DO_R0330,R0330,P193,dropoff,H1,46.0533,4.0727,5,-1,450,495
661,PU_R0331,R0331,P193,pickup,H1,46.0533,4.0727,5,1,735,750
662,DO_R0331,R0331,P193,dropoff,HOME_P193,46.05140422534057,4.101428902174805,5,-1,735,790
663,PU_R0332,R0332,P194,pickup,HOME_P194,46.024617061655036,4.109157036020191,5,1,745,792
664,DO_R0332,R0332,P194,dropoff,H1,46.0533,4.0727,5,-1,755,800
665,PU_R0333,R0333,P195,pickup,HOME_P195,46.03444892357564,4.102416966744836,5,1,770,819
666,DO_R0333,R0333,P195,dropoff,H2,46.0457,4.0688,5,-1,780,825
667,PU_R0334,R0334,P196,pickup,HOME_P196,46.04301411734331,4.009964243335655,5,1,465,511
668,DO_R0334,R0334,P196,dropoff,H1,46.0533,4.0727,5,-1,475,520
669,PU_R0335,R0335,P196,pickup,H1,46.0533,4.0727,5,1,760,775
670,DO_R0335,R0335,P196,dropoff,HOME_P196,46.04301411734331,4.009964243335655,5,-1,760,815
671,PU_R0336,R0336,P197,pickup,HOME_P197,46.100849330221216,3.968461949815239,5,1,805,852
672,DO_R0336,R0336,P197,dropoff,H2,46.0457,4.0688,5,-1,825,870
673,PU_R0337,R0337,P197,pickup,H2,46.0457,4.0688,5,1,895,920
674,DO_R0337,R0337,P197,dropoff,HOME_P197,46.100849330221216,3.968461949815239,5,-1,895,970
675,PU_R0338,R0338,P198,pickup,HOME_P198,46.0632045736133,4.15754700035343,5,1,460,503
676,DO_R0338,R0338,P198,dropoff,H1,46.0533,4.0727,5,-1,470,515
677,PU_R0339,R0339,P198,pickup,H1,46.0533,4.0727,5,1,755,770
678,DO_R0339,R0339,P198,dropoff,HOME_P198,46.0632045736133,4.15754700035343,5,-1,755,810
679,PU_R0340,R0340,P199,pickup,HOME_P199,46.06121537361707,4.059791113717655,5,1,780,830
680,DO_R0340,R0340,P199,dropoff,H1,46.0533,4.0727,5,-1,790,835
681,PU_R0341,R0341,P200,pickup,HOME_P200,46.01853053296878,4.079770316261117,5,1,730,778
682,DO_R0341,R0341,P200,dropoff,H1,46.0533,4.0727,5,-1,740,785
683,PU_R0342,R0342,P200,pickup,H1,46.0533,4.0727,5,1,1025,1040
684,DO_R0342,R0342,P200,dropoff,HOME_P200,46.01853053296878,4.079770316261117,5,-1,1025,1080
685,PU_R0343,R0343,P201,pickup,HOME_P201,45.98860057351731,4.032349150238337,5,1,750,792
686,DO_R0343,R0343,P201,dropoff,H2,46.0457,4.0688,5,-1,760,805
687,PU_R0344,R0344,P201,pickup,H2,46.0457,4.0688,5,1,1020,1035
688,DO_R0344,R0344,P201,dropoff,HOME_P201,45.98860057351731,4.032349150238337,5,-1,1020,1075
689,PU_R0345,R0345,P202,pickup,HOME_P202,46.02854757390811,4.101256273722442,5,1,745,794
690,DO_R0345,R0345,P202,dropoff,H2,46.0457,4.0688,5,-1,755,800
691,PU_R0346,R0346,P202,pickup,H2,46.0457,4.0688,5,1,1015,1030
692,DO_R0346,R0346,P202,dropoff,HOME_P202,46.02854757390811,4.101256273722442,5,-1,1015,1070
693,PU_R0347,R0347,P203,pickup,HOME_P203,46.08865962016473,4.1966652546358825,5,1,525,571
694,DO_R0347,R0347,P203,dropoff,H1,46.0533,4.0727,5,-1,545,590
695,PU_R0348,R0348,P203,pickup,H1,46.0533,4.0727,5,1,655,680
696,DO_R0348,R0348,P203,dropoff,HOME_P203,46.08865962016473,4.1966652546358825,5,-1,655,730
697,PU_R0349,R0349,P204,pickup,HOME_P204,46.04496377869808,4.01733508770558,5,1,745,792
698,DO_R0349,R0349,P204,dropoff,H1,46.0533,4.0727,5,-1,755,800
699,PU_R0350,R0350,P205,pickup,HOME_P205,46.12450788258834,4.06806830128753,5,1,635,675
700,DO_R0350,R0350,P205,dropoff,H1,46.0533,4.0727,5,-1,645,690
701,PU_R0351,R0351,P205,pickup,H1,46.0533,4.0727,5,1,840,855
702,DO_R0351,R0351,P205,dropoff,HOME_P205,46.12450788258834,4.06806830128753,5,-1,840,895
703,PU_R0352,R0352,P206,pickup,HOME_P206,46.02402608294015,4.121787185087925,5,1,425,471
704,DO_R0352,R0352,P206,dropoff,H1,46.0533,4.0727,5,-1,435,480
705,PU_R0353,R0353,P206,pickup,H1,46.0533,4.0727,5,1,720,735
706,DO_R0353,R0353,P206,dropoff,HOME_P206,46.02402608294015,4.121787185087925,5,-1,720,775
707,PU_R0354,R0354,P207,pickup,HOME_P207,45.94352296980854,4.083881334970513,5,1,815,859
708,DO_R0354,R0354,P207,dropoff,H2,46.0457,4.0688,5,-1,835,880
709,PU_R0355,R0355,P207,pickup,H2,46.0457,4.0688,5,1,920,945
710,DO_R0355,R0355,P207,dropoff,HOME_P207,45.94352296980854,4.083881334970513,5,-1,920,995
711,PU_R0356,R0356,P208,pickup,HOME_P208,45.98125439400486,4.076179493037625,5,1,755,796
712,DO_R0356,R0356,P208,dropoff,H3,46.05,4.07,5,-1,765,810
713,PU_R0357,R0357,P209,pickup,HOME_P209,46.1053341161691,3.9551386440142364,5,1,865,920
714,DO_R0357,R0357,P209,dropoff,H1,46.0533,4.0727,5,-1,895,940
715,PU_R0358,R0358,P209,pickup,H1,46.0533,4.0727,5,1,965,1000
716,DO_R0358,R0358,P209,dropoff,HOME_P209,46.1053341161691,3.9551386440142364,5,-1,965,1060
717,PU_R0359,R0359,P210,pickup,HOME_P210,45.99084104481616,4.110901178055098,5,1,590,642
718,DO_R0359,R0359,P210,dropoff,H2,46.0457,4.0688,5,-1,610,655
719,PU_R0360,R0360,P210,pickup,H2,46.0457,4.0688,5,1,680,705
720,DO_R0360,R0360,P210,dropoff,HOME_P210,45.99084104481616,4.110901178055098,5,-1,680,755
721,PU_R0361,R0361,P211,pickup,HOME_P211,46.022381635230765,3.9592524315858175,5,1,800,838
722,DO_R0361,R0361,P211,dropoff,H1,46.0533,4.0727,5,-1,810,855
723,PU_R0362,R0362,P211,pickup,H1,46.0533,4.0727,5,1,1020,1035
724,DO_R0362,R0362,P211,dropoff,HOME_P211,46.022381635230765,3.9592524315858175,5,-1,1020,1075
725,PU_R0363,R0363,P212,pickup,HOME_P212,46.02107435972231,4.0184927020730905,5,1,475,520
726,DO_R0363,R0363,P212,dropoff,H1,46.0533,4.0727,5,-1,485,530
727,PU_R0364,R0364,P212,pickup,H1,46.0533,4.0727,5,1,695,710
728,DO_R0364,R0364,P212,dropoff,HOME_P212,46.02107435972231,4.0184927020730905,5,-1,695,750
729,PU_R0365,R0365,P213,pickup,HOME_P213,46.018124501992226,4.178696010175964,5,1,515,563
730,DO_R0365,R0365,P213,dropoff,H2,46.0457,4.0688,5,-1,535,580
731,PU_R0366,R0366,P213,pickup,H2,46.0457,4.0688,5,1,610,635
732,DO_R0366,R0366,P213,dropoff,HOME_P213,46.018124501992226,4.178696010175964,5,-1,610,685
733,PU_R0367,R0367,P214,pickup,HOME_P214,45.99900217823029,4.146020222299411,5,1,820,870
734,DO_R0367,R0367,P214,dropoff,H1,46.0533,4.0727,5,-1,840,885
735,PU_R0368,R0368,P214,pickup,H1,46.0533,4.0727,5,1,985,1010
736,DO_R0368,R0368,P214,dropoff,HOME_P214,45.99900217823029,4.146020222299411,5,-1,985,1060
737,PU_R0369,R0369,P215,pickup,HOME_P215,46.01060473337864,4.089865104229231,5,1,750,797
738,DO_R0369,R0369,P215,dropoff,H2,46.0457,4.0688,5,-1,760,805
739,PU_R0370,R0370,P216,pickup,HOME_P216,46.08821101215343,4.072102873213666,5,1,450,498
740,DO_R0370,R0370,P216,dropoff,H1,46.0533,4.0727,5,-1,460,505
741,PU_R0371,R0371,P216,pickup,H1,46.0533,4.0727,5,1,745,760
742,DO_R0371,R0371,P216,dropoff,HOME_P216,46.08821101215343,4.072102873213666,5,-1,745,800
743,PU_R0372,R0372,P217,pickup,HOME_P217,46.0675023739661,4.113082881646815,5,1,970,1038
744,DO_R0372,R0372,P217,dropoff,H1,46.0533,4.0727,5,-1,1000,1045
745,PU_R0373,R0373,P218,pickup,HOME_P218,46.043585708033966,3.983432114261167,5,1,480,522
746,DO_R0373,R0373,P218,dropoff,H1,46.0533,4.0727,5,-1,490,535
747,PU_R0374,R0374,P218,pickup,H1,46.0533,4.0727,5,1,775,790
748,DO_R0374,R0374,P218,dropoff,HOME_P218,46.043585708033966,3.983432114261167,5,-1,775,830
749,PU_R0375,R0375,P219,pickup,HOME_P219,46.02756901496713,4.070376812867547,5,1,735,784
750,DO_R0375,R0375,P219,dropoff,H1,46.0533,4.0727,5,-1,745,790
751,PU_R0376,R0376,P220,pickup,HOME_P220,46.09017991304862,4.0960631248116615,5,1,450,505
752,DO_R0376,R0376,P220,dropoff,H2,46.0457,4.0688,5,-1,470,515
753,PU_R0377,R0377,P220,pickup,H2,46.0457,4.0688,5,1,555,580
754,DO_R0377,R0377,P220,dropoff,HOME_P220,46.09017991304862,4.0960631248116615,5,-1,555,630
755,PU_R0378,R0378,P221,pickup,HOME_P221,46.070718472218665,4.059058214888375,5,1,480,530
756,DO_R0378,R0378,P221,dropoff,H1,46.0533,4.0727,5,-1,490,535
757,PU_R0379,R0379,P221,pickup,H1,46.0533,4.0727,5,1,710,725
758,DO_R0379,R0379,P221,dropoff,HOME_P221,46.070718472218665,4.059058214888375,5,-1,710,765
759,PU_R0380,R0380,P222,pickup,HOME_P222,45.98954668003433,4.032910290179273,5,1,770,811
760,DO_R0380,R0380,P222,dropoff,H1,46.0533,4.0727,5,-1,780,825
761,PU_R0381,R0381,P223,pickup,HOME_P223,46.10062360762602,4.187446225730521,5,1,585,631
762,DO_R0381,R0381,P223,dropoff,H1,46.0533,4.0727,5,-1,605,650
763,PU_R0382,R0382,P223,pickup,H1,46.0533,4.0727,5,1,745,770
764,DO_R0382,R0382,P223,dropoff,HOME_P223,46.10062360762602,4.187446225730521,5,-1,745,820
765,PU_R0383,R0383,P224,pickup,HOME_P224,46.041529754753256,4.0851343576374886,5,1,595,655
766,DO_R0383,R0383,P224,dropoff,H2,46.0457,4.0688,5,-1,615,660
767,PU_R0384,R0384,P224,pickup,H2,46.0457,4.0688,5,1,700,725
768,DO_R0384,R0384,P224,dropoff,HOME_P224,46.041529754753256,4.0851343576374886,5,-1,700,775
769,PU_R0385,R0385,P225,pickup,HOME_P225,46.057990948434714,4.177723080391653,5,1,520,570
770,DO_R0385,R0385,P225,dropoff,H1,46.0533,4.0727,5,-1,540,585
771,PU_R0386,R0386,P225,pickup,H1,46.0533,4.0727,5,1,650,675
772,DO_R0386,R0386,P225,dropoff,HOME_P225,46.057990948434714,4.177723080391653,5,-1,650,725
773,PU_R0387,R0387,P226,pickup,HOME_P226,46.018799564976845,3.9518970261458493,5,1,1000,1056
774,DO_R0387,R0387,P226,dropoff,H1,46.0533,4.0727,5,-1,1030,1075
775,PU_R0388,R0388,P227,pickup,HOME_P227,46.03034218230122,3.9411469134173913,5,1,835,881
776,DO_R0388,R0388,P227,dropoff,H1,46.0533,4.0727,5,-1,855,900
777,PU_R0389,R0389,P227,pickup,H1,46.0533,4.0727,5,1,980,1005
778,DO_R0389,R0389,P227,dropoff,HOME_P227,46.03034218230122,3.9411469134173913,5,-1,980,1055
779,PU_R0390,R0390,P228,pickup,HOME_P228,46.01375231790466,4.132447700956816,5,1,445,488
780,DO_R0390,R0390,P228,dropoff,H1,46.0533,4.0727,5,-1,455,500
781,PU_R0391,R0391,P228,pickup,H1,46.0533,4.0727,5,1,740,755
782,DO_R0391,R0391,P228,dropoff,HOME_P228,46.01375231790466,4.132447700956816,5,-1,740,795
783,PU_R0392,R0392,P229,pickup,HOME_P229,46.04846099038809,3.9606086996069925,5,1,470,520
784,DO_R0392,R0392,P229,dropoff,H2,46.0457,4.0688,5,-1,490,535
785,PU_R0393,R0393,P229,pickup,H2,46.0457,4.0688,5,1,560,585
786,DO_R0393,R0393,P229,dropoff,HOME_P229,46.04846099038809,3.9606086996069925,5,-1,560,635
787,PU_R0394,R0394,P230,pickup,HOME_P230,46.044241665519735,3.949976623508538,5,1,435,472
788,DO_R0394,R0394,P230,dropoff,H1,46.0533,4.0727,5,-1,445,490
789,PU_R0395,R0395,P230,pickup,H1,46.0533,4.0727,5,1,670,685
790,DO_R0395,R0395,P230,dropoff,HOME_P230,46.044241665519735,3.949976623508538,5,-1,670,725
791,PU_R0396,R0396,P231,pickup,HOME_P231,46.04140000392055,4.1547360433266025,5,1,740,783
792,DO_R0396,R0396,P231,dropoff,H1,46.0533,4.0727,5,-1,750,795
793,PU_R0397,R0397,P232,pickup,HOME_P232,46.069806629891914,4.205429475556034,5,1,940,985
794,DO_R0397,R0397,P232,dropoff,H2,46.0457,4.0688,5,-1,960,1005
795,PU_R0398,R0398,P233,pickup,HOME_P233,46.01397335662489,4.124359121082219,5,1,630,684
796,DO_R0398,R0398,P233,dropoff,H1,46.0533,4.0727,5,-1,650,695
797,PU_R0399,R0399,P233,pickup,H1,46.0533,4.0727,5,1,810,835
798,DO_R0399,R0399,P233,dropoff,HOME_P233,46.01397335662489,4.124359121082219,5,-1,810,885
799,PU_R0400,R0400,P234,pickup,HOME_P234,46.11283656818041,4.1271961854016705,5,1,440,480
800,DO_R0400,R0400,P234,dropoff,H1,46.0533,4.0727,5,-1,450,495
801,PU_R0401,R0401,P234,pickup,H1,46.0533,4.0727,5,1,735,750
802,DO_R0401,R0401,P234,dropoff,HOME_P234,46.11283656818041,4.1271961854016705,5,-1,735,790
803,PU_R0402,R0402,P235,pickup,HOME_P235,46.115810909281024,4.0953552143191905,5,1,740,782
804,DO_R0402,R0402,P235,dropoff,H1,46.0533,4.0727,5,-1,750,795
805,PU_R0403,R0403,P236,pickup,HOME_P236,46.06563281858659,4.128996890593771,5,1,560,626
806,DO_R0403,R0403,P236,dropoff,H1,46.0533,4.0727,5,-1,590,635
807,PU_R0404,R0404,P236,pickup,H1,46.0533,4.0727,5,1,665,700
808,DO_R0404,R0404,P236,dropoff,HOME_P236,46.06563281858659,4.128996890593771,5,-1,665,760
809,PU_R0405,R0405,P237,pickup,HOME_P237,46.027240546005714,3.9394013781272497,5,1,970,1016
810,DO_R0405,R0405,P237,dropoff,H2,46.0457,4.0688,5,-1,990,1035
811,PU_R0406,R0406,P238,pickup,HOME_P238,45.993733617374865,4.13530528760903,5,1,860,910
812,DO_R0406,R0406,P238,dropoff,H1,46.0533,4.0727,5,-1,880,925
813,PU_R0407,R0407,P238,pickup,H1,46.0533,4.0727,5,1,995,1020
814,DO_R0407,R0407,P238,dropoff,HOME_P238,45.993733617374865,4.13530528760903,5,-1,995,1070
815,PU_R0408,R0408,P239,pickup,HOME_P239,45.951598160992944,4.04755200059393,5,1,760,814
816,DO_R0408,R0408,P239,dropoff,H1,46.0533,4.0727,5,-1,790,835
817,PU_R0409,R0409,P239,pickup,H1,46.0533,4.0727,5,1,855,890
818,DO_R0409,R0409,P239,dropoff,HOME_P239,45.951598160992944,4.04755200059393,5,-1,855,950
819,PU_R0410,R0410,P240,pickup,HOME_P240,46.07838873930203,4.026398245246691,5,1,800,856
820,DO_R0410,R0410,P240,dropoff,H1,46.0533,4.0727,5,-1,820,865
821,PU_R0411,R0411,P240,pickup,H1,46.0533,4.0727,5,1,925,950
822,DO_R0411,R0411,P240,dropoff,HOME_P240,46.07838873930203,4.026398245246691,5,-1,925,1000
823,PU_R0412,R0412,P241,pickup,HOME_P241,46.06789562788484,4.083645236175212,5,1,775,825
824,DO_R0412,R0412,P241,dropoff,H1,46.0533,4.0727,5,-1,785,830
825,PU_R0413,R0413,P242,pickup,HOME_P242,46.09910074467937,4.145188065334795,5,1,735,776
826,DO_R0413,R0413,P242,dropoff,H1,46.0533,4.0727,5,-1,745,790
827,PU_R0414,R0414,P243,pickup,HOME_P243,46.007127927488135,4.024476280364354,5,1,495,548
828,DO_R0414,R0414,P243,dropoff,H1,46.0533,4.0727,5,-1,515,560
829,PU_R0415,R0415,P243,pickup,H1,46.0533,4.0727,5,1,640,665
830,DO_R0415,R0415,P243,dropoff,HOME_P243,46.007127927488135,4.024476280364354,5,-1,640,715
831,PU_R0416,R0416,P244,pickup,HOME_P244,46.012697010742556,4.132818115421819,5,1,975,1018
832,DO_R0416,R0416,P244,dropoff,H1,46.0533,4.0727,5,-1,985,1030
833,PU_R0417,R0417,P245,pickup,HOME_P245,46.02406737769962,4.0134823900270735,5,1,760,805
834,DO_R0417,R0417,P245,dropoff,H3,46.05,4.07,5,-1,770,815
835,PU_R0418,R0418,P246,pickup,HOME_P246,46.002288031071814,4.056476519404839,5,1,465,509
836,DO_R0418,R0418,P246,dropoff,H1,46.0533,4.0727,5,-1,475,520
837,PU_R0419,R0419,P246,pickup,H1,46.0533,4.0727,5,1,670,685
838,DO_R0419,R0419,P246,dropoff,HOME_P246,46.002288031071814,4.056476519404839,5,-1,670,725
839,PU_R0420,R0420,P247,pickup,HOME_P247,46.116462382441625,4.0858050312307785,5,1,760,800
840,DO_R0420,R0420,P247,dropoff,H2,46.0457,4.0688,5,-1,770,815
841,PU_R0421,R0421,P248,pickup,HOME_P248,45.98722421408919,4.1598017270717165,5,1,850,897
842,DO_R0421,R0421,P248,dropoff,H1,46.0533,4.0727,5,-1,870,915
843,PU_R0422,R0422,P248,pickup,H1,46.0533,4.0727,5,1,975,1000
844,DO_R0422,R0422,P248,dropoff,HOME_P248,45.98722421408919,4.1598017270717165,5,-1,975,1050
845,PU_R0423,R0423,P249,pickup,HOME_P249,46.104485076999,4.048590413005423,5,1,435,478
846,DO_R0423,R0423,P249,dropoff,H3,46.05,4.07,5,-1,445,490
847,PU_R0424,R0424,P249,pickup,H3,46.05,4.07,5,1,720,735
848,DO_R0424,R0424,P249,dropoff,HOME_P249,46.104485076999,4.048590413005423,5,-1,720,775
849,PU_R0425,R0425,P250,pickup,HOME_P250,46.06509997383296,4.015051535479589,5,1,505,561
850,DO_R0425,R0425,P250,dropoff,H2,46.0457,4.0688,5,-1,525,570
851,PU_R0426,R0426,P250,pickup,H2,46.0457,4.0688,5,1,600,625
852,DO_R0426,R0426,P250,dropoff,HOME_P250,46.06509997383296,4.015051535479589,5,-1,600,675
