patient_id,hospital_id,activity_type,a_p,appointment_time_hhmm,tau_p,return_ready_minute,return_ready_time_hhmm,Delta_p,Psi_p,distance_to_assigned_hospital_km,closest_hospital_id,closest_hospital_distance_km,assigned_hospital_is_coherent
P1,H1,oncology,505,08:25,160,665,11:05,25,15,8.155,H1,8.155,1
P2,H2,oncology,480,08:00,175,655,10:55,25,15,4.612,H2,4.612,1
P3,H3,dialysis,780,13:00,210,990,16:30,25,15,3.4,H2,3.044,1
P4,H1,dialysis,485,08:05,240,725,12:05,25,15,6.041,H1,6.041,1
P5,H1,oncology,480,08:00,165,645,10:45,25,15,3.471,H2,2.357,1
P6,H1,external,580,09:40,30,610,10:10,45,35,1.915,H1,1.915,1
P7,H1,other,1020,17:00,80,1100,18:20,35,25,14.361,H2,13.811,1
P8,H1,dialysis,805,13:25,240,1045,17:25,25,15,5.521,H2,4.567,1
P9,H1,dialysis,500,08:20,240,740,12:20,25,15,6.394,H2,6.245,1
P10,H1,oncology,490,08:10,160,650,10:50,25,15,4.24,H1,4.24,1
P11,H3,dialysis,490,08:10,245,735,12:15,25,15,9.591,H2,8.991,1
P12,H1,external,640,10:40,20,660,11:00,55,35,21.094,H1,21.094,1
P13,H2,dialysis,530,08:50,270,800,13:20,25,15,7.831,H1,6.985,1
P14,H1,dialysis,780,13:00,240,1020,17:00,25,15,9.155,H2,8.155,1
P15,H1,dialysis,805,13:25,240,1045,17:25,25,15,3.024,H1,3.024,1
P16,H3,dialysis,510,08:30,225,735,12:15,25,15,9.7,H2,9.275,1
P17,H2,dialysis,825,13:45,230,1055,17:35,25,15,9.832,H2,9.832,1
P18,H2,other,1075,17:55,25,1100,18:20,35,25,15.018,H1,14.603,1
P19,H1,dialysis,505,08:25,240,745,12:25,25,15,9.968,H2,9.515,1
P20,H3,dialysis,785,13:05,270,1055,17:35,25,15,4.484,H1,4.412,1
P21,H2,other,640,10:40,35,675,11:15,35,25,6.399,H2,6.399,1
P22,H1,other,585,09:45,105,690,11:30,35,25,12.952,H1,12.952,1
P23,H2,dialysis,825,13:45,265,1090,18:10,25,15,8.253,H2,8.253,1
P24,H1,oncology,715,11:55,155,870,14:30,25,15,10.008,H2,9.565,1
P25,H1,dialysis,1040,17:20,240,1280,21:20,25,15,9.72,H2,9.12,1
P26,H2,oncology,490,08:10,110,600,10:00,25,15,10.392,H1,9.316,1
P27,H1,other,715,11:55,65,780,13:00,35,25,13.304,H1,13.304,1
P28,H2,other,585,09:45,25,610,10:10,35,25,3.746,H2,3.746,1
P29,H1,external,515,08:35,30,545,09:05,50,35,19.086,H1,19.086,1
P30,H1,other,900,15:00,65,965,16:05,35,25,7.046,H2,6.703,1
P31,H2,other,860,14:20,35,895,14:55,35,25,10.23,H2,10.23,1
P32,H2,dialysis,805,13:25,245,1050,17:30,25,15,9.306,H2,9.306,1
P33,H1,external,570,09:30,30,600,10:00,45,35,13.249,H1,13.249,1
P34,H1,other,1030,17:10,95,1125,18:45,35,25,14.226,H2,13.799,1
P35,H1,dialysis,480,08:00,240,720,12:00,25,15,8.173,H1,8.173,1
P36,H2,other,595,09:55,35,630,10:30,35,25,3.17,H2,3.17,1
P37,H1,oncology,700,11:40,175,875,14:35,25,15,10.073,H1,10.073,1
P38,H2,dialysis,535,08:55,235,770,12:50,25,15,6.54,H1,5.615,1
P39,H1,external,855,14:15,20,875,14:35,45,35,16.851,H2,16.023,1
P40,H2,other,715,11:55,35,750,12:30,35,25,6.905,H1,6.069,1
P41,H1,other,850,14:10,70,920,15:20,35,25,12.828,H2,12.549,1
P42,H1,external,1070,17:50,20,1090,18:10,45,35,1.189,H2,0.178,1
P43,H2,dialysis,810,13:30,245,1055,17:35,25,15,2.326,H1,1.689,1
P44,H2,other,900,15:00,35,935,15:35,35,25,9.578,H1,8.607,1
P45,H2,dialysis,825,13:45,265,1090,18:10,25,15,7.166,H2,7.166,1
P46,H2,dialysis,820,13:40,215,1035,17:15,25,15,5.409,H1,4.292,1
P47,H1,other,590,09:50,80,670,11:10,35,25,13.366,H1,13.366,1
P48,H1,other,700,11:40,115,815,13:35,35,25,14.919,H1,14.919,1
P49,H1,dialysis,490,08:10,240,730,12:10,25,15,9.586,H3,9.56,1
P50,H2,dialysis,485,08:05,265,750,12:30,25,15,5.511,H1,4.858,1
P51,H1,oncology,535,08:55,155,690,11:30,25,15,5.863,H1,5.863,1
P52,H2,oncology,505,08:25,335,840,14:00,25,15,6.824,H3,6.626,1
P53,H1,other,635,10:35,110,745,12:25,35,25,3.901,H1,3.901,1
P54,H1,dialysis,490,08:10,240,730,12:10,25,15,8.219,H1,8.219,1
P55,H3,dialysis,515,08:35,220,735,12:15,25,15,9.865,H1,9.514,1
P56,H1,oncology,680,11:20,150,830,13:50,25,15,11.956,H1,11.956,1
P57,H1,oncology,500,08:20,160,660,11:00,25,15,12.061,H1,12.061,1
P58,H1,dialysis,485,08:05,240,725,12:05,25,15,3.134,H1,3.134,1
P59,H1,dialysis,790,13:10,240,1030,17:10,25,15,4.383,H1,4.383,1
P60,H2,dialysis,490,08:10,210,700,11:40,25,15,8.132,H1,7.014,1
P61,H1,dialysis,780,13:00,240,1020,17:00,25,15,2.174,H2,1.459,1
P62,H1,oncology,890,14:50,155,1045,17:25,25,15,5.821,H3,5.7,1
P63,H1,other,650,10:50,80,730,12:10,35,25,11.443,H2,11.07,1
P64,H2,other,895,14:55,40,935,15:35,35,25,3.488,H2,3.488,1
P65,H1,other,535,08:55,120,655,10:55,35,25,6.783,H2,6.257,1
P66,H1,dialysis,790,13:10,240,1030,17:10,25,15,6.262,H3,6.101,1
P67,H1,other,685,11:25,90,775,12:55,35,25,1.987,H1,1.987,1
P68,H3,dialysis,515,08:35,270,785,13:05,25,15,7.959,H2,7.494,1
P69,H2,other,900,15:00,35,935,15:35,35,25,14.833,H1,13.743,1
P70,H2,oncology,835,13:55,150,985,16:25,25,15,4.786,H1,4.591,1
P71,H1,other,515,08:35,95,610,10:10,35,25,11.174,H2,10.546,1
P72,H3,dialysis,815,13:35,210,1025,17:05,25,15,8.247,H2,7.959,1
P73,H1,other,665,11:05,95,760,12:40,35,25,9.996,H1,9.996,1
P74,H2,dialysis,800,13:20,215,1015,16:55,25,15,8.899,H1,8.089,1
P75,H3,dialysis,825,13:45,270,1095,18:15,25,15,9.986,H2,9.773,1
P76,H2,oncology,495,08:15,310,805,13:25,25,15,9.584,H1,9.293,1
P77,H1,oncology,665,11:05,165,830,13:50,25,15,5.77,H2,4.65,1
P78,H1,other,925,15:25,90,1015,16:55,35,25,10.149,H2,9.67,1
P79,H1,other,870,14:30,60,930,15:30,35,25,11.905,H1,11.905,1
P80,H1,oncology,495,08:15,160,655,10:55,25,15,10.894,H1,10.894,1
P81,H2,dialysis,485,08:05,265,750,12:30,25,15,9.899,H1,8.781,1
P82,H2,other,570,09:30,30,600,10:00,35,25,13.857,H2,13.857,1
P83,H1,dialysis,530,08:50,240,770,12:50,25,15,9.129,H1,9.129,1
P84,H1,oncology,485,08:05,170,655,10:55,25,15,9.216,H1,9.216,1
P85,H2,other,875,14:35,40,915,15:15,35,25,2.084,H2,2.084,1
P86,H2,oncology,495,08:15,235,730,12:10,25,15,10.759,H2,10.759,1
P87,H1,dialysis,525,08:45,240,765,12:45,25,15,4.479,H2,3.37,1
P88,H1,dialysis,800,13:20,240,1040,17:20,25,15,6.591,H1,6.591,1
P89,H1,oncology,525,08:45,165,690,11:30,25,15,12.477,H2,11.915,1
P90,H1,dialysis,490,08:10,240,730,12:10,25,15,9.796,H1,9.796,1
P91,H1,dialysis,495,08:15,240,735,12:15,25,15,3.152,H2,2.836,1
P92,H1,dialysis,485,08:05,240,725,12:05,25,15,8.395,H2,7.992,1
P93,H1,other,535,08:55,120,655,10:55,35,25,9.572,H1,9.572,1
P94,H1,dialysis,835,13:55,240,1075,17:55,25,15,6.498,H2,5.507,1
P95,H1,oncology,675,11:15,165,840,14:00,25,15,6.073,H2,5.301,1
P96,H2,oncology,535,08:55,85,620,10:20,25,15,4.61,H1,3.566,1
P97,H1,dialysis,520,08:40,240,760,12:40,25,15,8.393,H1,8.393,1
P98,H2,dialysis,780,13:00,220,1000,16:40,25,15,9.855,H2,9.855,1
P99,H2,other,655,10:55,25,680,11:20,35,25,2.927,H2,2.927,1
P100,H1,oncology,495,08:15,150,645,10:45,25,15,10.65,H2,10.099,1
P101,H1,dialysis,480,08:00,240,720,12:00,25,15,4.682,H2,3.598,1
P102,H2,other,995,16:35,40,1035,17:15,35,25,10.278,H1,9.23,1
P103,H1,oncology,895,14:55,180,1075,17:55,25,15,7.264,H2,6.472,1
P104,H2,other,1075,17:55,35,1110,18:30,35,25,3.16,H1,2.162,1
P105,H2,other,530,08:50,25,555,09:15,35,25,11.842,H3,11.69,1
P106,H1,dialysis,1030,17:10,240,1270,21:10,25,15,2.005,H1,2.005,1
P107,H3,dialysis,505,08:25,270,775,12:55,25,15,7.305,H1,6.778,1
P108,H2,other,595,09:55,25,620,10:20,35,25,7.061,H1,6.758,1
P109,H1,other,575,09:35,100,675,11:15,35,25,8.273,H2,7.173,1
P110,H1,dialysis,780,13:00,240,1020,17:00,25,15,8.613,H2,8.137,1
P111,H2,dialysis,530,08:50,245,775,12:55,25,15,3.769,H1,3.078,1
P112,H2,other,535,08:55,25,560,09:20,35,25,3.823,H1,3.199,1
P113,H2,dialysis,525,08:45,230,755,12:35,25,15,9.406,H2,9.406,1
P114,H2,other,675,11:15,35,710,11:50,35,25,9.405,H1,8.31,1
P115,H1,other,520,08:40,65,585,09:45,35,25,6.176,H2,6.125,1
P116,H2,oncology,535,08:55,265,800,13:20,25,15,11.067,H1,10.344,1
P117,H1,other,580,09:40,115,695,11:35,35,25,9.081,H1,9.081,1
P118,H1,dialysis,780,13:00,240,1020,17:00,25,15,9.807,H2,8.911,1
P119,H1,dialysis,825,13:45,240,1065,17:45,25,15,4.504,H2,4.313,1
P120,H1,other,685,11:25,65,750,12:30,35,25,3.623,H3,3.5,1
P121,H2,oncology,780,13:00,185,965,16:05,25,15,3.04,H2,3.04,1
P122,H1,other,575,09:35,80,655,10:55,35,25,11.864,H1,11.864,1
P123,H2,oncology,485,08:05,95,580,09:40,25,15,11.017,H2,11.017,1
P124,H2,other,915,15:15,30,945,15:45,35,25,7.468,H2,7.468,1
P125,H1,other,570,09:30,60,630,10:30,35,25,13.998,H3,13.838,1
P126,H2,dialysis,800,13:20,225,1025,17:05,25,15,2.569,H2,2.569,1
P127,H1,dialysis,795,13:15,240,1035,17:15,25,15,3.652,H3,3.567,1
P128,H1,dialysis,515,08:35,240,755,12:35,25,15,8.246,H1,8.246,1
P129,H2,dialysis,810,13:30,240,1050,17:30,25,15,4.023,H1,3.758,1
P130,H1,oncology,715,11:55,160,875,14:35,25,15,6.71,H3,6.508,1
P131,H1,other,1000,16:40,100,1100,18:20,35,25,6.672,H2,5.687,1
P132,H2,other,670,11:10,40,710,11:50,35,25,13.624,H2,13.624,1
P133,H3,dialysis,810,13:30,225,1035,17:15,25,15,4.096,H2,3.806,1
P134,H2,other,565,09:25,30,595,09:55,35,25,12.497,H1,11.791,1
P135,H2,oncology,530,08:50,250,780,13:00,25,15,9.502,H2,9.502,1
P136,H3,dialysis,795,13:15,230,1025,17:05,25,15,7.933,H1,7.602,1
P137,H1,dialysis,510,08:30,240,750,12:30,25,15,6.585,H1,6.585,1
P138,H1,dialysis,810,13:30,240,1050,17:30,25,15,6.523,H2,5.971,1
P139,H1,dialysis,825,13:45,240,1065,17:45,25,15,9.806,H1,9.806,1
P140,H2,other,585,09:45,40,625,10:25,35,25,10.043,H1,9.424,1
P141,H3,dialysis,480,08:00,245,725,12:05,25,15,2.425,H1,1.898,1
P142,H1,other,530,08:50,65,595,09:55,35,25,3.951,H1,3.951,1
P143,H1,dialysis,515,08:35,240,755,12:35,25,15,8.525,H2,8.114,1
P144,H2,other,855,14:15,40,895,14:55,35,25,4.151,H2,4.151,1
P145,H1,dialysis,495,08:15,240,735,12:15,25,15,3.836,H1,3.836,1
P146,H2,dialysis,510,08:30,270,780,13:00,25,15,7.592,H1,6.519,1
P147,H1,dialysis,795,13:15,240,1035,17:15,25,15,8.451,H1,8.451,1
P148,H1,dialysis,535,08:55,240,775,12:55,25,15,3.577,H2,2.816,1
P149,H2,other,525,08:45,35,560,09:20,35,25,11.565,H2,11.565,1
P150,H3,dialysis,480,08:00,245,725,12:05,25,15,4.977,H2,4.848,1
P151,H1,other,1045,17:25,60,1105,18:25,35,25,11.651,H1,11.651,1
P152,H1,dialysis,830,13:50,240,1070,17:50,25,15,8.686,H2,7.661,1
P153,H1,oncology,535,08:55,175,710,11:50,25,15,9.979,H1,9.979,1
P154,H3,dialysis,820,13:40,260,1080,18:00,25,15,8.655,H1,8.164,1
P155,H1,external,685,11:25,30,715,11:55,56,35,21.596,H2,20.49,1
P156,H2,oncology,505,08:25,255,760,12:40,25,15,10.678,H2,10.678,1
P157,H2,other,1020,17:00,40,1060,17:40,35,25,8.012,H1,6.892,1
P158,H2,oncology,950,15:50,250,1200,20:00,25,15,11.148,H2,11.148,1
P159,H1,dialysis,525,08:45,240,765,12:45,25,15,9.057,H2,7.951,1
P160,H1,dialysis,500,08:20,240,740,12:20,25,15,8.143,H2,7.326,1
P161,H1,oncology,695,11:35,170,865,14:25,25,15,10.444,H2,9.343,1
P162,H1,other,685,11:25,100,785,13:05,35,25,9.958,H2,8.86,1
P163,H2,oncology,825,13:45,95,920,15:20,25,15,10.639,H1,9.704,1
P164,H1,dialysis,520,08:40,240,760,12:40,25,15,8.024,H1,8.024,1
P165,H2,other,925,15:25,40,965,16:05,35,25,2.711,H2,2.711,1
P166,H1,dialysis,835,13:55,240,1075,17:55,25,15,7.447,H1,7.447,1
P167,H1,dialysis,500,08:20,240,740,12:20,25,15,8.291,H1,8.291,1
P168,H1,oncology,715,11:55,175,890,14:50,25,15,12.484,H2,11.57,1
P169,H1,oncology,515,08:35,160,675,11:15,25,15,3.972,H1,3.972,1
P170,H1,oncology,525,08:45,160,685,11:25,25,15,4.44,H2,3.754,1
P171,H1,other,690,11:30,115,805,13:25,35,25,3.722,H2,2.62,1
P172,H1,oncology,480,08:00,180,660,11:00,25,15,11.915,H2,11.414,1
P173,H1,external,595,09:55,20,615,10:15,45,35,8.436,H2,7.387,1
P174,H2,other,645,10:45,25,670,11:10,35,25,9.969,H2,9.969,1
P175,H1,other,630,10:30,85,715,11:55,35,25,13.898,H2,12.817,1
P176,H3,dialysis,805,13:25,270,1075,17:55,25,15,8.484,H2,7.876,1
P177,H1,oncology,510,08:30,160,670,11:10,25,15,4.175,H1,4.175,1
P178,H1,dialysis,520,08:40,240,760,12:40,25,15,8.162,H1,8.162,1
P179,H1,other,690,11:30,95,785,13:05,35,25,11.537,H2,10.422,1
P180,H1,other,535,08:55,75,610,10:10,35,25,13.041,H2,12.825,1
P181,H2,other,680,11:20,25,705,11:45,35,25,14.775,H2,14.775,1
P182,H1,external,1035,17:15,25,1060,17:40,45,35,16.112,H2,15.043,1
P183,H1,other,915,15:15,85,1000,16:40,35,25,13.085,H2,11.967,1
P184,H1,dialysis,780,13:00,240,1020,17:00,25,15,7.48,H2,6.679,1
P185,H1,other,665,11:05,75,740,12:20,35,25,12.383,H2,11.268,1
P186,H3,dialysis,835,13:55,210,1045,17:25,25,15,9.758,H1,9.27,1
P187,H1,dialysis,490,08:10,240,730,12:10,25,15,9.398,H2,8.95,1
P188,H1,dialysis,505,08:25,240,745,12:25,25,15,7.896,H2,7.641,1
P189,H2,other,685,11:25,25,710,11:50,35,25,8.405,H3,8.378,1
P190,H1,other,690,11:30,60,750,12:30,35,25,12.732,H3,12.642,1
P191,H2,other,845,14:05,25,870,14:30,35,25,14.762,H1,14.297,1
P192,H1,oncology,535,08:55,180,715,11:55,25,15,12.456,H2,11.742,1
P193,H2,dialysis,500,08:20,220,720,12:00,25,15,10.002,H1,8.921,1
P194,H3,dialysis,810,13:30,235,1045,17:25,25,15,7.06,H1,6.779,1
P195,H2,other,840,14:00,40,880,14:40,35,25,4.525,H2,4.525,1
P196,H1,oncology,700,11:40,175,875,14:35,25,15,11.43,H1,11.43,1
P197,H1,dialysis,1075,17:55,240,1315,21:55,25,15,2.143,H2,1.209,1
P198,H2,dialysis,495,08:15,240,735,12:15,25,15,9.393,H2,9.393,1
P199,H2,oncology,815,13:35,160,975,16:15,25,15,11.5,H2,11.5,1
P200,H2,other,865,14:25,30,895,14:55,35,25,10.271,H2,10.271,1
P201,H1,dialysis,525,08:45,240,765,12:45,25,15,9.186,H2,9.046,1
P202,H1,oncology,670,11:10,180,850,14:10,25,15,11.015,H1,11.015,1
P203,H1,dialysis,795,13:15,240,1035,17:15,25,15,2.602,H1,2.602,1
P204,H2,dialysis,515,08:35,235,750,12:30,25,15,4.49,H2,4.49,1
P205,H2,other,695,11:35,35,730,12:10,35,25,8.707,H1,7.711,1
P206,H2,oncology,825,13:45,95,920,15:20,25,15,12.432,H2,12.432,1
P207,H2,dialysis,520,08:40,240,760,12:40,25,15,8.384,H2,8.384,1
P208,H2,dialysis,505,08:25,245,750,12:30,25,15,2.747,H2,2.747,1
P209,H1,other,925,15:25,105,1030,17:10,35,25,8.977,H2,8.056,1
P210,H3,dialysis,525,08:45,210,735,12:15,25,15,9.203,H2,9.135,1
P211,H1,dialysis,490,08:10,240,730,12:10,25,15,2.784,H3,2.603,1
P212,H1,other,965,16:05,100,1065,17:45,35,25,8.998,H1,8.998,1
P213,H1,dialysis,795,13:15,240,1035,17:15,25,15,1.675,H1,1.675,1
P214,H1,dialysis,1025,17:05,240,1265,21:05,25,15,6.099,H2,5.03,1
P215,H1,dialysis,830,13:50,240,1070,17:50,25,15,6.46,H2,5.959,1
P216,H1,other,520,08:40,65,585,09:45,35,25,9.606,H1,9.606,1
P217,H2,dialysis,820,13:40,235,1055,17:35,25,15,6.971,H2,6.971,1
P218,H1,oncology,700,11:40,150,850,14:10,25,15,12.303,H2,11.238,1
P219,H1,other,690,11:30,65,755,12:35,35,25,14.989,H1,14.989,1
P220,H2,other,890,14:50,35,925,15:25,35,25,13.915,H1,13.57,1
P221,H2,other,560,09:20,25,585,09:45,35,25,13.152,H2,13.152,1
P222,H1,oncology,500,08:20,165,665,11:05,25,15,11.367,H1,11.367,1
P223,H1,other,865,14:25,100,965,16:05,35,25,13.456,H2,13.002,1
P224,H2,other,650,10:50,30,680,11:20,35,25,7.096,H1,6.516,1
P225,H1,other,870,14:30,110,980,16:20,35,25,6.53,H1,6.53,1
P226,H2,other,635,10:35,25,660,11:00,35,25,8.305,H2,8.305,1
P227,H2,other,540,09:00,30,570,09:30,35,25,14.719,H1,14.384,1
P228,H1,dialysis,1060,17:40,240,1300,21:40,25,15,9.033,H2,8.913,1
P229,H3,dialysis,500,08:20,235,735,12:15,25,15,0.799,H1,0.489,1
P230,H1,external,1000,16:40,20,1020,17:00,47,35,18.219,H1,18.219,1
P231,H2,oncology,535,08:55,315,850,14:10,25,15,8.703,H2,8.703,1
P232,H1,external,730,12:10,20,750,12:30,45,35,6.006,H2,5.461,1
P233,H2,other,560,09:20,35,595,09:55,35,25,8.194,H2,8.194,1
P234,H3,dialysis,805,13:25,235,1040,17:20,25,15,9.494,H1,8.985,1
P235,H1,other,915,15:15,75,990,16:30,35,25,8.705,H1,8.705,1
P236,H1,dialysis,515,08:35,240,755,12:35,25,15,4.236,H3,4.079,1
P237,H2,dialysis,835,13:55,255,1090,18:10,25,15,6.442,H1,5.368,1
P238,H1,other,970,16:10,80,1050,17:30,35,25,11.678,H1,11.678,1
P239,H1,other,855,14:15,95,950,15:50,35,25,14.698,H1,14.698,1
P240,H2,oncology,830,13:50,345,1175,19:35,25,15,9.884,H1,9.65,1
P241,H1,oncology,870,14:30,175,1045,17:25,25,15,10.01,H2,9.959,1
P242,H2,dialysis,815,13:35,255,1070,17:50,25,15,8.909,H2,8.909,1
P243,H2,other,640,10:40,40,680,11:20,35,25,13.011,H2,13.011,1
P244,H1,other,595,09:55,100,695,11:35,35,25,8.572,H2,7.568,1
P245,H1,external,1075,17:55,25,1100,18:20,55,35,21.274,H1,21.274,1
P246,H2,dialysis,815,13:35,240,1055,17:35,25,15,3.363,H1,2.244,1
P247,H1,oncology,675,11:15,180,855,14:15,25,15,10.112,H1,10.112,1
P248,H2,dialysis,805,13:25,230,1035,17:15,25,15,7.261,H1,6.314,1
P249,H3,dialysis,780,13:00,270,1050,17:30,25,15,5.269,H1,4.745,1
P250,H1,dialysis,820,13:40,240,1060,17:40,25,15,9.908,H3,9.802,1
P251,H1,oncology,880,14:40,170,1050,17:30,25,15,7.427,H1,7.427,1
P252,H1,other,555,09:15,105,660,11:00,35,25,13.791,H1,13.791,1
P253,H1,oncology,500,08:20,155,655,10:55,25,15,9.129,H3,8.949,1
P254,H1,other,665,11:05,110,775,12:55,35,25,7.444,H2,6.417,1
P255,H1,dialysis,520,08:40,240,760,12:40,25,15,9.615,H2,8.798,1
P256,H1,oncology,525,08:45,160,685,11:25,25,15,10.728,H3,10.713,1
P257,H1,external,740,12:20,20,760,12:40,45,35,13.015,H2,12.908,1
P258,H1,dialysis,530,08:50,240,770,12:50,25,15,7.981,H2,6.942,1
P259,H1,other,510,08:30,100,610,10:10,35,25,9.488,H2,8.657,1
P260,H2,oncology,535,08:55,350,885,14:45,25,15,9.409,H2,9.409,1
P261,H1,oncology,535,08:55,150,685,11:25,25,15,11.434,H1,11.434,1
P262,H1,dialysis,790,13:10,240,1030,17:10,25,15,9.524,H2,9.011,1
P263,H3,dialysis,800,13:20,220,1020,17:00,25,15,4.412,H1,4.121,1
P264,H2,dialysis,1045,17:25,265,1310,21:50,25,15,8.195,H2,8.195,1
P265,H2,dialysis,490,08:10,225,715,11:55,25,15,3.169,H1,2.583,1
P266,H2,dialysis,805,13:25,210,1015,16:55,25,15,8.578,H2,8.578,1
P267,H3,dialysis,515,08:35,240,755,12:35,25,15,6.149,H2,5.993,1
P268,H1,external,1020,17:00,20,1040,17:20,45,35,14.2,H1,14.2,1
P269,H1,oncology,660,11:00,160,820,13:40,25,15,3.9,H1,3.9,1
P270,H3,dialysis,505,08:25,235,740,12:20,25,15,9.219,H1,8.693,1
P271,H1,external,645,10:45,20,665,11:05,53,35,20.285,H2,19.446,1
P272,H1,external,855,14:15,25,880,14:40,45,35,11.11,H2,10.24,1
P273,H2,dialysis,525,08:45,215,740,12:20,25,15,7.556,H1,6.47,1
P274,H1,other,520,08:40,70,590,09:50,35,25,11.055,H2,9.986,1
P275,H2,oncology,800,13:20,100,900,15:00,25,15,6.383,H1,5.65,1
P276,H3,dialysis,800,13:20,240,1040,17:20,25,15,5.837,H1,5.309,1
P277,H2,oncology,505,08:25,340,845,14:05,25,15,9.619,H1,8.756,1
P278,H1,dialysis,510,08:30,240,750,12:30,25,15,9.021,H1,9.021,1
P279,H1,other,515,08:35,85,600,10:00,35,25,11.889,H1,11.889,1
P280,H1,dialysis,800,13:20,240,1040,17:20,25,15,9.474,H2,9.433,1
P281,H1,dialysis,480,08:00,240,720,12:00,25,15,9.991,H1,9.991,1
P282,H1,dialysis,1020,17:00,240,1260,21:00,25,15,7.308,H1,7.308,1
P283,H1,dialysis,800,13:20,240,1040,17:20,25,15,7.978,H1,7.978,1
P284,H1,oncology,520,08:40,165,685,11:25,25,15,8.449,H1,8.449,1
P285,H1,oncology,525,08:45,170,695,11:35,25,15,6.371,H1,6.371,1
P286,H1,external,1075,17:55,30,1105,18:25,53,35,20.222,H2,20.074,1
P287,H1,dialysis,505,08:25,240,745,12:25,25,15,7.113,H1,7.113,1
P288,H3,dialysis,495,08:15,260,755,12:35,25,15,8.971,H2,8.893,1
P289,H1,oncology,665,11:05,175,840,14:00,25,15,10.047,H1,10.047,1
P290,H2,oncology,490,08:10,115,605,10:05,25,15,3.639,H1,3.08,1
P291,H3,dialysis,795,13:15,270,1065,17:45,25,15,7.314,H1,6.831,1
P292,H2,other,555,09:15,35,590,09:50,35,25,12.287,H1,11.564,1
P293,H2,other,590,09:50,25,615,10:15,35,25,12.176,H2,12.176,1
P294,H2,dialysis,800,13:20,235,1035,17:15,25,15,8.725,H2,8.725,1
P295,H1,other,530,08:50,75,605,10:05,35,25,6.784,H2,6.069,1
P296,H1,other,710,11:50,75,785,13:05,35,25,13.104,H2,12.462,1
P297,H2,other,510,08:30,35,545,09:05,35,25,15.024,H2,15.024,1
P298,H1,dialysis,790,13:10,240,1030,17:10,25,15,5.691,H2,4.573,1
P299,H1,oncology,710,11:50,175,885,14:45,25,15,11.234,H2,10.941,1
P300,H2,dialysis,785,13:05,270,1055,17:35,25,15,7.884,H2,7.884,1
P301,H2,other,510,08:30,40,550,09:10,35,25,9.52,H1,8.409,1
P302,H1,other,885,14:45,80,965,16:05,35,25,9.045,H2,8.313,1
P303,H1,other,670,11:10,95,765,12:45,35,25,9.093,H2,8.149,1
P304,H1,oncology,520,08:40,170,690,11:30,25,15,11.686,H2,11.393,1
P305,H1,other,680,11:20,80,760,12:40,35,25,13.183,H1,13.183,1
P306,H3,dialysis,485,08:05,235,720,12:00,25,15,5.353,H3,5.353,1
P307,H1,oncology,535,08:55,155,690,11:30,25,15,10.179,H2,9.35,1
P308,H2,oncology,505,08:25,180,685,11:25,25,15,9.589,H1,8.551,1
P309,H1,dialysis,495,08:15,240,735,12:15,25,15,6.025,H2,5.338,1
P310,H1,other,975,16:15,65,1040,17:20,35,25,11.907,H1,11.907,1
P311,H2,oncology,830,13:50,350,1180,19:40,25,15,9.708,H3,9.505,1
P312,H2,other,920,15:20,25,945,15:45,35,25,13.176,H1,12.142,1
P313,H2,dialysis,805,13:25,270,1075,17:55,25,15,9.115,H2,9.115,1
P314,H2,other,520,08:40,25,545,09:05,35,25,10.316,H2,10.316,1
P315,H1,dialysis,510,08:30,240,750,12:30,25,15,6.305,H1,6.305,1
P316,H1,dialysis,820,13:40,240,1060,17:40,25,15,5.742,H3,5.659,1
P317,H1,other,520,08:40,110,630,10:30,35,25,12.541,H1,12.541,1
P318,H2,oncology,500,08:20,120,620,10:20,25,15,11.07,H2,11.07,1
P319,H1,other,525,08:45,80,605,10:05,35,25,11.895,H1,11.895,1
P320,H2,dialysis,505,08:25,260,765,12:45,25,15,9.698,H2,9.698,1
P321,H1,other,900,15:00,65,965,16:05,35,25,9.359,H1,9.359,1
P322,H3,dialysis,535,08:55,220,755,12:35,25,15,1.334,H2,0.791,1
P323,H1,other,655,10:55,70,725,12:05,35,25,8.355,H1,8.355,1
P324,H1,dialysis,535,08:55,240,775,12:55,25,15,6.817,H1,6.817,1
P325,H1,other,925,15:25,65,990,16:30,35,25,5.509,H1,5.509,1
P326,H1,dialysis,1040,17:20,240,1280,21:20,25,15,8.605,H2,7.639,1
P327,H1,dialysis,820,13:40,240,1060,17:40,25,15,7.828,H1,7.828,1
P328,H1,other,890,14:50,105,995,16:35,35,25,6.571,H1,6.571,1
P329,H1,other,565,09:25,65,630,10:30,35,25,5.382,H2,4.303,1
P330,H1,dialysis,795,13:15,240,1035,17:15,25,15,6.494,H1,6.494,1
P331,H1,other,530,08:50,85,615,10:15,35,25,9.513,H1,9.513,1
P332,H1,dialysis,810,13:30,240,1050,17:30,25,15,8.244,H1,8.244,1
P333,H1,other,510,08:30,115,625,10:25,35,25,9.242,H2,8.678,1
P334,H3,dialysis,520,08:40,250,770,12:50,25,15,8.997,H1,8.717,1
P335,H1,other,635,10:35,85,720,12:00,35,25,8.297,H1,8.297,1
P336,H2,other,540,09:00,35,575,09:35,35,25,8.148,H2,8.148,1
P337,H1,other,650,10:50,100,750,12:30,35,25,9.399,H2,8.865,1
P338,H1,oncology,675,11:15,170,845,14:05,25,15,7.049,H1,7.049,1
P339,H1,oncology,485,08:05,165,650,10:50,25,15,10.605,H1,10.605,1
P340,H1,oncology,685,11:25,155,840,14:00,25,15,11.558,H2,11.111,1
P341,H1,dialysis,785,13:05,240,1025,17:05,25,15,9.154,H2,8.695,1
P342,H2,other,1010,16:50,35,1045,17:25,35,25,12.748,H2,12.748,1
P343,H2,other,1020,17:00,25,1045,17:25,35,25,2.664,H1,2.242,1
P344,H3,dialysis,1060,17:40,260,1320,22:00,25,15,6.724,H1,6.218,1
P345,H2,other,870,14:30,30,900,15:00,35,25,14.869,H1,14.717,1
P346,H1,oncology,505,08:25,150,655,10:55,25,15,6.994,H2,5.884,1
P347,H2,other,685,11:25,25,710,11:50,35,25,11.895,H2,11.895,1
P348,H2,oncology,495,08:15,345,840,14:00,25,15,11.997,H1,11.026,1
P349,H1,dialysis,830,13:50,240,1070,17:50,25,15,8.987,H1,8.987,1
P350,H2,dialysis,510,08:30,240,750,12:30,25,15,7.061,H3,6.985,1
P351,H3,dialysis,525,08:45,255,780,13:00,25,15,1.132,H2,0.566,1
P352,H3,dialysis,815,13:35,265,1080,18:00,25,15,8.76,H1,8.266,1
P353,H1,external,990,16:30,30,1020,17:00,58,35,22.49,H1,22.49,1
P354,H2,dialysis,490,08:10,240,730,12:10,25,15,7.93,H1,6.816,1
P355,H1,other,880,14:40,80,960,16:00,35,25,13.987,H2,12.873,1
P356,H1,external,825,13:45,30,855,14:15,45,35,9.88,H2,8.77,1
P357,H1,other,925,15:25,70,995,16:35,35,25,14.611,H1,14.611,1
P358,H1,other,690,11:30,65,755,12:35,35,25,12.595,H1,12.595,1
P359,H1,other,580,09:40,85,665,11:05,35,25,13.914,H1,13.914,1
P360,H1,other,675,11:15,65,740,12:20,35,25,3.597,H2,2.593,1
P361,H2,other,875,14:35,35,910,15:10,35,25,10.282,H2,10.282,1
P362,H2,other,695,11:35,35,730,12:10,35,25,14.672,H1,13.551,1
P363,H1,other,970,16:10,100,1070,17:50,35,25,13.819,H1,13.819,1
P364,H2,oncology,515,08:35,275,790,13:10,25,15,11.881,H2,11.881,1
P365,H2,oncology,900,15:00,190,1090,18:10,25,15,11.535,H2,11.535,1
P366,H3,dialysis,1030,17:10,265,1295,21:35,25,15,3.695,H3,3.695,1
P367,H1,external,795,13:15,25,820,13:40,45,35,5.289,H2,4.169,1
P368,H2,oncology,525,08:45,270,795,13:15,25,15,5.325,H2,5.325,1
P369,H1,dialysis,510,08:30,240,750,12:30,25,15,9.237,H2,8.428,1
P370,H2,other,925,15:25,30,955,15:55,35,25,13.648,H2,13.648,1
P371,H2,other,900,15:00,30,930,15:30,35,25,12.781,H2,12.781,1
P372,H1,oncology,680,11:20,165,845,14:05,25,15,11.435,H2,10.354,1
P373,H2,dialysis,530,08:50,225,755,12:35,25,15,3.015,H2,3.015,1
P374,H2,dialysis,785,13:05,265,1050,17:30,25,15,7.102,H1,6.064,1
P375,H1,dialysis,800,13:20,240,1040,17:20,25,15,6.081,H1,6.081,1
P376,H1,other,705,11:45,90,795,13:15,35,25,3.53,H2,2.728,1
P377,H2,dialysis,810,13:30,240,1050,17:30,25,15,9.774,H1,8.744,1
P378,H3,dialysis,495,08:15,270,765,12:45,25,15,5.422,H2,5.367,1
P379,H1,external,975,16:15,30,1005,16:45,45,35,16.984,H2,16.63,1
P380,H1,other,675,11:15,115,790,13:10,35,25,11.877,H2,10.803,1
P381,H2,dialysis,500,08:20,260,760,12:40,25,15,6.429,H3,6.222,1
P382,H1,oncology,700,11:40,155,855,14:15,25,15,11.311,H1,11.311,1
P383,H1,external,865,14:25,20,885,14:45,45,35,15.112,H1,15.112,1
P384,H2,dialysis,815,13:35,250,1065,17:45,25,15,9.247,H3,9.083,1
P385,H1,external,605,10:05,25,630,10:30,45,35,10.318,H1,10.318,1
P386,H1,dialysis,505,08:25,240,745,12:25,25,15,2.631,H2,2.009,1
P387,H1,dialysis,800,13:20,240,1040,17:20,25,15,9.584,H1,9.584,1
P388,H1,dialysis,535,08:55,240,775,12:55,25,15,5.786,H2,5.538,1
P389,H2,dialysis,520,08:40,260,780,13:00,25,15,6.97,H1,5.875,1
P390,H2,dialysis,510,08:30,220,730,12:10,25,15,4.76,H2,4.76,1
P391,H3,dialysis,1070,17:50,215,1285,21:25,25,15,4.292,H1,3.772,1
P392,H2,dialysis,535,08:55,270,805,13:25,25,15,6.006,H2,6.006,1
P393,H3,dialysis,835,13:55,225,1060,17:40,25,15,8.738,H2,8.132,1
P394,H1,other,695,11:35,70,765,12:45,35,25,12.013,H1,12.013,1
P395,H2,dialysis,835,13:55,235,1070,17:50,25,15,4.128,H2,4.128,1
P396,H1,dialysis,505,08:25,240,745,12:25,25,15,1.813,H1,1.813,1
P397,H2,dialysis,820,13:40,240,1060,17:40,25,15,9.815,H1,8.797,1
P398,H1,dialysis,535,08:55,240,775,12:55,25,15,9.234,H2,8.546,1
P399,H1,other,995,16:35,110,1105,18:25,35,25,11.387,H1,11.387,1
P400,H1,dialysis,505,08:25,240,745,12:25,25,15,7.597,H2,6.603,1
P401,H3,dialysis,800,13:20,260,1060,17:40,25,15,3.558,H1,3.088,1
P402,H1,dialysis,810,13:30,240,1050,17:30,25,15,8.265,H1,8.265,1
P403,H1,other,515,08:35,95,610,10:10,35,25,7.17,H2,6.572,1
P404,H1,dialysis,780,13:00,240,1020,17:00,25,15,4.995,H2,3.931,1
P405,H3,dialysis,815,13:35,210,1025,17:05,25,15,9.376,H1,8.87,1
P406,H1,dialysis,815,13:35,240,1055,17:35,25,15,9.396,H3,9.302,1
P407,H3,dialysis,820,13:40,265,1085,18:05,25,15,9.746,H1,9.555,1
P408,H1,dialysis,505,08:25,240,745,12:25,25,15,9.887,H1,9.887,1
P409,H1,dialysis,515,08:35,240,755,12:35,25,15,6.607,H2,6.155,1
P410,H1,dialysis,495,08:15,240,735,12:15,25,15,7.506,H2,6.462,1
P411,H3,dialysis,790,13:10,270,1060,17:40,25,15,8.186,H1,7.662,1
P412,H1,other,520,08:40,105,625,10:25,35,25,11.779,H1,11.779,1
P413,H1,other,680,11:20,115,795,13:15,35,25,10.437,H2,10.272,1
P414,H1,dialysis,510,08:30,240,750,12:30,25,15,8.101,H2,7.798,1
P415,H1,external,595,09:55,30,625,10:25,57,35,22.025,H2,20.946,1
P416,H1,dialysis,520,08:40,240,760,12:40,25,15,4.117,H2,3.025,1
P417,H2,other,550,09:10,40,590,09:50,35,25,14.488,H2,14.488,1
P418,H1,dialysis,490,08:10,240,730,12:10,25,15,6.438,H2,5.946,1
P419,H2,oncology,940,15:40,115,1055,17:35,25,15,4.423,H1,3.588,1
P420,H1,other,690,11:30,85,775,12:55,35,25,12.714,H2,12.086,1
P421,H2,oncology,485,08:05,60,545,09:05,25,15,4.988,H2,4.988,1
P422,H1,oncology,525,08:45,170,695,11:35,25,15,4.484,H1,4.484,1
P423,H3,dialysis,535,08:55,255,790,13:10,25,15,9.119,H1,8.943,1
P424,H3,dialysis,790,13:10,270,1060,17:40,25,15,7.456,H2,6.87,1
P425,H1,other,915,15:15,75,990,16:30,35,25,9.755,H1,9.755,1
P426,H1,other,685,11:25,70,755,12:35,35,25,8.971,H1,8.971,1
P427,H2,dialysis,780,13:00,235,1015,16:55,25,15,8.359,H2,8.359,1
P428,H2,dialysis,785,13:05,210,995,16:35,25,15,9.982,H1,8.862,1
P429,H1,oncology,530,08:50,150,680,11:20,25,15,11.097,H1,11.097,1
P430,H2,dialysis,505,08:25,260,765,12:45,25,15,7.06,H1,6.218,1
P431,H2,dialysis,505,08:25,270,775,12:55,25,15,4.822,H2,4.822,1
P432,H1,external,865,14:25,30,895,14:55,49,35,18.774,H2,17.904,1
P433,H1,oncology,530,08:50,180,710,11:50,25,15,2.915,H2,2.025,1
P434,H1,other,565,09:25,115,680,11:20,35,25,5.12,H2,4.596,1
P435,H2,dialysis,820,13:40,240,1060,17:40,25,15,2.484,H2,2.484,1
P436,H2,dialysis,500,08:20,235,735,12:15,25,15,6.03,H1,5.15,1
P437,H1,dialysis,525,08:45,240,765,12:45,25,15,3.08,H2,1.96,1
P438,H1,other,565,09:25,80,645,10:45,35,25,13.259,H1,13.259,1
P439,H1,oncology,685,11:25,160,845,14:05,25,15,4.152,H2,3.4,1
P440,H1,external,820,13:40,25,845,14:05,45,35,14.859,H2,13.944,1
P441,H3,dialysis,525,08:45,215,740,12:20,25,15,5.468,H1,5.205,1
P442,H3,dialysis,485,08:05,220,705,11:45,25,15,4.051,H1,3.891,1
P443,H2,dialysis,805,13:25,255,1060,17:40,25,15,3.832,H1,3.139,1
P444,H3,dialysis,485,08:05,225,710,11:50,25,15,9.164,H2,8.803,1
P445,H1,oncology,520,08:40,150,670,11:10,25,15,3.942,H1,3.942,1
P446,H2,oncology,810,13:30,70,880,14:40,25,15,6.408,H2,6.408,1
P447,H2,other,1035,17:15,40,1075,17:55,35,25,8.389,H1,7.615,1
P448,H1,other,585,09:45,80,665,11:05,35,25,9.025,H1,9.025,1
P449,H1,dialysis,785,13:05,240,1025,17:05,25,15,4.436,H2,3.437,1
P450,H1,oncology,860,14:20,165,1025,17:05,25,15,11.938,H2,10.838,1
P451,H1,other,560,09:20,100,660,11:00,35,25,14.895,H2,14.208,1
P452,H2,other,535,08:55,35,570,09:30,35,25,9.831,H2,9.831,1
P453,H2,dialysis,480,08:00,250,730,12:10,25,15,7.348,H1,6.674,1
P454,H2,oncology,800,13:20,355,1155,19:15,25,15,7.562,H2,7.562,1
P455,H1,other,580,09:40,85,665,11:05,35,25,6.147,H1,6.147,1
P456,H1,dialysis,830,13:50,240,1070,17:50,25,15,6.771,H1,6.771,1
P457,H2,other,920,15:20,30,950,15:50,35,25,11.917,H1,11.044,1
P458,H1,other,555,09:15,65,620,10:20,35,25,8.548,H2,8.245,1
P459,H1,other,705,11:45,120,825,13:45,35,25,7.966,H2,7.216,1
P460,H1,oncology,885,14:45,165,1050,17:30,25,15,7.435,H2,6.514,1
P461,H1,oncology,530,08:50,165,695,11:35,25,15,1.405,H2,1.342,1
P462,H1,dialysis,790,13:10,240,1030,17:10,25,15,6.837,H1,6.837,1
P463,H1,other,510,08:30,70,580,09:40,35,25,5.916,H1,5.916,1
P464,H2,dialysis,825,13:45,235,1060,17:40,25,15,8.246,H2,8.246,1
P465,H2,other,535,08:55,30,565,09:25,35,25,8.128,H2,8.128,1
P466,H2,other,565,09:25,30,595,09:55,35,25,10.679,H2,10.679,1
P467,H3,dialysis,520,08:40,270,790,13:10,25,15,8.29,H1,7.85,1
P468,H1,dialysis,485,08:05,240,725,12:05,25,15,1.621,H3,1.415,1
P469,H2,oncology,945,15:45,110,1055,17:35,25,15,10.909,H1,10.553,1
P470,H2,other,920,15:20,35,955,15:55,35,25,13.921,H2,13.921,1
P471,H3,dialysis,490,08:10,235,725,12:05,25,15,3.129,H2,2.528,1
P472,H2,other,860,14:20,35,895,14:55,35,25,11.754,H1,11.118,1
P473,H2,other,590,09:50,35,625,10:25,35,25,9.255,H2,9.255,1
P474,H1,external,630,10:30,20,650,10:50,45,35,13.835,H1,13.835,1
P475,H1,oncology,530,08:50,160,690,11:30,25,15,3.929,H2,3.095,1
P476,H1,other,585,09:45,70,655,10:55,35,25,12.332,H1,12.332,1
P477,H3,dialysis,480,08:00,270,750,12:30,25,15,4.558,H2,4.405,1
P478,H2,dialysis,505,08:25,225,730,12:10,25,15,9.209,H2,9.209,1
P479,H3,dialysis,815,13:35,215,1030,17:10,25,15,8.284,H2,8.18,1
P480,H2,other,1050,17:30,25,1075,17:55,35,25,9.915,H1,9.473,1
P481,H1,dialysis,515,08:35,240,755,12:35,25,15,3.845,H1,3.845,1
P482,H2,oncology,935,15:35,335,1270,21:10,25,15,7.477,H1,6.81,1
P483,H2,other,990,16:30,35,1025,17:05,35,25,4.593,H1,3.481,1
P484,H2,dialysis,505,08:25,260,765,12:45,25,15,9.702,H3,9.548,1
P485,H2,other,535,08:55,35,570,09:30,35,25,11.598,H2,11.598,1
P486,H1,external,1005,16:45,25,1030,17:10,51,35,19.804,H2,18.801,1
P487,H2,other,595,09:55,30,625,10:25,35,25,13.291,H2,13.291,1
P488,H2,dialysis,825,13:45,250,1075,17:55,25,15,8.83,H1,8.091,1
P489,H1,external,730,12:10,25,755,12:35,45,35,13.48,H1,13.48,1
P490,H1,dialysis,495,08:15,240,735,12:15,25,15,3.104,H3,2.964,1
P491,H2,oncology,790,13:10,250,1040,17:20,25,15,7.564,H3,7.505,1
P492,H1,other,905,15:05,105,1010,16:50,35,25,9.504,H2,8.398,1
P493,H1,other,845,14:05,60,905,15:05,35,25,8.22,H2,7.291,1
P494,H3,dialysis,480,08:00,240,720,12:00,25,15,5.523,H2,5.202,1
P495,H2,other,645,10:45,25,670,11:10,35,25,12.258,H2,12.258,1
P496,H2,other,700,11:40,35,735,12:15,35,25,12.535,H2,12.535,1
P497,H2,other,690,11:30,30,720,12:00,35,25,11.327,H1,10.576,1
P498,H1,dialysis,480,08:00,240,720,12:00,25,15,8.438,H1,8.438,1
P499,H1,other,700,11:40,95,795,13:15,35,25,7.604,H2,7.048,1
P500,H3,dialysis,520,08:40,270,790,13:10,25,15,4.51,H2,4.432,1
P501,H1,oncology,660,11:00,160,820,13:40,25,15,11.282,H2,10.603,1
P502,H2,oncology,835,13:55,65,900,15:00,25,15,11.299,H2,11.299,1
P503,H1,other,565,09:25,70,635,10:35,35,25,13.114,H2,12.769,1
P504,H2,dialysis,490,08:10,210,700,11:40,25,15,7.686,H2,7.686,1
P505,H1,dialysis,520,08:40,240,760,12:40,25,15,3.068,H2,2.463,1
P506,H1,oncology,520,08:40,165,685,11:25,25,15,6.654,H2,6.297,1
P507,H1,other,705,11:45,70,775,12:55,35,25,12.531,H1,12.531,1
P508,H2,other,1025,17:05,25,1050,17:30,35,25,8.794,H1,8.666,1
P509,H1,dialysis,500,08:20,240,740,12:20,25,15,7.129,H1,7.129,1
P510,H1,oncology,660,11:00,175,835,13:55,25,15,11.173,H2,10.522,1
P511,H1,dialysis,825,13:45,240,1065,17:45,25,15,4.956,H2,4.497,1
P512,H2,other,695,11:35,40,735,12:15,35,25,14.41,H3,14.33,1
P513,H2,dialysis,520,08:40,225,745,12:25,25,15,3.554,H2,3.554,1
P514,H2,dialysis,495,08:15,250,745,12:25,25,15,8.626,H2,8.626,1
P515,H2,dialysis,825,13:45,235,1060,17:40,25,15,9.806,H1,9.199,1
P516,H2,other,550,09:10,35,585,09:45,35,25,3.786,H1,2.961,1
P517,H3,dialysis,485,08:05,225,710,11:50,25,15,4.058,H1,3.759,1
P518,H2,other,990,16:30,25,1015,16:55,35,25,10.781,H1,9.99,1
P519,H1,other,925,15:25,120,1045,17:25,35,25,10.419,H2,9.85,1
P520,H1,dialysis,1070,17:50,240,1310,21:50,25,15,8.672,H1,8.672,1
P521,H1,dialysis,1055,17:35,240,1295,21:35,25,15,8.499,H2,7.436,1
P522,H2,other,550,09:10,35,585,09:45,35,25,13.446,H1,13.298,1
P523,H1,oncology,535,08:55,155,690,11:30,25,15,9.712,H2,8.612,1
P524,H1,dialysis,830,13:50,240,1070,17:50,25,15,9.719,H1,9.719,1
P525,H3,dialysis,830,13:50,270,1100,18:20,25,15,7.798,H1,7.595,1
P526,H1,dialysis,800,13:20,240,1040,17:20,25,15,6.853,H2,5.817,1
P527,H1,dialysis,825,13:45,240,1065,17:45,25,15,8.435,H1,8.435,1
P528,H1,other,650,10:50,100,750,12:30,35,25,14.495,H2,13.9,1
P529,H2,oncology,535,08:55,215,750,12:30,25,15,6.434,H2,6.434,1
P530,H1,other,665,11:05,80,745,12:25,35,25,14.261,H2,14.117,1
P531,H1,dialysis,510,08:30,240,750,12:30,25,15,9.748,H2,8.789,1
P532,H1,oncology,675,11:15,180,855,14:15,25,15,2.017,H3,1.813,1
P533,H1,oncology,485,08:05,180,665,11:05,25,15,7.505,H2,7.113,1
P534,H1,external,970,16:10,20,990,16:30,58,35,22.283,H1,22.283,1
P535,H1,dialysis,800,13:20,240,1040,17:20,25,15,6.077,H1,6.077,1
P536,H1,other,875,14:35,75,950,15:50,35,25,12.081,H1,12.081,1
P537,H1,dialysis,795,13:15,240,1035,17:15,25,15,5.889,H1,5.889,1
P538,H1,other,680,11:20,115,795,13:15,35,25,13.138,H1,13.138,1
P539,H1,dialysis,525,08:45,240,765,12:45,25,15,8.521,H2,7.418,1
P540,H2,oncology,815,13:35,235,1050,17:30,25,15,11.774,H1,10.939,1
P541,H2,other,515,08:35,40,555,09:15,35,25,14.91,H2,14.91,1
P542,H2,other,675,11:15,40,715,11:55,35,25,13.081,H1,11.999,1
P543,H1,other,900,15:00,85,985,16:25,35,25,11.895,H2,11.049,1
P544,H1,other,555,09:15,90,645,10:45,35,25,12.735,H2,11.628,1
P545,H1,dialysis,525,08:45,240,765,12:45,25,15,6.288,H1,6.288,1
P546,H1,dialysis,800,13:20,240,1040,17:20,25,15,2.177,H1,2.177,1
P547,H2,oncology,500,08:20,275,775,12:55,25,15,12.316,H2,12.316,1
P548,H2,dialysis,810,13:30,220,1030,17:10,25,15,6.47,H1,5.586,1
P549,H1,dialysis,785,13:05,240,1025,17:05,25,15,6.647,H3,6.62,1
P550,H2,dialysis,520,08:40,235,755,12:35,25,15,7.672,H2,7.672,1
P551,H1,other,640,10:40,90,730,12:10,35,25,13.699,H1,13.699,1
P552,H2,dialysis,490,08:10,260,750,12:30,25,15,8.833,H1,7.725,1
P553,H2,dialysis,490,08:10,265,755,12:35,25,15,5.092,H1,4.283,1
P554,H2,other,685,11:25,30,715,11:55,35,25,7.549,H2,7.549,1
P555,H1,dialysis,520,08:40,240,760,12:40,25,15,4.941,H2,4.313,1
P556,H1,other,905,15:05,60,965,16:05,35,25,11.789,H2,10.668,1
P557,H2,other,585,09:45,25,610,10:10,35,25,7.916,H1,6.801,1
P558,H1,other,570,09:30,95,665,11:05,35,25,14.751,H1,14.751,1
P559,H1,oncology,505,08:25,165,670,11:10,25,15,11.684,H1,11.684,1
P560,H1,oncology,690,11:30,150,840,14:00,25,15,4.284,H1,4.284,1
P561,H1,oncology,485,08:05,165,650,10:50,25,15,8.749,H1,8.749,1
P562,H3,dialysis,480,08:00,235,715,11:55,25,15,3.463,H2,3.062,1
P563,H1,oncology,495,08:15,155,650,10:50,25,15,12.427,H1,12.427,1
P564,H1,dialysis,500,08:20,240,740,12:20,25,15,8.713,H1,8.713,1
P565,H1,other,690,11:30,115,805,13:25,35,25,10.761,H1,10.761,1
P566,H3,dialysis,800,13:20,230,1030,17:10,25,15,5.841,H2,5.593,1
P567,H1,oncology,530,08:50,170,700,11:40,25,15,12.268,H2,11.265,1
P568,H1,other,560,09:20,85,645,10:45,35,25,6.481,H1,6.481,1
P569,H2,other,530,08:50,25,555,09:15,35,25,13.915,H1,13.834,1
P570,H1,dialysis,800,13:20,240,1040,17:20,25,15,1.7,H2,0.584,1
P571,H1,oncology,675,11:15,150,825,13:45,25,15,5.769,H2,5.01,1
P572,H2,oncology,515,08:35,285,800,13:20,25,15,11.64,H1,11.492,1
P573,H2,dialysis,810,13:30,215,1025,17:05,25,15,7.864,H2,7.864,1
P574,H1,dialysis,815,13:35,240,1055,17:35,25,15,5.947,H1,5.947,1
P575,H1,other,570,09:30,115,685,11:25,35,25,9.547,H2,9.314,1
P576,H2,oncology,515,08:35,130,645,10:45,25,15,6.162,H2,6.162,1
P577,H1,dialysis,785,13:05,240,1025,17:05,25,15,6.245,H2,5.124,1
P578,H2,other,545,09:05,25,570,09:30,35,25,13.653,H2,13.653,1
P579,H2,other,865,14:25,30,895,14:55,35,25,13.14,H1,12.561,1
P580,H3,dialysis,780,13:00,240,1020,17:00,25,15,8.859,H1,8.506,1
P581,H1,dialysis,525,08:45,240,765,12:45,25,15,7.882,H1,7.882,1
P582,H1,dialysis,795,13:15,240,1035,17:15,25,15,9.002,H2,8.28,1
P583,H1,dialysis,485,08:05,240,725,12:05,25,15,9.84,H2,8.738,1
P584,H1,dialysis,810,13:30,240,1050,17:30,25,15,2.199,H3,1.947,1
P585,H1,other,1025,17:05,90,1115,18:35,35,25,9.023,H1,9.023,1
P586,H2,other,855,14:15,30,885,14:45,35,25,14.151,H2,14.151,1
P587,H2,other,675,11:15,25,700,11:40,35,25,5.877,H2,5.877,1
P588,H2,dialysis,520,08:40,215,735,12:15,25,15,8.565,H1,8.295,1
P589,H3,dialysis,780,13:00,235,1015,16:55,25,15,8.541,H1,8.102,1
P590,H2,other,560,09:20,40,600,10:00,35,25,5.535,H2,5.535,1
P591,H2,other,665,11:05,25,690,11:30,35,25,11.285,H2,11.285,1
P592,H1,other,565,09:25,100,665,11:05,35,25,13.005,H2,12.189,1
P593,H1,dialysis,535,08:55,240,775,12:55,25,15,6.563,H1,6.563,1
P594,H1,oncology,485,08:05,175,660,11:00,25,15,12.013,H1,12.013,1
P595,H1,oncology,520,08:40,165,685,11:25,25,15,11.19,H2,10.243,1
P596,H1,other,660,11:00,75,735,12:15,35,25,13.333,H1,13.333,1
P597,H1,other,540,09:00,80,620,10:20,35,25,10.975,H1,10.975,1
P598,H1,other,715,11:55,100,815,13:35,35,25,4.224,H2,3.807,1
P599,H1,other,905,15:05,115,1020,17:00,35,25,14.471,H1,14.471,1
P600,H3,dialysis,480,08:00,215,695,11:35,25,15,2.283,H2,2.189,1
P601,H2,dialysis,1020,17:00,255,1275,21:15,25,15,10.004,H1,9.529,1
P602,H1,dialysis,835,13:55,240,1075,17:55,25,15,3.471,H1,3.471,1
P603,H1,dialysis,1055,17:35,240,1295,21:35,25,15,9.084,H2,8.073,1
P604,H1,other,880,14:40,120,1000,16:40,35,25,12.903,H1,12.903,1
P605,H1,other,1040,17:20,60,1100,18:20,35,25,7.68,H1,7.68,1
P606,H1,other,570,09:30,75,645,10:45,35,25,13.06,H1,13.06,1
P607,H1,dialysis,515,08:35,240,755,12:35,25,15,4.451,H1,4.451,1
P608,H1,other,1010,16:50,75,1085,18:05,35,25,6.4,H1,6.4,1
P609,H2,dialysis,500,08:20,235,735,12:15,25,15,7.456,H2,7.456,1
P610,H2,dialysis,520,08:40,270,790,13:10,25,15,8.251,H1,7.954,1
P611,H1,other,540,09:00,95,635,10:35,35,25,13.299,H2,12.429,1
P612,H1,other,905,15:05,60,965,16:05,35,25,12.9,H1,12.9,1
P613,H1,other,550,09:10,60,610,10:10,35,25,7.698,H1,7.698,1
P614,H1,other,515,08:35,90,605,10:05,35,25,14.914,H2,14.377,1
P615,H1,other,510,08:30,110,620,10:20,35,25,8.487,H1,8.487,1
P616,H1,dialysis,495,08:15,240,735,12:15,25,15,4.5,H2,3.404,1
P617,H2,other,590,09:50,40,630,10:30,35,25,8.167,H1,7.168,1
P618,H2,other,665,11:05,25,690,11:30,35,25,13.449,H2,13.449,1
P619,H1,dialysis,815,13:35,240,1055,17:35,25,15,5.655,H2,4.74,1
P620,H1,other,540,09:00,115,655,10:55,35,25,12.394,H1,12.394,1
P621,H2,other,520,08:40,30,550,09:10,35,25,10.418,H2,10.418,1
P622,H2,oncology,935,15:35,250,1185,19:45,25,15,9.699,H1,8.577,1
P623,H3,dialysis,825,13:45,210,1035,17:15,25,15,6.633,H2,6.309,1
P624,H1,oncology,660,11:00,170,830,13:50,25,15,6.511,H2,5.391,1
P625,H2,dialysis,835,13:55,250,1085,18:05,25,15,1.712,H3,1.701,1
P626,H3,dialysis,495,08:15,255,750,12:30,25,15,6.533,H1,6.028,1
P627,H1,dialysis,805,13:25,240,1045,17:25,25,15,7.06,H3,6.914,1
P628,H3,dialysis,505,08:25,230,735,12:15,25,15,4.369,H1,4.158,1
P629,H1,oncology,525,08:45,160,685,11:25,25,15,1.206,H1,1.206,1
P630,H1,other,1005,16:45,115,1120,18:40,35,25,10.142,H2,9.879,1
P631,H1,oncology,480,08:00,150,630,10:30,25,15,11.194,H2,10.994,1
P632,H2,other,675,11:15,30,705,11:45,35,25,14.317,H1,13.712,1
P633,H2,other,840,14:00,25,865,14:25,35,25,8.392,H2,8.392,1
P634,H2,dialysis,825,13:45,260,1085,18:05,25,15,5.366,H2,5.366,1
P635,H1,other,665,11:05,75,740,12:20,35,25,5.284,H3,5.195,1
P636,H1,other,535,08:55,120,655,10:55,35,25,9.131,H1,9.131,1
P637,H1,oncology,520,08:40,180,700,11:40,25,15,6.932,H1,6.932,1
P638,H1,other,525,08:45,70,595,09:55,35,25,12.797,H1,12.797,1
P639,H1,oncology,495,08:15,155,650,10:50,25,15,11.36,H3,11.195,1
P640,H1,oncology,885,14:45,160,1045,17:25,25,15,7.287,H1,7.287,1
P641,H1,external,630,10:30,20,650,10:50,45,35,12.154,H2,11.091,1
P642,H1,oncology,530,08:50,150,680,11:20,25,15,10.284,H2,9.164,1
P643,H1,dialysis,800,13:20,240,1040,17:20,25,15,4.714,H3,4.592,1
P644,H1,other,560,09:20,90,650,10:50,35,25,10.805,H1,10.805,1
P645,H1,external,550,09:10,30,580,09:40,47,35,18.162,H2,17.69,1
P646,H1,other,580,09:40,90,670,11:10,35,25,15.015,H2,14.438,1
P647,H1,dialysis,1075,17:55,240,1315,21:55,25,15,6.028,H3,5.951,1
P648,H1,dialysis,535,08:55,240,775,12:55,25,15,5.801,H2,4.71,1
P649,H1,oncology,710,11:50,175,885,14:45,25,15,9.701,H2,9.216,1
P650,H1,dialysis,815,13:35,240,1055,17:35,25,15,2.635,H1,2.635,1
P651,H1,oncology,715,11:55,160,875,14:35,25,15,11.46,H1,11.46,1
P652,H2,dialysis,520,08:40,240,760,12:40,25,15,5.002,H2,5.002,1
P653,H1,dialysis,510,08:30,240,750,12:30,25,15,9.562,H1,9.562,1
P654,H1,other,575,09:35,85,660,11:00,35,25,9.527,H1,9.527,1
P655,H2,dialysis,500,08:20,230,730,12:10,25,15,5.082,H1,3.984,1
P656,H1,dialysis,825,13:45,240,1065,17:45,25,15,7.11,H1,7.11,1
P657,H1,oncology,490,08:10,160,650,10:50,25,15,11.665,H2,10.555,1
P658,H1,dialysis,505,08:25,240,745,12:25,25,15,6.815,H1,6.815,1
P659,H1,oncology,505,08:25,150,655,10:55,25,15,12.375,H1,12.375,1
P660,H2,other,545,09:05,25,570,09:30,35,25,5.307,H2,5.307,1
P661,H2,dialysis,780,13:00,225,1005,16:45,25,15,6.57,H2,6.57,1
P662,H1,other,840,14:00,60,900,15:00,35,25,13.481,H1,13.481,1
P663,H1,dialysis,490,08:10,240,730,12:10,25,15,8.896,H2,8.337,1
P664,H2,oncology,530,08:50,80,610,10:10,25,15,10.49,H1,9.942,1
P665,H2,other,1035,17:15,35,1070,17:50,35,25,6.29,H1,5.256,1
P666,H2,dialysis,810,13:30,210,1020,17:00,25,15,9.408,H2,9.408,1
P667,H3,dialysis,815,13:35,210,1025,17:05,25,15,9.346,H2,8.834,1
P668,H1,other,905,15:05,60,965,16:05,35,25,14.425,H1,14.425,1
P669,H1,other,685,11:25,110,795,13:15,35,25,12.844,H1,12.844,1
P670,H2,oncology,505,08:25,295,800,13:20,25,15,5.963,H2,5.963,1
P671,H3,dialysis,505,08:25,245,750,12:30,25,15,7.951,H1,7.488,1
P672,H3,dialysis,780,13:00,245,1025,17:05,25,15,1.671,H2,1.07,1
P673,H1,dialysis,515,08:35,240,755,12:35,25,15,8.874,H2,8.534,1
P674,H2,dialysis,535,08:55,210,745,12:25,25,15,6.218,H1,5.101,1
P675,H1,other,535,08:55,70,605,10:05,35,25,8.631,H2,7.582,1
P676,H1,dialysis,520,08:40,240,760,12:40,25,15,8.269,H3,8.166,1
P677,H1,other,710,11:50,75,785,13:05,35,25,2.98,H2,2.13,1
P678,H1,external,1040,17:20,25,1065,17:45,56,35,21.422,H2,20.491,1
P679,H1,dialysis,830,13:50,240,1070,17:50,25,15,3.581,H1,3.581,1
P680,H2,other,875,14:35,40,915,15:15,35,25,8.717,H2,8.717,1
P681,H1,oncology,695,11:35,160,855,14:15,25,15,7.289,H1,7.289,1
P682,H1,other,870,14:30,95,965,16:05,35,25,10.168,H1,10.168,1
P683,H1,dialysis,500,08:20,240,740,12:20,25,15,6.76,H2,5.652,1
P684,H2,other,640,10:40,25,665,11:05,35,25,4.265,H2,4.265,1
P685,H1,other,635,10:35,75,710,11:50,35,25,5.584,H1,5.584,1
P686,H2,other,695,11:35,30,725,12:05,35,25,14.107,H2,14.107,1
P687,H2,dialysis,795,13:15,230,1025,17:05,25,15,8.88,H3,8.744,1
P688,H2,dialysis,810,13:30,255,1065,17:45,25,15,7.932,H2,7.932,1
P689,H2,oncology,835,13:55,215,1050,17:30,25,15,5.026,H1,4.587,1
P690,H1,other,1030,17:10,115,1145,19:05,35,25,13.876,H2,12.993,1
P691,H2,oncology,835,13:55,70,905,15:05,25,15,9.123,H2,9.123,1
P692,H1,other,670,11:10,80,750,12:30,35,25,13.027,H1,13.027,1
P693,H1,external,955,15:55,30,985,16:25,55,35,21.363,H2,20.299,1
P694,H1,oncology,675,11:15,165,840,14:00,25,15,8.099,H1,8.099,1
P695,H1,oncology,865,14:25,180,1045,17:25,25,15,6.307,H2,5.228,1
P696,H1,dialysis,500,08:20,240,740,12:20,25,15,3.921,H1,3.921,1
P697,H1,dialysis,810,13:30,240,1050,17:30,25,15,7.254,H2,6.141,1
P698,H3,dialysis,530,08:50,265,795,13:15,25,15,6.915,H2,6.496,1
P699,H2,dialysis,485,08:05,255,740,12:20,25,15,3.211,H2,3.211,1
P700,H2,other,860,14:20,40,900,15:00,35,25,9.385,H2,9.385,1
P701,H1,other,905,15:05,85,990,16:30,35,25,2.497,H2,1.419,1
P702,H2,other,515,08:35,35,550,09:10,35,25,11.78,H2,11.78,1
P703,H1,dialysis,810,13:30,240,1050,17:30,25,15,5.557,H2,4.45,1
P704,H2,other,920,15:20,30,950,15:50,35,25,7.439,H2,7.439,1
P705,H2,other,990,16:30,35,1025,17:05,35,25,6.075,H2,6.075,1
P706,H1,oncology,535,08:55,165,700,11:40,25,15,2.371,H2,2.09,1
P707,H2,other,900,15:00,35,935,15:35,35,25,4.863,H1,4.566,1
P708,H2,dialysis,510,08:30,225,735,12:15,25,15,6.685,H2,6.685,1
P709,H3,dialysis,485,08:05,240,725,12:05,25,15,6.35,H1,5.841,1
P710,H3,dialysis,530,08:50,240,770,12:50,25,15,9.608,H1,9.27,1
P711,H1,external,730,12:10,20,750,12:30,45,35,14.511,H1,14.511,1
P712,H1,dialysis,805,13:25,240,1045,17:25,25,15,5.205,H1,5.205,1
P713,H1,other,575,09:35,80,655,10:55,35,25,13.969,H1,13.969,1
P714,H1,dialysis,780,13:00,240,1020,17:00,25,15,5.984,H1,5.984,1
P715,H1,dialysis,480,08:00,240,720,12:00,25,15,3.763,H2,2.697,1
P716,H1,oncology,515,08:35,160,675,11:15,25,15,5.578,H1,5.578,1
P717,H2,oncology,485,08:05,215,700,11:40,25,15,11.601,H2,11.601,1
P718,H1,dialysis,500,08:20,240,740,12:20,25,15,5.889,H2,4.768,1
P719,H2,dialysis,790,13:10,270,1060,17:40,25,15,9.612,H2,9.612,1
P720,H1,dialysis,1055,17:35,240,1295,21:35,25,15,9.563,H2,8.903,1
P721,H1,oncology,525,08:45,150,675,11:15,25,15,12.492,H2,11.422,1
P722,H1,oncology,535,08:55,155,690,11:30,25,15,12.361,H2,12.186,1
P723,H2,other,565,09:25,25,590,09:50,35,25,12.987,H1,12.498,1
P724,H2,other,585,09:45,30,615,10:15,35,25,7.935,H1,7.111,1
P725,H1,other,535,08:55,75,610,10:10,35,25,2.002,H1,2.002,1
P726,H2,dialysis,1025,17:05,270,1295,21:35,25,15,8.743,H3,8.605,1
P727,H1,dialysis,480,08:00,240,720,12:00,25,15,5.38,H1,5.38,1
P728,H3,dialysis,825,13:45,235,1060,17:40,25,15,3.225,H3,3.225,1
P729,H1,oncology,860,14:20,150,1010,16:50,25,15,9.393,H1,9.393,1
P730,H1,dialysis,785,13:05,240,1025,17:05,25,15,8.496,H2,7.896,1
P731,H1,dialysis,835,13:55,240,1075,17:55,25,15,8.439,H1,8.439,1
P732,H1,other,1010,16:50,110,1120,18:40,35,25,11.774,H1,11.774,1
P733,H2,dialysis,800,13:20,260,1060,17:40,25,15,7.041,H3,7.022,1
P734,H1,dialysis,830,13:50,240,1070,17:50,25,15,7.641,H1,7.641,1
P735,H3,dialysis,815,13:35,260,1075,17:55,25,15,9.025,H2,8.518,1
P736,H3,dialysis,810,13:30,265,1075,17:55,25,15,8.352,H1,8.096,1
P737,H1,dialysis,795,13:15,240,1035,17:15,25,15,5.918,H2,5.075,1
P738,H1,other,550,09:10,65,615,10:15,35,25,8.136,H1,8.136,1
P739,H2,dialysis,510,08:30,225,735,12:15,25,15,4.549,H2,4.549,1
P740,H1,dialysis,780,13:00,240,1020,17:00,25,15,8.53,H2,7.441,1
P741,H2,dialysis,825,13:45,215,1040,17:20,25,15,4.221,H2,4.221,1
P742,H1,dialysis,530,08:50,240,770,12:50,25,15,4.042,H1,4.042,1
P743,H1,external,595,09:55,25,620,10:20,45,35,10.404,H2,9.743,1
P744,H2,other,590,09:50,35,625,10:25,35,25,6.918,H1,5.847,1
P745,H2,dialysis,530,08:50,215,745,12:25,25,15,7.092,H2,7.092,1
P746,H3,dialysis,490,08:10,240,730,12:10,25,15,8.43,H2,8.021,1
P747,H1,other,665,11:05,105,770,12:50,35,25,12.675,H1,12.675,1
P748,H2,other,1065,17:45,40,1105,18:25,35,25,11.362,H2,11.362,1
P749,H2,other,685,11:25,30,715,11:55,35,25,13.428,H2,13.428,1
P750,H2,other,1040,17:20,30,1070,17:50,35,25,10.366,H1,9.344,1
