appointment_id,hospital_id,activity_type,slot_time,slot_start_min,appointment_minute,appointment_time_hhmm,treatment_duration_min,priority_code,priority_class,waiting_time_after_treatment_min,source_quality,source_note
A0041,H1,other,10:30,630,675,11:15,105,P2,medium,25,observed_user_table,CH Roanne other: 49/day.
A0043,H1,other,14:00,840,920,15:20,120,P2,medium,25,observed_user_table,CH Roanne other: 49/day.
A0033,H1,other,08:30,510,525,08:45,120,P2,medium,25,observed_user_table,CH Roanne other: 49/day.
A0014,H1,dialysis,13:00,780,815,13:35,240,P1,high,15,observed_user_table,"CH Roanne dialysis: 53/day. 26 morning, 23 noon, 4 evening."
A0040,H1,other,10:30,630,635,10:35,95,P2,medium,25,observed_user_table,CH Roanne other: 49/day.
A0031,H1,other,08:30,510,560,09:20,75,P2,medium,25,observed_user_table,CH Roanne other: 49/day.
A0032,H1,other,08:30,510,585,09:45,115,P2,medium,25,observed_user_table,CH Roanne other: 49/day.
A0022,H1,oncology,08:00,480,525,08:45,180,P1,high,15,observed_user_table,CH Roanne chemotherapy: 30/day.
A0013,H1,dialysis,13:00,780,805,13:25,240,P1,high,15,observed_user_table,"CH Roanne dialysis: 53/day. 26 morning, 23 noon, 4 evening."
A0038,H1,other,10:30,630,715,11:55,80,P2,medium,25,observed_user_table,CH Roanne other: 49/day.
A0026,H1,oncology,11:00,660,665,11:05,160,P1,high,15,observed_user_table,CH Roanne chemotherapy: 30/day.
A0028,H1,oncology,11:00,660,700,11:40,170,P1,high,15,observed_user_table,CH Roanne chemotherapy: 30/day.
A0034,H1,other,08:30,510,575,09:35,105,P2,medium,25,observed_user_table,CH Roanne other: 49/day.
A0025,H1,oncology,11:00,660,670,11:10,160,P1,high,15,observed_user_table,CH Roanne chemotherapy: 30/day.
A0019,H1,oncology,08:00,480,535,08:55,175,P1,high,15,observed_user_table,CH Roanne chemotherapy: 30/day.
A0037,H1,other,10:30,630,665,11:05,120,P2,medium,25,observed_user_table,CH Roanne other: 49/day.
A0030,H1,other,08:30,510,545,09:05,115,P2,medium,25,observed_user_table,CH Roanne other: 49/day.
A0011,H1,dialysis,13:00,780,820,13:40,240,P1,high,15,observed_user_table,"CH Roanne dialysis: 53/day. 26 morning, 23 noon, 4 evening."
A0012,H1,dialysis,13:00,780,820,13:40,240,P1,high,15,observed_user_table,"CH Roanne dialysis: 53/day. 26 morning, 23 noon, 4 evening."
A0020,H1,oncology,08:00,480,505,08:25,170,P1,high,15,observed_user_table,CH Roanne chemotherapy: 30/day.
A0036,H1,other,08:30,510,555,09:15,120,P2,medium,25,observed_user_table,CH Roanne other: 49/day.
A0016,H1,dialysis,13:00,780,780,13:00,240,P1,high,15,observed_user_table,"CH Roanne dialysis: 53/day. 26 morning, 23 noon, 4 evening."
A0023,H1,oncology,08:00,480,495,08:15,155,P1,high,15,observed_user_table,CH Roanne chemotherapy: 30/day.
A0049,H1,external,10:30,630,650,10:50,25,P3,low,35,computed_from_user_table,External visits: 75/day * 15% using fleet.
A0035,H1,other,08:30,510,565,09:25,110,P2,medium,25,observed_user_table,CH Roanne other: 49/day.
A0006,H1,dialysis,08:00,480,505,08:25,240,P1,high,15,observed_user_table,"CH Roanne dialysis: 53/day. 26 morning, 23 noon, 4 evening."
A0021,H1,oncology,08:00,480,505,08:25,170,P1,high,15,observed_user_table,CH Roanne chemotherapy: 30/day.
A0004,H1,dialysis,08:00,480,520,08:40,240,P1,high,15,observed_user_table,"CH Roanne dialysis: 53/day. 26 morning, 23 noon, 4 evening."
A0005,H1,dialysis,08:00,480,480,08:00,240,P1,high,15,observed_user_table,"CH Roanne dialysis: 53/day. 26 morning, 23 noon, 4 evening."
A0018,H1,dialysis,17:00,1020,1045,17:25,240,P1,high,15,observed_user_table,"CH Roanne dialysis: 53/day. 26 morning, 23 noon, 4 evening."
A0015,H1,dialysis,13:00,780,795,13:15,240,P1,high,15,observed_user_table,"CH Roanne dialysis: 53/day. 26 morning, 23 noon, 4 evening."
A0003,H1,dialysis,08:00,480,535,08:55,240,P1,high,15,observed_user_table,"CH Roanne dialysis: 53/day. 26 morning, 23 noon, 4 evening."
A0001,H1,dialysis,08:00,480,500,08:20,240,P1,high,15,observed_user_table,"CH Roanne dialysis: 53/day. 26 morning, 23 noon, 4 evening."
A0029,H1,oncology,14:00,840,860,14:20,150,P1,high,15,observed_user_table,CH Roanne chemotherapy: 30/day.
A0010,H1,dialysis,13:00,780,795,13:15,240,P1,high,15,observed_user_table,"CH Roanne dialysis: 53/day. 26 morning, 23 noon, 4 evening."
A0039,H1,other,10:30,630,685,11:25,100,P2,medium,25,observed_user_table,CH Roanne other: 49/day.
A0046,H1,other,16:00,960,990,16:30,90,P2,medium,25,observed_user_table,CH Roanne other: 49/day.
A0044,H1,other,14:00,840,875,14:35,105,P2,medium,25,observed_user_table,CH Roanne other: 49/day.
A0002,H1,dialysis,08:00,480,515,08:35,240,P1,high,15,observed_user_table,"CH Roanne dialysis: 53/day. 26 morning, 23 noon, 4 evening."
A0027,H1,oncology,11:00,660,705,11:45,165,P1,high,15,observed_user_table,CH Roanne chemotherapy: 30/day.
A0042,H1,other,14:00,840,900,15:00,80,P2,medium,25,observed_user_table,CH Roanne other: 49/day.
A0048,H1,external,09:30,570,665,11:05,30,P3,low,35,computed_from_user_table,External visits: 75/day * 15% using fleet.
A0045,H1,other,16:00,960,975,16:15,110,P2,medium,25,observed_user_table,CH Roanne other: 49/day.
A0024,H1,oncology,08:00,480,535,08:55,150,P1,high,15,observed_user_table,CH Roanne chemotherapy: 30/day.
A0017,H1,dialysis,13:00,780,820,13:40,240,P1,high,15,observed_user_table,"CH Roanne dialysis: 53/day. 26 morning, 23 noon, 4 evening."
A0047,H1,external,08:30,510,585,09:45,25,P3,low,35,computed_from_user_table,External visits: 75/day * 15% using fleet.
A0009,H1,dialysis,08:00,480,495,08:15,240,P1,high,15,observed_user_table,"CH Roanne dialysis: 53/day. 26 morning, 23 noon, 4 evening."
A0050,H1,external,11:30,690,690,11:30,20,P3,low,35,computed_from_user_table,External visits: 75/day * 15% using fleet.
A0007,H1,dialysis,08:00,480,525,08:45,240,P1,high,15,observed_user_table,"CH Roanne dialysis: 53/day. 26 morning, 23 noon, 4 evening."
A0008,H1,dialysis,08:00,480,510,08:30,240,P1,high,15,observed_user_table,"CH Roanne dialysis: 53/day. 26 morning, 23 noon, 4 evening."
