request_id,patient_id,trip_type,direction,origin_point_id,destination_point_id,hospital_id,activity_type,priority_code,priority_class,theta_p,requirement,service_pickup_min,service_dropoff_min,q_pickup,q_dropoff,earliest_pickup_min,latest_pickup_min,latest_dropoff_min,appointment_minute_a_p,max_ride_time_L_p_min,in_planning_horizon,paired_request_id,pickup_model_node_label,dropoff_model_node_label,earliest_pickup_datetime,latest_pickup_datetime,latest_dropoff_datetime,appointment_datetime_a_p,earliest_pickup_hhmm,latest_pickup_hhmm,latest_dropoff_hhmm
R0001,P1,outbound,patient_to_hospital,HOME_P1,H1,H1,other,P2,medium,1.5,standard_assis,5,5,1,-1,595,639,660,660,35,1,R0002,PU_R0001,DO_R0001,2026-05-18 09:55:00,2026-05-18 10:39:00,2026-05-18 11:00:00,2026-05-18 11:00:00,09:55,10:39,11:00
R0002,P1,return,hospital_to_patient,H1,HOME_P1,H1,other,P2,medium,1.5,standard_assis,5,5,1,-1,770,795,845,770,35,1,R0001,PU_R0002,DO_R0002,2026-05-18 12:50:00,2026-05-18 13:15:00,2026-05-18 14:05:00,2026-05-18 12:50:00,12:50,13:15,14:05
R0003,P2,outbound,patient_to_hospital,HOME_P2,H2,H2,dialysis,P1,high,2.0,vsl_required,5,5,1,-1,455,503,510,510,25,1,R0004,PU_R0003,DO_R0003,2026-05-18 07:35:00,2026-05-18 08:23:00,2026-05-18 08:30:00,2026-05-18 08:30:00,07:35,08:23,08:30
R0004,P2,return,hospital_to_patient,H2,HOME_P2,H2,dialysis,P1,high,2.0,vsl_required,5,5,1,-1,755,770,810,755,25,1,R0003,PU_R0004,DO_R0004,2026-05-18 12:35:00,2026-05-18 12:50:00,2026-05-18 13:30:00,2026-05-18 12:35:00,12:35,12:50,13:30
R0005,P3,outbound,patient_to_hospital,HOME_P3,H1,H1,dialysis,P1,high,2.0,vsl_required,5,5,1,-1,445,486,500,500,25,1,R0006,PU_R0005,DO_R0005,2026-05-18 07:25:00,2026-05-18 08:06:00,2026-05-18 08:20:00,2026-05-18 08:20:00,07:25,08:06,08:20
R0006,P3,return,hospital_to_patient,H1,HOME_P3,H1,dialysis,P1,high,2.0,vsl_required,5,5,1,-1,740,755,795,740,25,1,R0005,PU_R0006,DO_R0006,2026-05-18 12:20:00,2026-05-18 12:35:00,2026-05-18 13:15:00,2026-05-18 12:20:00,12:20,12:35,13:15
R0007,P4,outbound,patient_to_hospital,HOME_P4,H1,H1,oncology,P1,high,2.0,vsl_required,5,5,1,-1,605,647,660,660,25,1,R0008,PU_R0007,DO_R0007,2026-05-18 10:05:00,2026-05-18 10:47:00,2026-05-18 11:00:00,2026-05-18 11:00:00,10:05,10:47,11:00
R0008,P4,return,hospital_to_patient,H1,HOME_P4,H1,oncology,P1,high,2.0,vsl_required,5,5,1,-1,810,825,865,810,25,1,R0007,PU_R0008,DO_R0008,2026-05-18 13:30:00,2026-05-18 13:45:00,2026-05-18 14:25:00,2026-05-18 13:30:00,13:30,13:45,14:25
R0009,P5,outbound,patient_to_hospital,HOME_P5,H2,H2,oncology,P1,high,2.0,prescription_medicale,5,5,1,-1,455,505,510,510,25,1,R0010,PU_R0009,DO_R0009,2026-05-18 07:35:00,2026-05-18 08:25:00,2026-05-18 08:30:00,2026-05-18 08:30:00,07:35,08:25,08:30
R0010,P5,return,hospital_to_patient,H2,HOME_P5,H2,oncology,P1,high,2.0,prescription_medicale,5,5,1,-1,770,785,825,770,25,1,R0009,PU_R0010,DO_R0010,2026-05-18 12:50:00,2026-05-18 13:05:00,2026-05-18 13:45:00,2026-05-18 12:50:00,12:50,13:05,13:45
R0011,P6,outbound,patient_to_hospital,HOME_P6,H1,H1,other,P2,medium,1.5,standard_assis,5,5,1,-1,580,632,645,645,35,1,R0012,PU_R0011,DO_R0011,2026-05-18 09:40:00,2026-05-18 10:32:00,2026-05-18 10:45:00,2026-05-18 10:45:00,09:40,10:32,10:45
R0012,P6,return,hospital_to_patient,H1,HOME_P6,H1,other,P2,medium,1.5,standard_assis,5,5,1,-1,760,785,835,760,35,1,R0011,PU_R0012,DO_R0012,2026-05-18 12:40:00,2026-05-18 13:05:00,2026-05-18 13:55:00,2026-05-18 12:40:00,12:40,13:05,13:55
R0013,P7,outbound,patient_to_hospital,HOME_P7,H2,H2,dialysis,P1,high,2.0,vsl_required,5,5,1,-1,730,772,785,785,25,1,,PU_R0013,DO_R0013,2026-05-18 12:10:00,2026-05-18 12:52:00,2026-05-18 13:05:00,2026-05-18 13:05:00,12:10,12:52,13:05
R0014,P8,outbound,patient_to_hospital,HOME_P8,H3,H3,dialysis,P1,high,2.0,vsl_required,5,5,1,-1,435,475,490,490,25,1,R0015,PU_R0014,DO_R0014,2026-05-18 07:15:00,2026-05-18 07:55:00,2026-05-18 08:10:00,2026-05-18 08:10:00,07:15,07:55,08:10
R0015,P8,return,hospital_to_patient,H3,HOME_P8,H3,dialysis,P1,high,2.0,vsl_required,5,5,1,-1,725,740,780,725,25,1,R0014,PU_R0015,DO_R0015,2026-05-18 12:05:00,2026-05-18 12:20:00,2026-05-18 13:00:00,2026-05-18 12:05:00,12:05,12:20,13:00
R0016,P9,outbound,patient_to_hospital,HOME_P9,H1,H1,other,P2,medium,1.5,prescription_medicale,5,5,1,-1,795,846,860,860,35,1,R0017,PU_R0016,DO_R0016,2026-05-18 13:15:00,2026-05-18 14:06:00,2026-05-18 14:20:00,2026-05-18 14:20:00,13:15,14:06,14:20
R0017,P9,return,hospital_to_patient,H1,HOME_P9,H1,other,P2,medium,1.5,prescription_medicale,5,5,1,-1,965,990,1040,965,35,1,R0016,PU_R0017,DO_R0017,2026-05-18 16:05:00,2026-05-18 16:30:00,2026-05-18 17:20:00,2026-05-18 16:05:00,16:05,16:30,17:20
R0018,P10,outbound,patient_to_hospital,HOME_P10,H1,H1,dialysis,P1,high,2.0,prescription_medicale,5,5,1,-1,450,492,505,505,25,1,R0019,PU_R0018,DO_R0018,2026-05-18 07:30:00,2026-05-18 08:12:00,2026-05-18 08:25:00,2026-05-18 08:25:00,07:30,08:12,08:25
R0019,P10,return,hospital_to_patient,H1,HOME_P10,H1,dialysis,P1,high,2.0,prescription_medicale,5,5,1,-1,745,760,800,745,25,1,R0018,PU_R0019,DO_R0019,2026-05-18 12:25:00,2026-05-18 12:40:00,2026-05-18 13:20:00,2026-05-18 12:25:00,12:25,12:40,13:20
R0020,P11,outbound,patient_to_hospital,HOME_P11,H1,H1,dialysis,P1,high,2.0,prescription_medicale,5,5,1,-1,970,1017,1025,1025,25,1,,PU_R0020,DO_R0020,2026-05-18 16:10:00,2026-05-18 16:57:00,2026-05-18 17:05:00,2026-05-18 17:05:00,16:10,16:57,17:05
R0021,P12,outbound,patient_to_hospital,HOME_P12,H1,H1,other,P2,medium,1.5,standard_assis,5,5,1,-1,595,640,660,660,35,1,R0022,PU_R0021,DO_R0021,2026-05-18 09:55:00,2026-05-18 10:40:00,2026-05-18 11:00:00,2026-05-18 11:00:00,09:55,10:40,11:00
R0022,P12,return,hospital_to_patient,H1,HOME_P12,H1,other,P2,medium,1.5,standard_assis,5,5,1,-1,770,795,845,770,35,1,R0021,PU_R0022,DO_R0022,2026-05-18 12:50:00,2026-05-18 13:15:00,2026-05-18 14:05:00,2026-05-18 12:50:00,12:50,13:15,14:05
R0023,P13,outbound,patient_to_hospital,HOME_P13,H2,H2,other,P2,medium,1.5,standard_assis,5,5,1,-1,640,693,705,705,35,1,R0024,PU_R0023,DO_R0023,2026-05-18 10:40:00,2026-05-18 11:33:00,2026-05-18 11:45:00,2026-05-18 11:45:00,10:40,11:33,11:45
R0024,P13,return,hospital_to_patient,H2,HOME_P13,H2,other,P2,medium,1.5,standard_assis,5,5,1,-1,740,765,815,740,35,1,R0023,PU_R0024,DO_R0024,2026-05-18 12:20:00,2026-05-18 12:45:00,2026-05-18 13:35:00,2026-05-18 12:20:00,12:20,12:45,13:35
R0025,P14,outbound,patient_to_hospital,HOME_P14,H1,H1,external,P3,low,1.0,standard_assis,5,5,1,-1,510,571,585,585,45,1,R0026,PU_R0025,DO_R0025,2026-05-18 08:30:00,2026-05-18 09:31:00,2026-05-18 09:45:00,2026-05-18 09:45:00,08:30,09:31,09:45
R0026,P14,return,hospital_to_patient,H1,HOME_P14,H1,external,P3,low,1.0,standard_assis,5,5,1,-1,605,640,700,605,45,1,R0025,PU_R0026,DO_R0026,2026-05-18 10:05:00,2026-05-18 10:40:00,2026-05-18 11:40:00,2026-05-18 10:05:00,10:05,10:40,11:40
R0027,P15,outbound,patient_to_hospital,HOME_P15,H1,H1,external,P3,low,1.0,prescription_medicale,5,5,1,-1,695,748,770,770,45,1,R0028,PU_R0027,DO_R0027,2026-05-18 11:35:00,2026-05-18 12:28:00,2026-05-18 12:50:00,2026-05-18 12:50:00,11:35,12:28,12:50
R0028,P15,return,hospital_to_patient,H1,HOME_P15,H1,external,P3,low,1.0,prescription_medicale,5,5,1,-1,795,830,890,795,45,1,R0027,PU_R0028,DO_R0028,2026-05-18 13:15:00,2026-05-18 13:50:00,2026-05-18 14:50:00,2026-05-18 13:15:00,13:15,13:50,14:50
R0029,P16,outbound,patient_to_hospital,HOME_P16,H1,H1,oncology,P1,high,2.0,vsl_required,5,5,1,-1,605,652,660,660,25,1,R0030,PU_R0029,DO_R0029,2026-05-18 10:05:00,2026-05-18 10:52:00,2026-05-18 11:00:00,2026-05-18 11:00:00,10:05,10:52,11:00
R0030,P16,return,hospital_to_patient,H1,HOME_P16,H1,oncology,P1,high,2.0,vsl_required,5,5,1,-1,820,835,875,820,25,1,R0029,PU_R0030,DO_R0030,2026-05-18 13:40:00,2026-05-18 13:55:00,2026-05-18 14:35:00,2026-05-18 13:40:00,13:40,13:55,14:35
R0031,P17,outbound,patient_to_hospital,HOME_P17,H2,H2,other,P2,medium,1.5,prescription_medicale,5,5,1,-1,490,540,555,555,35,1,R0032,PU_R0031,DO_R0031,2026-05-18 08:10:00,2026-05-18 09:00:00,2026-05-18 09:15:00,2026-05-18 09:15:00,08:10,09:00,09:15
R0032,P17,return,hospital_to_patient,H2,HOME_P17,H2,other,P2,medium,1.5,prescription_medicale,5,5,1,-1,580,605,655,580,35,1,R0031,PU_R0032,DO_R0032,2026-05-18 09:40:00,2026-05-18 10:05:00,2026-05-18 10:55:00,2026-05-18 09:40:00,09:40,10:05,10:55
R0033,P18,outbound,patient_to_hospital,HOME_P18,H2,H2,dialysis,P1,high,2.0,vsl_required,5,5,1,-1,450,494,505,505,25,1,R0034,PU_R0033,DO_R0033,2026-05-18 07:30:00,2026-05-18 08:14:00,2026-05-18 08:25:00,2026-05-18 08:25:00,07:30,08:14,08:25
R0034,P18,return,hospital_to_patient,H2,HOME_P18,H2,dialysis,P1,high,2.0,vsl_required,5,5,1,-1,720,735,775,720,25,1,R0033,PU_R0034,DO_R0034,2026-05-18 12:00:00,2026-05-18 12:15:00,2026-05-18 12:55:00,2026-05-18 12:00:00,12:00,12:15,12:55
R0035,P19,outbound,patient_to_hospital,HOME_P19,H1,H1,dialysis,P1,high,2.0,vsl_required,5,5,1,-1,770,818,825,825,25,1,,PU_R0035,DO_R0035,2026-05-18 12:50:00,2026-05-18 13:38:00,2026-05-18 13:45:00,2026-05-18 13:45:00,12:50,13:38,13:45
R0036,P20,outbound,patient_to_hospital,HOME_P20,H2,H2,other,P2,medium,1.5,vsl_required,5,5,1,-1,825,868,890,890,35,1,R0037,PU_R0036,DO_R0036,2026-05-18 13:45:00,2026-05-18 14:28:00,2026-05-18 14:50:00,2026-05-18 14:50:00,13:45,14:28,14:50
R0037,P20,return,hospital_to_patient,H2,HOME_P20,H2,other,P2,medium,1.5,vsl_required,5,5,1,-1,930,955,1005,930,35,1,R0036,PU_R0037,DO_R0037,2026-05-18 15:30:00,2026-05-18 15:55:00,2026-05-18 16:45:00,2026-05-18 15:30:00,15:30,15:55,16:45
R0038,P21,outbound,patient_to_hospital,HOME_P21,H1,H1,dialysis,P1,high,2.0,vsl_required,5,5,1,-1,770,816,825,825,25,1,,PU_R0038,DO_R0038,2026-05-18 12:50:00,2026-05-18 13:36:00,2026-05-18 13:45:00,2026-05-18 13:45:00,12:50,13:36,13:45
R0039,P22,outbound,patient_to_hospital,HOME_P22,H2,H2,oncology,P1,high,2.0,vsl_required,5,5,1,-1,845,883,900,900,25,1,R0040,PU_R0039,DO_R0039,2026-05-18 14:05:00,2026-05-18 14:43:00,2026-05-18 15:00:00,2026-05-18 15:00:00,14:05,14:43,15:00
R0040,P22,return,hospital_to_patient,H2,HOME_P22,H2,oncology,P1,high,2.0,vsl_required,5,5,1,-1,1010,1025,1065,1010,25,1,R0039,PU_R0040,DO_R0040,2026-05-18 16:50:00,2026-05-18 17:05:00,2026-05-18 17:45:00,2026-05-18 16:50:00,16:50,17:05,17:45
R0041,P23,outbound,patient_to_hospital,HOME_P23,H1,H1,oncology,P1,high,2.0,prescription_medicale,5,5,1,-1,435,472,490,490,25,1,,PU_R0041,DO_R0041,2026-05-18 07:15:00,2026-05-18 07:52:00,2026-05-18 08:10:00,2026-05-18 08:10:00,07:15,07:52,08:10
R0042,P24,outbound,patient_to_hospital,HOME_P24,H1,H1,dialysis,P1,high,2.0,vsl_required,5,5,1,-1,760,807,815,815,25,1,,PU_R0042,DO_R0042,2026-05-18 12:40:00,2026-05-18 13:27:00,2026-05-18 13:35:00,2026-05-18 13:35:00,12:40,13:27,13:35
R0043,P25,outbound,patient_to_hospital,HOME_P25,H2,H2,other,P2,medium,1.5,standard_assis,5,5,1,-1,620,669,685,685,35,1,R0044,PU_R0043,DO_R0043,2026-05-18 10:20:00,2026-05-18 11:09:00,2026-05-18 11:25:00,2026-05-18 11:25:00,10:20,11:09,11:25
R0044,P25,return,hospital_to_patient,H2,HOME_P25,H2,other,P2,medium,1.5,standard_assis,5,5,1,-1,715,740,790,715,35,1,R0043,PU_R0044,DO_R0044,2026-05-18 11:55:00,2026-05-18 12:20:00,2026-05-18 13:10:00,2026-05-18 11:55:00,11:55,12:20,13:10
R0045,P26,outbound,patient_to_hospital,HOME_P26,H2,H2,dialysis,P1,high,2.0,vsl_required,5,5,1,-1,735,782,790,790,25,1,,PU_R0045,DO_R0045,2026-05-18 12:15:00,2026-05-18 13:02:00,2026-05-18 13:10:00,2026-05-18 13:10:00,12:15,13:02,13:10
R0046,P27,outbound,patient_to_hospital,HOME_P27,H1,H1,oncology,P1,high,2.0,prescription_medicale,5,5,1,-1,445,489,500,500,25,1,R0047,PU_R0046,DO_R0046,2026-05-18 07:25:00,2026-05-18 08:09:00,2026-05-18 08:20:00,2026-05-18 08:20:00,07:25,08:09,08:20
R0047,P27,return,hospital_to_patient,H1,HOME_P27,H1,oncology,P1,high,2.0,prescription_medicale,5,5,1,-1,660,675,715,660,25,1,R0046,PU_R0047,DO_R0047,2026-05-18 11:00:00,2026-05-18 11:15:00,2026-05-18 11:55:00,2026-05-18 11:00:00,11:00,11:15,11:55
R0048,P28,outbound,patient_to_hospital,HOME_P28,H1,H1,dialysis,P1,high,2.0,vsl_required,5,5,1,-1,975,1022,1030,1030,25,1,,PU_R0048,DO_R0048,2026-05-18 16:15:00,2026-05-18 17:02:00,2026-05-18 17:10:00,2026-05-18 17:10:00,16:15,17:02,17:10
R0049,P29,outbound,patient_to_hospital,HOME_P29,H1,H1,dialysis,P1,high,2.0,vsl_required,5,5,1,-1,435,484,490,490,25,1,R0050,PU_R0049,DO_R0049,2026-05-18 07:15:00,2026-05-18 08:04:00,2026-05-18 08:10:00,2026-05-18 08:10:00,07:15,08:04,08:10
R0050,P29,return,hospital_to_patient,H1,HOME_P29,H1,dialysis,P1,high,2.0,vsl_required,5,5,1,-1,730,745,785,730,25,1,R0049,PU_R0050,DO_R0050,2026-05-18 12:10:00,2026-05-18 12:25:00,2026-05-18 13:05:00,2026-05-18 12:10:00,12:10,12:25,13:05
R0051,P30,outbound,patient_to_hospital,HOME_P30,H1,H1,external,P3,low,1.0,standard_assis,5,5,1,-1,770,823,845,845,45,1,R0052,PU_R0051,DO_R0051,2026-05-18 12:50:00,2026-05-18 13:43:00,2026-05-18 14:05:00,2026-05-18 14:05:00,12:50,13:43,14:05
R0052,P30,return,hospital_to_patient,H1,HOME_P30,H1,external,P3,low,1.0,standard_assis,5,5,1,-1,875,910,970,875,45,1,R0051,PU_R0052,DO_R0052,2026-05-18 14:35:00,2026-05-18 15:10:00,2026-05-18 16:10:00,2026-05-18 14:35:00,14:35,15:10,16:10
R0053,P31,outbound,patient_to_hospital,HOME_P31,H1,H1,dialysis,P1,high,2.0,vsl_required,5,5,1,-1,455,505,510,510,25,1,R0054,PU_R0053,DO_R0053,2026-05-18 07:35:00,2026-05-18 08:25:00,2026-05-18 08:30:00,2026-05-18 08:30:00,07:35,08:25,08:30
R0054,P31,return,hospital_to_patient,H1,HOME_P31,H1,dialysis,P1,high,2.0,vsl_required,5,5,1,-1,750,765,805,750,25,1,R0053,PU_R0054,DO_R0054,2026-05-18 12:30:00,2026-05-18 12:45:00,2026-05-18 13:25:00,2026-05-18 12:30:00,12:30,12:45,13:25
R0055,P32,outbound,patient_to_hospital,HOME_P32,H3,H3,dialysis,P1,high,2.0,vsl_required,5,5,1,-1,450,494,505,505,25,1,R0056,PU_R0055,DO_R0055,2026-05-18 07:30:00,2026-05-18 08:14:00,2026-05-18 08:25:00,2026-05-18 08:25:00,07:30,08:14,08:25
R0056,P32,return,hospital_to_patient,H3,HOME_P32,H3,dialysis,P1,high,2.0,vsl_required,5,5,1,-1,715,730,770,715,25,1,R0055,PU_R0056,DO_R0056,2026-05-18 11:55:00,2026-05-18 12:10:00,2026-05-18 12:50:00,2026-05-18 11:55:00,11:55,12:10,12:50
R0057,P33,outbound,patient_to_hospital,HOME_P33,H3,H3,dialysis,P1,high,2.0,vsl_required,5,5,1,-1,770,811,825,825,25,1,,PU_R0057,DO_R0057,2026-05-18 12:50:00,2026-05-18 13:31:00,2026-05-18 13:45:00,2026-05-18 13:45:00,12:50,13:31,13:45
R0058,P34,outbound,patient_to_hospital,HOME_P34,H2,H2,oncology,P1,high,2.0,vsl_required,5,5,1,-1,440,485,495,495,25,1,R0059,PU_R0058,DO_R0058,2026-05-18 07:20:00,2026-05-18 08:05:00,2026-05-18 08:15:00,2026-05-18 08:15:00,07:20,08:05,08:15
R0059,P34,return,hospital_to_patient,H2,HOME_P34,H2,oncology,P1,high,2.0,vsl_required,5,5,1,-1,650,665,705,650,25,1,R0058,PU_R0059,DO_R0059,2026-05-18 10:50:00,2026-05-18 11:05:00,2026-05-18 11:45:00,2026-05-18 10:50:00,10:50,11:05,11:45
R0060,P35,outbound,patient_to_hospital,HOME_P35,H1,H1,oncology,P1,high,2.0,vsl_required,5,5,1,-1,615,659,670,670,25,1,R0061,PU_R0060,DO_R0060,2026-05-18 10:15:00,2026-05-18 10:59:00,2026-05-18 11:10:00,2026-05-18 11:10:00,10:15,10:59,11:10
R0061,P35,return,hospital_to_patient,H1,HOME_P35,H1,oncology,P1,high,2.0,vsl_required,5,5,1,-1,820,835,875,820,25,1,R0060,PU_R0061,DO_R0061,2026-05-18 13:40:00,2026-05-18 13:55:00,2026-05-18 14:35:00,2026-05-18 13:40:00,13:40,13:55,14:35
R0062,P36,outbound,patient_to_hospital,HOME_P36,H1,H1,dialysis,P1,high,2.0,vsl_required,5,5,1,-1,740,785,795,795,25,1,,PU_R0062,DO_R0062,2026-05-18 12:20:00,2026-05-18 13:05:00,2026-05-18 13:15:00,2026-05-18 13:15:00,12:20,13:05,13:15
R0063,P37,outbound,patient_to_hospital,HOME_P37,H1,H1,external,P3,low,1.0,standard_assis,5,5,1,-1,610,670,685,685,45,1,R0064,PU_R0063,DO_R0063,2026-05-18 10:10:00,2026-05-18 11:10:00,2026-05-18 11:25:00,2026-05-18 11:25:00,10:10,11:10,11:25
R0064,P37,return,hospital_to_patient,H1,HOME_P37,H1,external,P3,low,1.0,standard_assis,5,5,1,-1,705,740,800,705,45,1,R0063,PU_R0064,DO_R0064,2026-05-18 11:45:00,2026-05-18 12:20:00,2026-05-18 13:20:00,2026-05-18 11:45:00,11:45,12:20,13:20
R0065,P38,outbound,patient_to_hospital,HOME_P38,H1,H1,dialysis,P1,high,2.0,vsl_required,5,5,1,-1,470,520,525,525,25,1,R0066,PU_R0065,DO_R0065,2026-05-18 07:50:00,2026-05-18 08:40:00,2026-05-18 08:45:00,2026-05-18 08:45:00,07:50,08:40,08:45
R0066,P38,return,hospital_to_patient,H1,HOME_P38,H1,dialysis,P1,high,2.0,vsl_required,5,5,1,-1,765,780,820,765,25,1,R0065,PU_R0066,DO_R0066,2026-05-18 12:45:00,2026-05-18 13:00:00,2026-05-18 13:40:00,2026-05-18 12:45:00,12:45,13:00,13:40
R0067,P39,outbound,patient_to_hospital,HOME_P39,H1,H1,dialysis,P1,high,2.0,vsl_required,5,5,1,-1,445,487,500,500,25,1,R0068,PU_R0067,DO_R0067,2026-05-18 07:25:00,2026-05-18 08:07:00,2026-05-18 08:20:00,2026-05-18 08:20:00,07:25,08:07,08:20
R0068,P39,return,hospital_to_patient,H1,HOME_P39,H1,dialysis,P1,high,2.0,vsl_required,5,5,1,-1,740,755,795,740,25,1,R0067,PU_R0068,DO_R0068,2026-05-18 12:20:00,2026-05-18 12:35:00,2026-05-18 13:15:00,2026-05-18 12:20:00,12:20,12:35,13:15
R0069,P40,outbound,patient_to_hospital,HOME_P40,H2,H2,other,P2,medium,1.5,prescription_medicale,5,5,1,-1,580,626,645,645,35,1,R0070,PU_R0069,DO_R0069,2026-05-18 09:40:00,2026-05-18 10:26:00,2026-05-18 10:45:00,2026-05-18 10:45:00,09:40,10:26,10:45
R0070,P40,return,hospital_to_patient,H2,HOME_P40,H2,other,P2,medium,1.5,prescription_medicale,5,5,1,-1,680,705,755,680,35,1,R0069,PU_R0070,DO_R0070,2026-05-18 11:20:00,2026-05-18 11:45:00,2026-05-18 12:35:00,2026-05-18 11:20:00,11:20,11:45,12:35
R0071,P41,outbound,patient_to_hospital,HOME_P41,H2,H2,dialysis,P1,high,2.0,vsl_required,5,5,1,-1,455,505,510,510,25,1,R0072,PU_R0071,DO_R0071,2026-05-18 07:35:00,2026-05-18 08:25:00,2026-05-18 08:30:00,2026-05-18 08:30:00,07:35,08:25,08:30
R0072,P41,return,hospital_to_patient,H2,HOME_P41,H2,dialysis,P1,high,2.0,vsl_required,5,5,1,-1,730,745,785,730,25,1,R0071,PU_R0072,DO_R0072,2026-05-18 12:10:00,2026-05-18 12:25:00,2026-05-18 13:05:00,2026-05-18 12:10:00,12:10,12:25,13:05
R0073,P42,outbound,patient_to_hospital,HOME_P42,H1,H1,other,P2,medium,1.5,standard_assis,5,5,1,-1,585,634,650,650,35,1,R0074,PU_R0073,DO_R0073,2026-05-18 09:45:00,2026-05-18 10:34:00,2026-05-18 10:50:00,2026-05-18 10:50:00,09:45,10:34,10:50
R0074,P42,return,hospital_to_patient,H1,HOME_P42,H1,other,P2,medium,1.5,standard_assis,5,5,1,-1,720,745,795,720,35,1,R0073,PU_R0074,DO_R0074,2026-05-18 12:00:00,2026-05-18 12:25:00,2026-05-18 13:15:00,2026-05-18 12:00:00,12:00,12:25,13:15
R0075,P43,outbound,patient_to_hospital,HOME_P43,H1,H1,dialysis,P1,high,2.0,vsl_required,5,5,1,-1,470,515,525,525,25,1,R0076,PU_R0075,DO_R0075,2026-05-18 07:50:00,2026-05-18 08:35:00,2026-05-18 08:45:00,2026-05-18 08:45:00,07:50,08:35,08:45
R0076,P43,return,hospital_to_patient,H1,HOME_P43,H1,dialysis,P1,high,2.0,vsl_required,5,5,1,-1,765,780,820,765,25,1,R0075,PU_R0076,DO_R0076,2026-05-18 12:45:00,2026-05-18 13:00:00,2026-05-18 13:40:00,2026-05-18 12:45:00,12:45,13:00,13:40
R0077,P44,outbound,patient_to_hospital,HOME_P44,H2,H2,other,P2,medium,1.5,standard_assis,5,5,1,-1,995,1052,1060,1060,35,1,,PU_R0077,DO_R0077,2026-05-18 16:35:00,2026-05-18 17:32:00,2026-05-18 17:40:00,2026-05-18 17:40:00,16:35,17:32,17:40
R0078,P45,outbound,patient_to_hospital,HOME_P45,H1,H1,other,P2,medium,1.5,prescription_medicale,5,5,1,-1,620,666,685,685,35,1,R0079,PU_R0078,DO_R0078,2026-05-18 10:20:00,2026-05-18 11:06:00,2026-05-18 11:25:00,2026-05-18 11:25:00,10:20,11:06,11:25
R0079,P45,return,hospital_to_patient,H1,HOME_P45,H1,other,P2,medium,1.5,prescription_medicale,5,5,1,-1,775,800,850,775,35,1,R0078,PU_R0079,DO_R0079,2026-05-18 12:55:00,2026-05-18 13:20:00,2026-05-18 14:10:00,2026-05-18 12:55:00,12:55,13:20,14:10
R0080,P46,outbound,patient_to_hospital,HOME_P46,H1,H1,other,P2,medium,1.5,standard_assis,5,5,1,-1,485,538,550,550,35,1,R0081,PU_R0080,DO_R0080,2026-05-18 08:05:00,2026-05-18 08:58:00,2026-05-18 09:10:00,2026-05-18 09:10:00,08:05,08:58,09:10
R0081,P46,return,hospital_to_patient,H1,HOME_P46,H1,other,P2,medium,1.5,standard_assis,5,5,1,-1,660,685,735,660,35,1,R0080,PU_R0081,DO_R0081,2026-05-18 11:00:00,2026-05-18 11:25:00,2026-05-18 12:15:00,2026-05-18 11:00:00,11:00,11:25,12:15
R0082,P47,outbound,patient_to_hospital,HOME_P47,H1,H1,other,P2,medium,1.5,prescription_medicale,5,5,1,-1,805,849,870,870,35,1,R0083,PU_R0082,DO_R0082,2026-05-18 13:25:00,2026-05-18 14:09:00,2026-05-18 14:30:00,2026-05-18 14:30:00,13:25,14:09,14:30
R0083,P47,return,hospital_to_patient,H1,HOME_P47,H1,other,P2,medium,1.5,prescription_medicale,5,5,1,-1,990,1015,1065,990,35,1,R0082,PU_R0083,DO_R0083,2026-05-18 16:30:00,2026-05-18 16:55:00,2026-05-18 17:45:00,2026-05-18 16:30:00,16:30,16:55,17:45
R0084,P48,outbound,patient_to_hospital,HOME_P48,H1,H1,other,P2,medium,1.5,vsl_required,5,5,1,-1,500,555,565,565,35,1,R0085,PU_R0084,DO_R0084,2026-05-18 08:20:00,2026-05-18 09:15:00,2026-05-18 09:25:00,2026-05-18 09:25:00,08:20,09:15,09:25
R0085,P48,return,hospital_to_patient,H1,HOME_P48,H1,other,P2,medium,1.5,vsl_required,5,5,1,-1,630,655,705,630,35,1,R0084,PU_R0085,DO_R0085,2026-05-18 10:30:00,2026-05-18 10:55:00,2026-05-18 11:45:00,2026-05-18 10:30:00,10:30,10:55,11:45
R0086,P49,outbound,patient_to_hospital,HOME_P49,H3,H3,dialysis,P1,high,2.0,vsl_required,5,5,1,-1,780,828,835,835,25,1,,PU_R0086,DO_R0086,2026-05-18 13:00:00,2026-05-18 13:48:00,2026-05-18 13:55:00,2026-05-18 13:55:00,13:00,13:48,13:55
R0087,P50,outbound,patient_to_hospital,HOME_P50,H3,H3,dialysis,P1,high,2.0,prescription_medicale,5,5,1,-1,470,513,525,525,25,1,R0088,PU_R0087,DO_R0087,2026-05-18 07:50:00,2026-05-18 08:33:00,2026-05-18 08:45:00,2026-05-18 08:45:00,07:50,08:33,08:45
R0088,P50,return,hospital_to_patient,H3,HOME_P50,H3,dialysis,P1,high,2.0,prescription_medicale,5,5,1,-1,790,805,845,790,25,1,R0087,PU_R0088,DO_R0088,2026-05-18 13:10:00,2026-05-18 13:25:00,2026-05-18 14:05:00,2026-05-18 13:10:00,13:10,13:25,14:05
R0089,P51,outbound,patient_to_hospital,HOME_P51,H3,H3,dialysis,P1,high,2.0,prescription_medicale,5,5,1,-1,450,499,505,505,25,1,R0090,PU_R0089,DO_R0089,2026-05-18 07:30:00,2026-05-18 08:19:00,2026-05-18 08:25:00,2026-05-18 08:25:00,07:30,08:19,08:25
R0090,P51,return,hospital_to_patient,H3,HOME_P51,H3,dialysis,P1,high,2.0,prescription_medicale,5,5,1,-1,720,735,775,720,25,1,R0089,PU_R0090,DO_R0090,2026-05-18 12:00:00,2026-05-18 12:15:00,2026-05-18 12:55:00,2026-05-18 12:00:00,12:00,12:15,12:55
R0091,P52,outbound,patient_to_hospital,HOME_P52,H1,H1,other,P2,medium,1.5,standard_assis,5,5,1,-1,900,954,965,965,35,1,,PU_R0091,DO_R0091,2026-05-18 15:00:00,2026-05-18 15:54:00,2026-05-18 16:05:00,2026-05-18 16:05:00,15:00,15:54,16:05
R0092,P53,outbound,patient_to_hospital,HOME_P53,H1,H1,oncology,P1,high,2.0,standard_assis,5,5,1,-1,460,503,515,515,25,1,R0093,PU_R0092,DO_R0092,2026-05-18 07:40:00,2026-05-18 08:23:00,2026-05-18 08:35:00,2026-05-18 08:35:00,07:40,08:23,08:35
R0093,P53,return,hospital_to_patient,H1,HOME_P53,H1,oncology,P1,high,2.0,standard_assis,5,5,1,-1,675,690,730,675,25,1,R0092,PU_R0093,DO_R0093,2026-05-18 11:15:00,2026-05-18 11:30:00,2026-05-18 12:10:00,2026-05-18 11:15:00,11:15,11:30,12:10
R0094,P54,outbound,patient_to_hospital,HOME_P54,H2,H2,other,P2,medium,1.5,standard_assis,5,5,1,-1,445,495,510,510,35,1,R0095,PU_R0094,DO_R0094,2026-05-18 07:25:00,2026-05-18 08:15:00,2026-05-18 08:30:00,2026-05-18 08:30:00,07:25,08:15,08:30
R0095,P54,return,hospital_to_patient,H2,HOME_P54,H2,other,P2,medium,1.5,standard_assis,5,5,1,-1,550,575,625,550,35,1,R0094,PU_R0095,DO_R0095,2026-05-18 09:10:00,2026-05-18 09:35:00,2026-05-18 10:25:00,2026-05-18 09:10:00,09:10,09:35,10:25
R0096,P55,outbound,patient_to_hospital,HOME_P55,H2,H2,other,P2,medium,1.5,standard_assis,5,5,1,-1,840,893,905,905,35,1,R0097,PU_R0096,DO_R0096,2026-05-18 14:00:00,2026-05-18 14:53:00,2026-05-18 15:05:00,2026-05-18 15:05:00,14:00,14:53,15:05
R0097,P55,return,hospital_to_patient,H2,HOME_P55,H2,other,P2,medium,1.5,standard_assis,5,5,1,-1,940,965,1015,940,35,1,R0096,PU_R0097,DO_R0097,2026-05-18 15:40:00,2026-05-18 16:05:00,2026-05-18 16:55:00,2026-05-18 15:40:00,15:40,16:05,16:55
R0098,P56,outbound,patient_to_hospital,HOME_P56,H1,H1,dialysis,P1,high,2.0,vsl_required,5,5,1,-1,730,775,785,785,25,1,R0099,PU_R0098,DO_R0098,2026-05-18 12:10:00,2026-05-18 12:55:00,2026-05-18 13:05:00,2026-05-18 13:05:00,12:10,12:55,13:05
R0099,P56,return,hospital_to_patient,H1,HOME_P56,H1,dialysis,P1,high,2.0,vsl_required,5,5,1,-1,1025,1040,1080,1025,25,1,R0098,PU_R0099,DO_R0099,2026-05-18 17:05:00,2026-05-18 17:20:00,2026-05-18 18:00:00,2026-05-18 17:05:00,17:05,17:20,18:00
R0100,P57,outbound,patient_to_hospital,HOME_P57,H2,H2,dialysis,P1,high,2.0,prescription_medicale,5,5,1,-1,780,823,835,835,25,1,,PU_R0100,DO_R0100,2026-05-18 13:00:00,2026-05-18 13:43:00,2026-05-18 13:55:00,2026-05-18 13:55:00,13:00,13:43,13:55
R0101,P58,outbound,patient_to_hospital,HOME_P58,H1,H1,dialysis,P1,high,2.0,prescription_medicale,5,5,1,-1,760,802,815,815,25,1,,PU_R0101,DO_R0101,2026-05-18 12:40:00,2026-05-18 13:22:00,2026-05-18 13:35:00,2026-05-18 13:35:00,12:40,13:22,13:35
R0102,P59,outbound,patient_to_hospital,HOME_P59,H1,H1,dialysis,P1,high,2.0,vsl_required,5,5,1,-1,770,815,825,825,25,1,,PU_R0102,DO_R0102,2026-05-18 12:50:00,2026-05-18 13:35:00,2026-05-18 13:45:00,2026-05-18 13:45:00,12:50,13:35,13:45
R0103,P60,outbound,patient_to_hospital,HOME_P60,H2,H2,oncology,P1,high,2.0,vsl_required,5,5,1,-1,725,762,780,780,25,1,,PU_R0103,DO_R0103,2026-05-18 12:05:00,2026-05-18 12:42:00,2026-05-18 13:00:00,2026-05-18 13:00:00,12:05,12:42,13:00
R0104,P61,outbound,patient_to_hospital,HOME_P61,H2,H2,other,P2,medium,1.5,standard_assis,5,5,1,-1,450,510,515,515,35,1,R0105,PU_R0104,DO_R0104,2026-05-18 07:30:00,2026-05-18 08:30:00,2026-05-18 08:35:00,2026-05-18 08:35:00,07:30,08:30,08:35
R0105,P61,return,hospital_to_patient,H2,HOME_P61,H2,other,P2,medium,1.5,standard_assis,5,5,1,-1,545,570,620,545,35,1,R0104,PU_R0105,DO_R0105,2026-05-18 09:05:00,2026-05-18 09:30:00,2026-05-18 10:20:00,2026-05-18 09:05:00,09:05,09:30,10:20
R0106,P62,outbound,patient_to_hospital,HOME_P62,H3,H3,dialysis,P1,high,2.0,prescription_medicale,5,5,1,-1,455,500,510,510,25,1,R0107,PU_R0106,DO_R0106,2026-05-18 07:35:00,2026-05-18 08:20:00,2026-05-18 08:30:00,2026-05-18 08:30:00,07:35,08:20,08:30
R0107,P62,return,hospital_to_patient,H3,HOME_P62,H3,dialysis,P1,high,2.0,prescription_medicale,5,5,1,-1,770,785,825,770,25,1,R0106,PU_R0107,DO_R0107,2026-05-18 12:50:00,2026-05-18 13:05:00,2026-05-18 13:45:00,2026-05-18 12:50:00,12:50,13:05,13:45
R0108,P63,outbound,patient_to_hospital,HOME_P63,H2,H2,other,P2,medium,1.5,standard_assis,5,5,1,-1,530,574,595,595,35,1,R0109,PU_R0108,DO_R0108,2026-05-18 08:50:00,2026-05-18 09:34:00,2026-05-18 09:55:00,2026-05-18 09:55:00,08:50,09:34,09:55
R0109,P63,return,hospital_to_patient,H2,HOME_P63,H2,other,P2,medium,1.5,standard_assis,5,5,1,-1,630,655,705,630,35,1,R0108,PU_R0109,DO_R0109,2026-05-18 10:30:00,2026-05-18 10:55:00,2026-05-18 11:45:00,2026-05-18 10:30:00,10:30,10:55,11:45
R0110,P64,outbound,patient_to_hospital,HOME_P64,H2,H2,other,P2,medium,1.5,standard_assis,5,5,1,-1,460,510,525,525,35,1,R0111,PU_R0110,DO_R0110,2026-05-18 07:40:00,2026-05-18 08:30:00,2026-05-18 08:45:00,2026-05-18 08:45:00,07:40,08:30,08:45
R0111,P64,return,hospital_to_patient,H2,HOME_P64,H2,other,P2,medium,1.5,standard_assis,5,5,1,-1,565,590,640,565,35,1,R0110,PU_R0111,DO_R0111,2026-05-18 09:25:00,2026-05-18 09:50:00,2026-05-18 10:40:00,2026-05-18 09:25:00,09:25,09:50,10:40
R0112,P65,outbound,patient_to_hospital,HOME_P65,H1,H1,dialysis,P1,high,2.0,prescription_medicale,5,5,1,-1,445,486,500,500,25,1,R0113,PU_R0112,DO_R0112,2026-05-18 07:25:00,2026-05-18 08:06:00,2026-05-18 08:20:00,2026-05-18 08:20:00,07:25,08:06,08:20
R0113,P65,return,hospital_to_patient,H1,HOME_P65,H1,dialysis,P1,high,2.0,prescription_medicale,5,5,1,-1,740,755,795,740,25,1,R0112,PU_R0113,DO_R0113,2026-05-18 12:20:00,2026-05-18 12:35:00,2026-05-18 13:15:00,2026-05-18 12:20:00,12:20,12:35,13:15
R0114,P66,outbound,patient_to_hospital,HOME_P66,H1,H1,oncology,P1,high,2.0,prescription_medicale,5,5,1,-1,480,523,535,535,25,1,R0115,PU_R0114,DO_R0114,2026-05-18 08:00:00,2026-05-18 08:43:00,2026-05-18 08:55:00,2026-05-18 08:55:00,08:00,08:43,08:55
R0115,P66,return,hospital_to_patient,H1,HOME_P66,H1,oncology,P1,high,2.0,prescription_medicale,5,5,1,-1,685,700,740,685,25,1,R0114,PU_R0115,DO_R0115,2026-05-18 11:25:00,2026-05-18 11:40:00,2026-05-18 12:20:00,2026-05-18 11:25:00,11:25,11:40,12:20
R0116,P67,outbound,patient_to_hospital,HOME_P67,H1,H1,external,P3,low,1.0,prescription_medicale,5,5,1,-1,584,639,670,670,56,1,R0117,PU_R0116,DO_R0116,2026-05-18 09:44:00,2026-05-18 10:39:00,2026-05-18 11:10:00,2026-05-18 11:10:00,09:44,10:39,11:10
R0117,P67,return,hospital_to_patient,H1,HOME_P67,H1,external,P3,low,1.0,prescription_medicale,5,5,1,-1,700,735,806,700,56,1,R0116,PU_R0117,DO_R0117,2026-05-18 11:40:00,2026-05-18 12:15:00,2026-05-18 13:26:00,2026-05-18 11:40:00,11:40,12:15,13:26
R0118,P68,outbound,patient_to_hospital,HOME_P68,H2,H2,dialysis,P1,high,2.0,vsl_required,5,5,1,-1,455,500,510,510,25,1,R0119,PU_R0118,DO_R0118,2026-05-18 07:35:00,2026-05-18 08:20:00,2026-05-18 08:30:00,2026-05-18 08:30:00,07:35,08:20,08:30
R0119,P68,return,hospital_to_patient,H2,HOME_P68,H2,dialysis,P1,high,2.0,vsl_required,5,5,1,-1,725,740,780,725,25,1,R0118,PU_R0119,DO_R0119,2026-05-18 12:05:00,2026-05-18 12:20:00,2026-05-18 13:00:00,2026-05-18 12:05:00,12:05,12:20,13:00
R0120,P69,outbound,patient_to_hospital,HOME_P69,H2,H2,dialysis,P1,high,2.0,vsl_required,5,5,1,-1,770,818,825,825,25,1,,PU_R0120,DO_R0120,2026-05-18 12:50:00,2026-05-18 13:38:00,2026-05-18 13:45:00,2026-05-18 13:45:00,12:50,13:38,13:45
R0121,P70,outbound,patient_to_hospital,HOME_P70,H2,H2,oncology,P1,high,2.0,vsl_required,5,5,1,-1,755,793,810,810,25,1,,PU_R0121,DO_R0121,2026-05-18 12:35:00,2026-05-18 13:13:00,2026-05-18 13:30:00,2026-05-18 13:30:00,12:35,13:13,13:30
R0122,P71,outbound,patient_to_hospital,HOME_P71,H2,H2,other,P2,medium,1.5,standard_assis,5,5,1,-1,790,837,855,855,35,1,R0123,PU_R0122,DO_R0122,2026-05-18 13:10:00,2026-05-18 13:57:00,2026-05-18 14:15:00,2026-05-18 14:15:00,13:10,13:57,14:15
R0123,P71,return,hospital_to_patient,H2,HOME_P71,H2,other,P2,medium,1.5,standard_assis,5,5,1,-1,885,910,960,885,35,1,R0122,PU_R0123,DO_R0123,2026-05-18 14:45:00,2026-05-18 15:10:00,2026-05-18 16:00:00,2026-05-18 14:45:00,14:45,15:10,16:00
R0124,P72,outbound,patient_to_hospital,HOME_P72,H1,H1,other,P2,medium,1.5,standard_assis,5,5,1,-1,525,573,590,590,35,1,R0125,PU_R0124,DO_R0124,2026-05-18 08:45:00,2026-05-18 09:33:00,2026-05-18 09:50:00,2026-05-18 09:50:00,08:45,09:33,09:50
R0125,P72,return,hospital_to_patient,H1,HOME_P72,H1,other,P2,medium,1.5,standard_assis,5,5,1,-1,650,675,725,650,35,1,R0124,PU_R0125,DO_R0125,2026-05-18 10:50:00,2026-05-18 11:15:00,2026-05-18 12:05:00,2026-05-18 10:50:00,10:50,11:15,12:05
R0126,P73,outbound,patient_to_hospital,HOME_P73,H2,H2,dialysis,P1,high,2.0,vsl_required,5,5,1,-1,470,520,525,525,25,1,R0127,PU_R0126,DO_R0126,2026-05-18 07:50:00,2026-05-18 08:40:00,2026-05-18 08:45:00,2026-05-18 08:45:00,07:50,08:40,08:45
R0127,P73,return,hospital_to_patient,H2,HOME_P73,H2,dialysis,P1,high,2.0,vsl_required,5,5,1,-1,795,810,850,795,25,1,R0126,PU_R0127,DO_R0127,2026-05-18 13:15:00,2026-05-18 13:30:00,2026-05-18 14:10:00,2026-05-18 13:15:00,13:15,13:30,14:10
R0128,P74,outbound,patient_to_hospital,HOME_P74,H1,H1,other,P2,medium,1.5,vsl_required,5,5,1,-1,450,500,515,515,35,1,R0129,PU_R0128,DO_R0128,2026-05-18 07:30:00,2026-05-18 08:20:00,2026-05-18 08:35:00,2026-05-18 08:35:00,07:30,08:20,08:35
R0129,P74,return,hospital_to_patient,H1,HOME_P74,H1,other,P2,medium,1.5,vsl_required,5,5,1,-1,610,635,685,610,35,1,R0128,PU_R0129,DO_R0129,2026-05-18 10:10:00,2026-05-18 10:35:00,2026-05-18 11:25:00,2026-05-18 10:10:00,10:10,10:35,11:25
R0130,P75,outbound,patient_to_hospital,HOME_P75,H2,H2,dialysis,P1,high,2.0,vsl_required,5,5,1,-1,730,770,785,785,25,1,R0131,PU_R0130,DO_R0130,2026-05-18 12:10:00,2026-05-18 12:50:00,2026-05-18 13:05:00,2026-05-18 13:05:00,12:10,12:50,13:05
R0131,P75,return,hospital_to_patient,H2,HOME_P75,H2,dialysis,P1,high,2.0,vsl_required,5,5,1,-1,995,1010,1050,995,25,1,R0130,PU_R0131,DO_R0131,2026-05-18 16:35:00,2026-05-18 16:50:00,2026-05-18 17:30:00,2026-05-18 16:35:00,16:35,16:50,17:30
R0132,P76,outbound,patient_to_hospital,HOME_P76,H1,H1,other,P2,medium,1.5,standard_assis,5,5,1,-1,805,853,870,870,35,1,R0133,PU_R0132,DO_R0132,2026-05-18 13:25:00,2026-05-18 14:13:00,2026-05-18 14:30:00,2026-05-18 14:30:00,13:25,14:13,14:30
R0133,P76,return,hospital_to_patient,H1,HOME_P76,H1,other,P2,medium,1.5,standard_assis,5,5,1,-1,990,1015,1065,990,35,1,R0132,PU_R0133,DO_R0133,2026-05-18 16:30:00,2026-05-18 16:55:00,2026-05-18 17:45:00,2026-05-18 16:30:00,16:30,16:55,17:45
R0134,P77,outbound,patient_to_hospital,HOME_P77,H1,H1,oncology,P1,high,2.0,prescription_medicale,5,5,1,-1,645,685,700,700,25,1,R0135,PU_R0134,DO_R0134,2026-05-18 10:45:00,2026-05-18 11:25:00,2026-05-18 11:40:00,2026-05-18 11:40:00,10:45,11:25,11:40
R0135,P77,return,hospital_to_patient,H1,HOME_P77,H1,oncology,P1,high,2.0,prescription_medicale,5,5,1,-1,855,870,910,855,25,1,R0134,PU_R0135,DO_R0135,2026-05-18 14:15:00,2026-05-18 14:30:00,2026-05-18 15:10:00,2026-05-18 14:15:00,14:15,14:30,15:10
R0136,P78,outbound,patient_to_hospital,HOME_P78,H1,H1,other,P2,medium,1.5,standard_assis,5,5,1,-1,495,547,560,560,35,1,R0137,PU_R0136,DO_R0136,2026-05-18 08:15:00,2026-05-18 09:07:00,2026-05-18 09:20:00,2026-05-18 09:20:00,08:15,09:07,09:20
R0137,P78,return,hospital_to_patient,H1,HOME_P78,H1,other,P2,medium,1.5,standard_assis,5,5,1,-1,645,670,720,645,35,1,R0136,PU_R0137,DO_R0137,2026-05-18 10:45:00,2026-05-18 11:10:00,2026-05-18 12:00:00,2026-05-18 10:45:00,10:45,11:10,12:00
R0138,P79,outbound,patient_to_hospital,HOME_P79,H1,H1,other,P2,medium,1.5,vsl_required,5,5,1,-1,775,818,840,840,35,1,R0139,PU_R0138,DO_R0138,2026-05-18 12:55:00,2026-05-18 13:38:00,2026-05-18 14:00:00,2026-05-18 14:00:00,12:55,13:38,14:00
R0139,P79,return,hospital_to_patient,H1,HOME_P79,H1,other,P2,medium,1.5,vsl_required,5,5,1,-1,900,925,975,900,35,1,R0138,PU_R0139,DO_R0139,2026-05-18 15:00:00,2026-05-18 15:25:00,2026-05-18 16:15:00,2026-05-18 15:00:00,15:00,15:25,16:15
R0140,P80,outbound,patient_to_hospital,HOME_P80,H2,H2,oncology,P1,high,2.0,prescription_medicale,5,5,1,-1,465,502,520,520,25,1,R0141,PU_R0140,DO_R0140,2026-05-18 07:45:00,2026-05-18 08:22:00,2026-05-18 08:40:00,2026-05-18 08:40:00,07:45,08:22,08:40
R0141,P80,return,hospital_to_patient,H2,HOME_P80,H2,oncology,P1,high,2.0,prescription_medicale,5,5,1,-1,725,740,780,725,25,1,R0140,PU_R0141,DO_R0141,2026-05-18 12:05:00,2026-05-18 12:20:00,2026-05-18 13:00:00,2026-05-18 12:05:00,12:05,12:20,13:00
R0142,P81,outbound,patient_to_hospital,HOME_P81,H1,H1,other,P2,medium,1.5,prescription_medicale,5,5,1,-1,960,1013,1025,1025,35,1,,PU_R0142,DO_R0142,2026-05-18 16:00:00,2026-05-18 16:53:00,2026-05-18 17:05:00,2026-05-18 17:05:00,16:00,16:53,17:05
R0143,P82,outbound,patient_to_hospital,HOME_P82,H1,H1,dialysis,P1,high,2.0,prescription_medicale,5,5,1,-1,740,787,795,795,25,1,,PU_R0143,DO_R0143,2026-05-18 12:20:00,2026-05-18 13:07:00,2026-05-18 13:15:00,2026-05-18 13:15:00,12:20,13:07,13:15
R0144,P83,outbound,patient_to_hospital,HOME_P83,H1,H1,other,P2,medium,1.5,standard_assis,5,5,1,-1,640,693,705,705,35,1,R0145,PU_R0144,DO_R0144,2026-05-18 10:40:00,2026-05-18 11:33:00,2026-05-18 11:45:00,2026-05-18 11:45:00,10:40,11:33,11:45
R0145,P83,return,hospital_to_patient,H1,HOME_P83,H1,other,P2,medium,1.5,standard_assis,5,5,1,-1,775,800,850,775,35,1,R0144,PU_R0145,DO_R0145,2026-05-18 12:55:00,2026-05-18 13:20:00,2026-05-18 14:10:00,2026-05-18 12:55:00,12:55,13:20,14:10
R0146,P84,outbound,patient_to_hospital,HOME_P84,H1,H1,dialysis,P1,high,2.0,vsl_required,5,5,1,-1,475,516,530,530,25,1,R0147,PU_R0146,DO_R0146,2026-05-18 07:55:00,2026-05-18 08:36:00,2026-05-18 08:50:00,2026-05-18 08:50:00,07:55,08:36,08:50
R0147,P84,return,hospital_to_patient,H1,HOME_P84,H1,dialysis,P1,high,2.0,vsl_required,5,5,1,-1,770,785,825,770,25,1,R0146,PU_R0147,DO_R0147,2026-05-18 12:50:00,2026-05-18 13:05:00,2026-05-18 13:45:00,2026-05-18 12:50:00,12:50,13:05,13:45
R0148,P85,outbound,patient_to_hospital,HOME_P85,H2,H2,other,P2,medium,1.5,prescription_medicale,5,5,1,-1,795,854,860,860,35,1,R0149,PU_R0148,DO_R0148,2026-05-18 13:15:00,2026-05-18 14:14:00,2026-05-18 14:20:00,2026-05-18 14:20:00,13:15,14:14,14:20
R0149,P85,return,hospital_to_patient,H2,HOME_P85,H2,other,P2,medium,1.5,prescription_medicale,5,5,1,-1,890,915,965,890,35,1,R0148,PU_R0149,DO_R0149,2026-05-18 14:50:00,2026-05-18 15:15:00,2026-05-18 16:05:00,2026-05-18 14:50:00,14:50,15:15,16:05
R0150,P86,outbound,patient_to_hospital,HOME_P86,H2,H2,dialysis,P1,high,2.0,vsl_required,5,5,1,-1,755,799,810,810,25,1,,PU_R0150,DO_R0150,2026-05-18 12:35:00,2026-05-18 13:19:00,2026-05-18 13:30:00,2026-05-18 13:30:00,12:35,13:19,13:30
R0151,P87,outbound,patient_to_hospital,HOME_P87,H2,H2,dialysis,P1,high,2.0,vsl_required,5,5,1,-1,475,519,530,530,25,1,R0152,PU_R0151,DO_R0151,2026-05-18 07:55:00,2026-05-18 08:39:00,2026-05-18 08:50:00,2026-05-18 08:50:00,07:55,08:39,08:50
R0152,P87,return,hospital_to_patient,H2,HOME_P87,H2,dialysis,P1,high,2.0,vsl_required,5,5,1,-1,755,770,810,755,25,1,R0151,PU_R0152,DO_R0152,2026-05-18 12:35:00,2026-05-18 12:50:00,2026-05-18 13:30:00,2026-05-18 12:35:00,12:35,12:50,13:30
R0153,P88,outbound,patient_to_hospital,HOME_P88,H2,H2,other,P2,medium,1.5,standard_assis,5,5,1,-1,600,645,665,665,35,1,R0154,PU_R0153,DO_R0153,2026-05-18 10:00:00,2026-05-18 10:45:00,2026-05-18 11:05:00,2026-05-18 11:05:00,10:00,10:45,11:05
R0154,P88,return,hospital_to_patient,H2,HOME_P88,H2,other,P2,medium,1.5,standard_assis,5,5,1,-1,690,715,765,690,35,1,R0153,PU_R0154,DO_R0154,2026-05-18 11:30:00,2026-05-18 11:55:00,2026-05-18 12:45:00,2026-05-18 11:30:00,11:30,11:55,12:45
R0155,P89,outbound,patient_to_hospital,HOME_P89,H1,H1,dialysis,P1,high,2.0,vsl_required,5,5,1,-1,470,520,525,525,25,1,R0156,PU_R0155,DO_R0155,2026-05-18 07:50:00,2026-05-18 08:40:00,2026-05-18 08:45:00,2026-05-18 08:45:00,07:50,08:40,08:45
R0156,P89,return,hospital_to_patient,H1,HOME_P89,H1,dialysis,P1,high,2.0,vsl_required,5,5,1,-1,765,780,820,765,25,1,R0155,PU_R0156,DO_R0156,2026-05-18 12:45:00,2026-05-18 13:00:00,2026-05-18 13:40:00,2026-05-18 12:45:00,12:45,13:00,13:40
R0157,P90,outbound,patient_to_hospital,HOME_P90,H1,H1,other,P2,medium,1.5,prescription_medicale,5,5,1,-1,520,568,585,585,35,1,R0158,PU_R0157,DO_R0157,2026-05-18 08:40:00,2026-05-18 09:28:00,2026-05-18 09:45:00,2026-05-18 09:45:00,08:40,09:28,09:45
R0158,P90,return,hospital_to_patient,H1,HOME_P90,H1,other,P2,medium,1.5,prescription_medicale,5,5,1,-1,700,725,775,700,35,1,R0157,PU_R0158,DO_R0158,2026-05-18 11:40:00,2026-05-18 12:05:00,2026-05-18 12:55:00,2026-05-18 11:40:00,11:40,12:05,12:55
R0159,P91,outbound,patient_to_hospital,HOME_P91,H2,H2,other,P2,medium,1.5,premium,5,5,1,-1,1010,1057,1075,1075,35,1,,PU_R0159,DO_R0159,2026-05-18 16:50:00,2026-05-18 17:37:00,2026-05-18 17:55:00,2026-05-18 17:55:00,16:50,17:37,17:55
R0160,P92,outbound,patient_to_hospital,HOME_P92,H1,H1,other,P2,medium,1.5,standard_assis,5,5,1,-1,455,508,520,520,35,1,R0161,PU_R0160,DO_R0160,2026-05-18 07:35:00,2026-05-18 08:28:00,2026-05-18 08:40:00,2026-05-18 08:40:00,07:35,08:28,08:40
R0161,P92,return,hospital_to_patient,H1,HOME_P92,H1,other,P2,medium,1.5,standard_assis,5,5,1,-1,585,610,660,585,35,1,R0160,PU_R0161,DO_R0161,2026-05-18 09:45:00,2026-05-18 10:10:00,2026-05-18 11:00:00,2026-05-18 09:45:00,09:45,10:10,11:00
R0162,P93,outbound,patient_to_hospital,HOME_P93,H3,H3,dialysis,P1,high,2.0,vsl_required,5,5,1,-1,735,781,790,790,25,1,R0163,PU_R0162,DO_R0162,2026-05-18 12:15:00,2026-05-18 13:01:00,2026-05-18 13:10:00,2026-05-18 13:10:00,12:15,13:01,13:10
R0163,P93,return,hospital_to_patient,H3,HOME_P93,H3,dialysis,P1,high,2.0,vsl_required,5,5,1,-1,1005,1020,1060,1005,25,1,R0162,PU_R0163,DO_R0163,2026-05-18 16:45:00,2026-05-18 17:00:00,2026-05-18 17:40:00,2026-05-18 16:45:00,16:45,17:00,17:40
R0164,P94,outbound,patient_to_hospital,HOME_P94,H3,H3,dialysis,P1,high,2.0,vsl_required,5,5,1,-1,765,807,820,820,25,1,,PU_R0164,DO_R0164,2026-05-18 12:45:00,2026-05-18 13:27:00,2026-05-18 13:40:00,2026-05-18 13:40:00,12:45,13:27,13:40
R0165,P95,outbound,patient_to_hospital,HOME_P95,H1,H1,oncology,P1,high,2.0,prescription_medicale,5,5,1,-1,460,502,515,515,25,1,R0166,PU_R0165,DO_R0165,2026-05-18 07:40:00,2026-05-18 08:22:00,2026-05-18 08:35:00,2026-05-18 08:35:00,07:40,08:22,08:35
R0166,P95,return,hospital_to_patient,H1,HOME_P95,H1,oncology,P1,high,2.0,prescription_medicale,5,5,1,-1,690,705,745,690,25,1,R0165,PU_R0166,DO_R0166,2026-05-18 11:30:00,2026-05-18 11:45:00,2026-05-18 12:25:00,2026-05-18 11:30:00,11:30,11:45,12:25
R0167,P96,outbound,patient_to_hospital,HOME_P96,H1,H1,dialysis,P1,high,2.0,vsl_required,5,5,1,-1,740,787,795,795,25,1,,PU_R0167,DO_R0167,2026-05-18 12:20:00,2026-05-18 13:07:00,2026-05-18 13:15:00,2026-05-18 13:15:00,12:20,13:07,13:15
R0168,P97,outbound,patient_to_hospital,HOME_P97,H1,H1,oncology,P1,high,2.0,standard_assis,5,5,1,-1,480,517,535,535,25,1,R0169,PU_R0168,DO_R0168,2026-05-18 08:00:00,2026-05-18 08:37:00,2026-05-18 08:55:00,2026-05-18 08:55:00,08:00,08:37,08:55
R0169,P97,return,hospital_to_patient,H1,HOME_P97,H1,oncology,P1,high,2.0,standard_assis,5,5,1,-1,700,715,755,700,25,1,R0168,PU_R0169,DO_R0169,2026-05-18 11:40:00,2026-05-18 11:55:00,2026-05-18 12:35:00,2026-05-18 11:40:00,11:40,11:55,12:35
R0170,P98,outbound,patient_to_hospital,HOME_P98,H1,H1,oncology,P1,high,2.0,vsl_required,5,5,1,-1,480,526,535,535,25,1,R0171,PU_R0170,DO_R0170,2026-05-18 08:00:00,2026-05-18 08:46:00,2026-05-18 08:55:00,2026-05-18 08:55:00,08:00,08:46,08:55
R0171,P98,return,hospital_to_patient,H1,HOME_P98,H1,oncology,P1,high,2.0,vsl_required,5,5,1,-1,700,715,755,700,25,1,R0170,PU_R0171,DO_R0171,2026-05-18 11:40:00,2026-05-18 11:55:00,2026-05-18 12:35:00,2026-05-18 11:40:00,11:40,11:55,12:35
R0172,P99,outbound,patient_to_hospital,HOME_P99,H1,H1,oncology,P1,high,2.0,vsl_required,5,5,1,-1,800,837,855,855,25,1,R0173,PU_R0172,DO_R0172,2026-05-18 13:20:00,2026-05-18 13:57:00,2026-05-18 14:15:00,2026-05-18 14:15:00,13:20,13:57,14:15
R0173,P99,return,hospital_to_patient,H1,HOME_P99,H1,oncology,P1,high,2.0,vsl_required,5,5,1,-1,1025,1040,1080,1025,25,1,R0172,PU_R0173,DO_R0173,2026-05-18 17:05:00,2026-05-18 17:20:00,2026-05-18 18:00:00,2026-05-18 17:05:00,17:05,17:20,18:00
R0174,P100,outbound,patient_to_hospital,HOME_P100,H1,H1,other,P2,medium,1.5,standard_assis,5,5,1,-1,450,498,515,515,35,1,R0175,PU_R0174,DO_R0174,2026-05-18 07:30:00,2026-05-18 08:18:00,2026-05-18 08:35:00,2026-05-18 08:35:00,07:30,08:18,08:35
R0175,P100,return,hospital_to_patient,H1,HOME_P100,H1,other,P2,medium,1.5,standard_assis,5,5,1,-1,615,640,690,615,35,1,R0174,PU_R0175,DO_R0175,2026-05-18 10:15:00,2026-05-18 10:40:00,2026-05-18 11:30:00,2026-05-18 10:15:00,10:15,10:40,11:30
