vehicle_id,vehicle_type,capacity_Qk,speed_kmh,cost_per_km,start_point_id,start_lat,start_lon,route_type
V1,taxi_conventionne,3,42,1.25,VS_V1,46.012639091970186,4.0194297984565095,open_route
V2,taxi_conventionne,3,42,1.25,VS_V2,46.058248043343774,4.068714999838915,open_route
V3,taxi_conventionne,3,42,1.25,VS_V3,46.131685799049336,4.069275107884008,open_route
V4,taxi_conventionne,3,42,1.25,VS_V4,46.06442770999241,4.133287207090471,open_route
V5,taxi_conventionne,3,42,1.25,VS_V5,46.05728881267968,4.098496205183979,open_route
V6,taxi_conventionne,3,42,1.25,VS_V6,46.04498491732032,4.051150296401078,open_route
V7,taxi_conventionne,3,42,1.25,VS_V7,46.071812140953206,3.998071136496413,open_route
V8,taxi_conventionne,3,42,1.25,VS_V8,46.004085972232104,4.161873125692219,open_route
V9,taxi_conventionne,3,42,1.25,VS_V9,46.02881035730406,4.113340479026636,open_route
V10,taxi_conventionne,3,42,1.25,VS_V10,46.04065022308785,4.051862101374879,open_route
V11,taxi_conventionne,3,42,1.25,VS_V11,46.073321326605395,4.115484160434189,open_route
V12,taxi_conventionne,3,42,1.25,VS_V12,45.97164381172976,4.117149062304647,open_route
V13,taxi_conventionne,3,42,1.25,VS_V13,46.13695416150397,4.054389570207089,open_route
V14,taxi_conventionne,3,42,1.25,VS_V14,46.05012651708184,4.175772021267011,open_route
V15,taxi_conventionne,3,42,1.25,VS_V15,46.05074187883522,4.1198772837144935,open_route
V16,vsl,3,40,1.35,VS_V16,45.97289101329935,4.061741799885207,open_route
V17,vsl,3,40,1.35,VS_V17,46.098876867319255,4.077744011402037,open_route
V18,vsl,3,40,1.35,VS_V18,46.00828852695654,4.1179951576297045,open_route
V19,vsl,3,40,1.35,VS_V19,46.05007581497976,4.1041777921108515,open_route
V20,vsl,3,40,1.35,VS_V20,46.007697417922444,4.105541600361572,open_route
V21,vsl,3,40,1.35,VS_V21,45.991993459631324,4.03343833179902,open_route
V22,vsl,3,40,1.35,VS_V22,46.02686881989252,4.184908420460204,open_route
V23,vsl,3,40,1.35,VS_V23,46.04090162470793,4.107775778594173,open_route
V24,vsl,3,40,1.35,VS_V24,46.01276828209099,4.042397227018992,open_route
V25,vsl,3,40,1.35,VS_V25,46.02315440103542,4.150799178501657,open_route
V26,vsl,3,40,1.35,VS_V26,46.05017948636693,4.030038584110408,open_route
V27,vtc_premium,3,45,1.7,VS_V27,45.99912066631514,3.998308038735014,open_route
V28,vtc_premium,3,45,1.7,VS_V28,46.096259315575224,3.983966217501201,open_route
V29,vtc_premium,3,45,1.7,VS_V29,46.05633324014362,4.092536063729996,open_route
V30,vtc_premium,3,45,1.7,VS_V30,46.031232160183805,3.9850480416151726,open_route
