request_id,patient_id,trip_type,hospital_id,activity_type,vehicle_id,vehicle_type,requirement,compatible
R0001,P1,outbound,H1,dialysis,V1,taxi_conventionne,vsl_required,0
R0001,P1,outbound,H1,dialysis,V2,taxi_conventionne,vsl_required,0
R0001,P1,outbound,H1,dialysis,V3,vsl,vsl_required,1
R0001,P1,outbound,H1,dialysis,V4,vsl,vsl_required,1
R0001,P1,outbound,H1,dialysis,V5,vtc_premium,vsl_required,0
R0002,P2,outbound,H1,dialysis,V1,taxi_conventionne,vsl_required,0
R0002,P2,outbound,H1,dialysis,V2,taxi_conventionne,vsl_required,0
R0002,P2,outbound,H1,dialysis,V3,vsl,vsl_required,1
R0002,P2,outbound,H1,dialysis,V4,vsl,vsl_required,1
R0002,P2,outbound,H1,dialysis,V5,vtc_premium,vsl_required,0
R0003,P3,outbound,H1,other,V1,taxi_conventionne,standard_assis,1
R0003,P3,outbound,H1,other,V2,taxi_conventionne,standard_assis,1
R0003,P3,outbound,H1,other,V3,vsl,standard_assis,1
R0003,P3,outbound,H1,other,V4,vsl,standard_assis,1
R0003,P3,outbound,H1,other,V5,vtc_premium,standard_assis,1
R0004,P3,return,H1,other,V1,taxi_conventionne,standard_assis,1
R0004,P3,return,H1,other,V2,taxi_conventionne,standard_assis,1
R0004,P3,return,H1,other,V3,vsl,standard_assis,1
R0004,P3,return,H1,other,V4,vsl,standard_assis,1
R0004,P3,return,H1,other,V5,vtc_premium,standard_assis,1
R0005,P4,outbound,H1,other,V1,taxi_conventionne,prescription_medicale,1
R0005,P4,outbound,H1,other,V2,taxi_conventionne,prescription_medicale,1
R0005,P4,outbound,H1,other,V3,vsl,prescription_medicale,1
R0005,P4,outbound,H1,other,V4,vsl,prescription_medicale,1
R0005,P4,outbound,H1,other,V5,vtc_premium,prescription_medicale,0
R0006,P4,return,H1,other,V1,taxi_conventionne,prescription_medicale,1
R0006,P4,return,H1,other,V2,taxi_conventionne,prescription_medicale,1
R0006,P4,return,H1,other,V3,vsl,prescription_medicale,1
R0006,P4,return,H1,other,V4,vsl,prescription_medicale,1
R0006,P4,return,H1,other,V5,vtc_premium,prescription_medicale,0
R0007,P5,outbound,H1,dialysis,V1,taxi_conventionne,vsl_required,0
R0007,P5,outbound,H1,dialysis,V2,taxi_conventionne,vsl_required,0
R0007,P5,outbound,H1,dialysis,V3,vsl,vsl_required,1
R0007,P5,outbound,H1,dialysis,V4,vsl,vsl_required,1
R0007,P5,outbound,H1,dialysis,V5,vtc_premium,vsl_required,0
R0008,P6,outbound,H1,oncology,V1,taxi_conventionne,standard_assis,1
R0008,P6,outbound,H1,oncology,V2,taxi_conventionne,standard_assis,1
R0008,P6,outbound,H1,oncology,V3,vsl,standard_assis,1
R0008,P6,outbound,H1,oncology,V4,vsl,standard_assis,1
R0008,P6,outbound,H1,oncology,V5,vtc_premium,standard_assis,1
R0009,P6,return,H1,oncology,V1,taxi_conventionne,standard_assis,1
R0009,P6,return,H1,oncology,V2,taxi_conventionne,standard_assis,1
R0009,P6,return,H1,oncology,V3,vsl,standard_assis,1
R0009,P6,return,H1,oncology,V4,vsl,standard_assis,1
R0009,P6,return,H1,oncology,V5,vtc_premium,standard_assis,1
R0010,P7,outbound,H1,oncology,V1,taxi_conventionne,vsl_required,0
R0010,P7,outbound,H1,oncology,V2,taxi_conventionne,vsl_required,0
R0010,P7,outbound,H1,oncology,V3,vsl,vsl_required,1
R0010,P7,outbound,H1,oncology,V4,vsl,vsl_required,1
R0010,P7,outbound,H1,oncology,V5,vtc_premium,vsl_required,0
R0011,P7,return,H1,oncology,V1,taxi_conventionne,vsl_required,0
R0011,P7,return,H1,oncology,V2,taxi_conventionne,vsl_required,0
R0011,P7,return,H1,oncology,V3,vsl,vsl_required,1
R0011,P7,return,H1,oncology,V4,vsl,vsl_required,1
R0011,P7,return,H1,oncology,V5,vtc_premium,vsl_required,0
R0012,P8,outbound,H1,other,V1,taxi_conventionne,standard_assis,1
R0012,P8,outbound,H1,other,V2,taxi_conventionne,standard_assis,1
R0012,P8,outbound,H1,other,V3,vsl,standard_assis,1
R0012,P8,outbound,H1,other,V4,vsl,standard_assis,1
R0012,P8,outbound,H1,other,V5,vtc_premium,standard_assis,1
R0013,P8,return,H1,other,V1,taxi_conventionne,standard_assis,1
R0013,P8,return,H1,other,V2,taxi_conventionne,standard_assis,1
R0013,P8,return,H1,other,V3,vsl,standard_assis,1
R0013,P8,return,H1,other,V4,vsl,standard_assis,1
R0013,P8,return,H1,other,V5,vtc_premium,standard_assis,1
R0014,P9,outbound,H1,dialysis,V1,taxi_conventionne,vsl_required,0
R0014,P9,outbound,H1,dialysis,V2,taxi_conventionne,vsl_required,0
R0014,P9,outbound,H1,dialysis,V3,vsl,vsl_required,1
R0014,P9,outbound,H1,dialysis,V4,vsl,vsl_required,1
R0014,P9,outbound,H1,dialysis,V5,vtc_premium,vsl_required,0
R0015,P9,return,H1,dialysis,V1,taxi_conventionne,vsl_required,0
R0015,P9,return,H1,dialysis,V2,taxi_conventionne,vsl_required,0
R0015,P9,return,H1,dialysis,V3,vsl,vsl_required,1
R0015,P9,return,H1,dialysis,V4,vsl,vsl_required,1
R0015,P9,return,H1,dialysis,V5,vtc_premium,vsl_required,0
R0016,P10,outbound,H1,oncology,V1,taxi_conventionne,vsl_required,0
R0016,P10,outbound,H1,oncology,V2,taxi_conventionne,vsl_required,0
R0016,P10,outbound,H1,oncology,V3,vsl,vsl_required,1
R0016,P10,outbound,H1,oncology,V4,vsl,vsl_required,1
R0016,P10,outbound,H1,oncology,V5,vtc_premium,vsl_required,0
R0017,P11,outbound,H1,external,V1,taxi_conventionne,standard_assis,1
R0017,P11,outbound,H1,external,V2,taxi_conventionne,standard_assis,1
R0017,P11,outbound,H1,external,V3,vsl,standard_assis,1
R0017,P11,outbound,H1,external,V4,vsl,standard_assis,1
R0017,P11,outbound,H1,external,V5,vtc_premium,standard_assis,1
R0018,P11,return,H1,external,V1,taxi_conventionne,standard_assis,1
R0018,P11,return,H1,external,V2,taxi_conventionne,standard_assis,1
R0018,P11,return,H1,external,V3,vsl,standard_assis,1
R0018,P11,return,H1,external,V4,vsl,standard_assis,1
R0018,P11,return,H1,external,V5,vtc_premium,standard_assis,1
R0019,P12,outbound,H1,dialysis,V1,taxi_conventionne,vsl_required,0
R0019,P12,outbound,H1,dialysis,V2,taxi_conventionne,vsl_required,0
R0019,P12,outbound,H1,dialysis,V3,vsl,vsl_required,1
R0019,P12,outbound,H1,dialysis,V4,vsl,vsl_required,1
R0019,P12,outbound,H1,dialysis,V5,vtc_premium,vsl_required,0
R0020,P12,return,H1,dialysis,V1,taxi_conventionne,vsl_required,0
R0020,P12,return,H1,dialysis,V2,taxi_conventionne,vsl_required,0
R0020,P12,return,H1,dialysis,V3,vsl,vsl_required,1
R0020,P12,return,H1,dialysis,V4,vsl,vsl_required,1
R0020,P12,return,H1,dialysis,V5,vtc_premium,vsl_required,0
R0021,P13,outbound,H1,dialysis,V1,taxi_conventionne,vsl_required,0
R0021,P13,outbound,H1,dialysis,V2,taxi_conventionne,vsl_required,0
R0021,P13,outbound,H1,dialysis,V3,vsl,vsl_required,1
R0021,P13,outbound,H1,dialysis,V4,vsl,vsl_required,1
R0021,P13,outbound,H1,dialysis,V5,vtc_premium,vsl_required,0
R0022,P13,return,H1,dialysis,V1,taxi_conventionne,vsl_required,0
R0022,P13,return,H1,dialysis,V2,taxi_conventionne,vsl_required,0
R0022,P13,return,H1,dialysis,V3,vsl,vsl_required,1
R0022,P13,return,H1,dialysis,V4,vsl,vsl_required,1
R0022,P13,return,H1,dialysis,V5,vtc_premium,vsl_required,0
R0023,P14,outbound,H1,dialysis,V1,taxi_conventionne,vsl_required,0
R0023,P14,outbound,H1,dialysis,V2,taxi_conventionne,vsl_required,0
R0023,P14,outbound,H1,dialysis,V3,vsl,vsl_required,1
R0023,P14,outbound,H1,dialysis,V4,vsl,vsl_required,1
R0023,P14,outbound,H1,dialysis,V5,vtc_premium,vsl_required,0
R0024,P15,outbound,H1,external,V1,taxi_conventionne,standard_assis,1
R0024,P15,outbound,H1,external,V2,taxi_conventionne,standard_assis,1
R0024,P15,outbound,H1,external,V3,vsl,standard_assis,1
R0024,P15,outbound,H1,external,V4,vsl,standard_assis,1
R0024,P15,outbound,H1,external,V5,vtc_premium,standard_assis,1
R0025,P15,return,H1,external,V1,taxi_conventionne,standard_assis,1
R0025,P15,return,H1,external,V2,taxi_conventionne,standard_assis,1
R0025,P15,return,H1,external,V3,vsl,standard_assis,1
R0025,P15,return,H1,external,V4,vsl,standard_assis,1
R0025,P15,return,H1,external,V5,vtc_premium,standard_assis,1
R0026,P16,outbound,H1,other,V1,taxi_conventionne,standard_assis,1
R0026,P16,outbound,H1,other,V2,taxi_conventionne,standard_assis,1
R0026,P16,outbound,H1,other,V3,vsl,standard_assis,1
R0026,P16,outbound,H1,other,V4,vsl,standard_assis,1
R0026,P16,outbound,H1,other,V5,vtc_premium,standard_assis,1
R0027,P16,return,H1,other,V1,taxi_conventionne,standard_assis,1
R0027,P16,return,H1,other,V2,taxi_conventionne,standard_assis,1
R0027,P16,return,H1,other,V3,vsl,standard_assis,1
R0027,P16,return,H1,other,V4,vsl,standard_assis,1
R0027,P16,return,H1,other,V5,vtc_premium,standard_assis,1
R0028,P17,outbound,H1,dialysis,V1,taxi_conventionne,vsl_required,0
R0028,P17,outbound,H1,dialysis,V2,taxi_conventionne,vsl_required,0
R0028,P17,outbound,H1,dialysis,V3,vsl,vsl_required,1
R0028,P17,outbound,H1,dialysis,V4,vsl,vsl_required,1
R0028,P17,outbound,H1,dialysis,V5,vtc_premium,vsl_required,0
R0029,P18,outbound,H1,other,V1,taxi_conventionne,standard_assis,1
R0029,P18,outbound,H1,other,V2,taxi_conventionne,standard_assis,1
R0029,P18,outbound,H1,other,V3,vsl,standard_assis,1
R0029,P18,outbound,H1,other,V4,vsl,standard_assis,1
R0029,P18,outbound,H1,other,V5,vtc_premium,standard_assis,1
R0030,P19,outbound,H1,dialysis,V1,taxi_conventionne,vsl_required,0
R0030,P19,outbound,H1,dialysis,V2,taxi_conventionne,vsl_required,0
R0030,P19,outbound,H1,dialysis,V3,vsl,vsl_required,1
R0030,P19,outbound,H1,dialysis,V4,vsl,vsl_required,1
R0030,P19,outbound,H1,dialysis,V5,vtc_premium,vsl_required,0
R0031,P19,return,H1,dialysis,V1,taxi_conventionne,vsl_required,0
R0031,P19,return,H1,dialysis,V2,taxi_conventionne,vsl_required,0
R0031,P19,return,H1,dialysis,V3,vsl,vsl_required,1
R0031,P19,return,H1,dialysis,V4,vsl,vsl_required,1
R0031,P19,return,H1,dialysis,V5,vtc_premium,vsl_required,0
R0032,P20,outbound,H1,external,V1,taxi_conventionne,standard_assis,1
R0032,P20,outbound,H1,external,V2,taxi_conventionne,standard_assis,1
R0032,P20,outbound,H1,external,V3,vsl,standard_assis,1
R0032,P20,outbound,H1,external,V4,vsl,standard_assis,1
R0032,P20,outbound,H1,external,V5,vtc_premium,standard_assis,1
R0033,P20,return,H1,external,V1,taxi_conventionne,standard_assis,1
R0033,P20,return,H1,external,V2,taxi_conventionne,standard_assis,1
R0033,P20,return,H1,external,V3,vsl,standard_assis,1
R0033,P20,return,H1,external,V4,vsl,standard_assis,1
R0033,P20,return,H1,external,V5,vtc_premium,standard_assis,1
R0034,P21,outbound,H1,dialysis,V1,taxi_conventionne,prescription_medicale,1
R0034,P21,outbound,H1,dialysis,V2,taxi_conventionne,prescription_medicale,1
R0034,P21,outbound,H1,dialysis,V3,vsl,prescription_medicale,1
R0034,P21,outbound,H1,dialysis,V4,vsl,prescription_medicale,1
R0034,P21,outbound,H1,dialysis,V5,vtc_premium,prescription_medicale,0
R0035,P21,return,H1,dialysis,V1,taxi_conventionne,prescription_medicale,1
R0035,P21,return,H1,dialysis,V2,taxi_conventionne,prescription_medicale,1
R0035,P21,return,H1,dialysis,V3,vsl,prescription_medicale,1
R0035,P21,return,H1,dialysis,V4,vsl,prescription_medicale,1
R0035,P21,return,H1,dialysis,V5,vtc_premium,prescription_medicale,0
R0036,P22,outbound,H1,other,V1,taxi_conventionne,prescription_medicale,1
R0036,P22,outbound,H1,other,V2,taxi_conventionne,prescription_medicale,1
R0036,P22,outbound,H1,other,V3,vsl,prescription_medicale,1
R0036,P22,outbound,H1,other,V4,vsl,prescription_medicale,1
R0036,P22,outbound,H1,other,V5,vtc_premium,prescription_medicale,0
R0037,P22,return,H1,other,V1,taxi_conventionne,prescription_medicale,1
R0037,P22,return,H1,other,V2,taxi_conventionne,prescription_medicale,1
R0037,P22,return,H1,other,V3,vsl,prescription_medicale,1
R0037,P22,return,H1,other,V4,vsl,prescription_medicale,1
R0037,P22,return,H1,other,V5,vtc_premium,prescription_medicale,0
R0038,P23,outbound,H1,oncology,V1,taxi_conventionne,prescription_medicale,1
R0038,P23,outbound,H1,oncology,V2,taxi_conventionne,prescription_medicale,1
R0038,P23,outbound,H1,oncology,V3,vsl,prescription_medicale,1
R0038,P23,outbound,H1,oncology,V4,vsl,prescription_medicale,1
R0038,P23,outbound,H1,oncology,V5,vtc_premium,prescription_medicale,0
R0039,P23,return,H1,oncology,V1,taxi_conventionne,prescription_medicale,1
R0039,P23,return,H1,oncology,V2,taxi_conventionne,prescription_medicale,1
R0039,P23,return,H1,oncology,V3,vsl,prescription_medicale,1
R0039,P23,return,H1,oncology,V4,vsl,prescription_medicale,1
R0039,P23,return,H1,oncology,V5,vtc_premium,prescription_medicale,0
R0040,P24,outbound,H1,dialysis,V1,taxi_conventionne,prescription_medicale,1
R0040,P24,outbound,H1,dialysis,V2,taxi_conventionne,prescription_medicale,1
R0040,P24,outbound,H1,dialysis,V3,vsl,prescription_medicale,1
R0040,P24,outbound,H1,dialysis,V4,vsl,prescription_medicale,1
R0040,P24,outbound,H1,dialysis,V5,vtc_premium,prescription_medicale,0
R0041,P24,return,H1,dialysis,V1,taxi_conventionne,prescription_medicale,1
R0041,P24,return,H1,dialysis,V2,taxi_conventionne,prescription_medicale,1
R0041,P24,return,H1,dialysis,V3,vsl,prescription_medicale,1
R0041,P24,return,H1,dialysis,V4,vsl,prescription_medicale,1
R0041,P24,return,H1,dialysis,V5,vtc_premium,prescription_medicale,0
R0042,P25,outbound,H1,dialysis,V1,taxi_conventionne,vsl_required,0
R0042,P25,outbound,H1,dialysis,V2,taxi_conventionne,vsl_required,0
R0042,P25,outbound,H1,dialysis,V3,vsl,vsl_required,1
R0042,P25,outbound,H1,dialysis,V4,vsl,vsl_required,1
R0042,P25,outbound,H1,dialysis,V5,vtc_premium,vsl_required,0
R0043,P26,outbound,H1,other,V1,taxi_conventionne,prescription_medicale,1
R0043,P26,outbound,H1,other,V2,taxi_conventionne,prescription_medicale,1
R0043,P26,outbound,H1,other,V3,vsl,prescription_medicale,1
R0043,P26,outbound,H1,other,V4,vsl,prescription_medicale,1
R0043,P26,outbound,H1,other,V5,vtc_premium,prescription_medicale,0
R0044,P27,outbound,H1,other,V1,taxi_conventionne,prescription_medicale,1
R0044,P27,outbound,H1,other,V2,taxi_conventionne,prescription_medicale,1
R0044,P27,outbound,H1,other,V3,vsl,prescription_medicale,1
R0044,P27,outbound,H1,other,V4,vsl,prescription_medicale,1
R0044,P27,outbound,H1,other,V5,vtc_premium,prescription_medicale,0
R0045,P27,return,H1,other,V1,taxi_conventionne,prescription_medicale,1
R0045,P27,return,H1,other,V2,taxi_conventionne,prescription_medicale,1
R0045,P27,return,H1,other,V3,vsl,prescription_medicale,1
R0045,P27,return,H1,other,V4,vsl,prescription_medicale,1
R0045,P27,return,H1,other,V5,vtc_premium,prescription_medicale,0
R0046,P28,outbound,H1,other,V1,taxi_conventionne,vsl_required,0
R0046,P28,outbound,H1,other,V2,taxi_conventionne,vsl_required,0
R0046,P28,outbound,H1,other,V3,vsl,vsl_required,1
R0046,P28,outbound,H1,other,V4,vsl,vsl_required,1
R0046,P28,outbound,H1,other,V5,vtc_premium,vsl_required,0
R0047,P28,return,H1,other,V1,taxi_conventionne,vsl_required,0
R0047,P28,return,H1,other,V2,taxi_conventionne,vsl_required,0
R0047,P28,return,H1,other,V3,vsl,vsl_required,1
R0047,P28,return,H1,other,V4,vsl,vsl_required,1
R0047,P28,return,H1,other,V5,vtc_premium,vsl_required,0
R0048,P29,outbound,H1,other,V1,taxi_conventionne,standard_assis,1
R0048,P29,outbound,H1,other,V2,taxi_conventionne,standard_assis,1
R0048,P29,outbound,H1,other,V3,vsl,standard_assis,1
R0048,P29,outbound,H1,other,V4,vsl,standard_assis,1
R0048,P29,outbound,H1,other,V5,vtc_premium,standard_assis,1
R0049,P29,return,H1,other,V1,taxi_conventionne,standard_assis,1
R0049,P29,return,H1,other,V2,taxi_conventionne,standard_assis,1
R0049,P29,return,H1,other,V3,vsl,standard_assis,1
R0049,P29,return,H1,other,V4,vsl,standard_assis,1
R0049,P29,return,H1,other,V5,vtc_premium,standard_assis,1
R0050,P30,outbound,H1,other,V1,taxi_conventionne,standard_assis,1
R0050,P30,outbound,H1,other,V2,taxi_conventionne,standard_assis,1
R0050,P30,outbound,H1,other,V3,vsl,standard_assis,1
R0050,P30,outbound,H1,other,V4,vsl,standard_assis,1
R0050,P30,outbound,H1,other,V5,vtc_premium,standard_assis,1
R0051,P30,return,H1,other,V1,taxi_conventionne,standard_assis,1
R0051,P30,return,H1,other,V2,taxi_conventionne,standard_assis,1
R0051,P30,return,H1,other,V3,vsl,standard_assis,1
R0051,P30,return,H1,other,V4,vsl,standard_assis,1
R0051,P30,return,H1,other,V5,vtc_premium,standard_assis,1
R0052,P31,outbound,H1,other,V1,taxi_conventionne,prescription_medicale,1
R0052,P31,outbound,H1,other,V2,taxi_conventionne,prescription_medicale,1
R0052,P31,outbound,H1,other,V3,vsl,prescription_medicale,1
R0052,P31,outbound,H1,other,V4,vsl,prescription_medicale,1
R0052,P31,outbound,H1,other,V5,vtc_premium,prescription_medicale,0
R0053,P31,return,H1,other,V1,taxi_conventionne,prescription_medicale,1
R0053,P31,return,H1,other,V2,taxi_conventionne,prescription_medicale,1
R0053,P31,return,H1,other,V3,vsl,prescription_medicale,1
R0053,P31,return,H1,other,V4,vsl,prescription_medicale,1
R0053,P31,return,H1,other,V5,vtc_premium,prescription_medicale,0
R0054,P32,outbound,H1,other,V1,taxi_conventionne,standard_assis,1
R0054,P32,outbound,H1,other,V2,taxi_conventionne,standard_assis,1
R0054,P32,outbound,H1,other,V3,vsl,standard_assis,1
R0054,P32,outbound,H1,other,V4,vsl,standard_assis,1
R0054,P32,outbound,H1,other,V5,vtc_premium,standard_assis,1
R0055,P32,return,H1,other,V1,taxi_conventionne,standard_assis,1
R0055,P32,return,H1,other,V2,taxi_conventionne,standard_assis,1
R0055,P32,return,H1,other,V3,vsl,standard_assis,1
R0055,P32,return,H1,other,V4,vsl,standard_assis,1
R0055,P32,return,H1,other,V5,vtc_premium,standard_assis,1
R0056,P33,outbound,H1,dialysis,V1,taxi_conventionne,prescription_medicale,1
R0056,P33,outbound,H1,dialysis,V2,taxi_conventionne,prescription_medicale,1
R0056,P33,outbound,H1,dialysis,V3,vsl,prescription_medicale,1
R0056,P33,outbound,H1,dialysis,V4,vsl,prescription_medicale,1
R0056,P33,outbound,H1,dialysis,V5,vtc_premium,prescription_medicale,0
R0057,P33,return,H1,dialysis,V1,taxi_conventionne,prescription_medicale,1
R0057,P33,return,H1,dialysis,V2,taxi_conventionne,prescription_medicale,1
R0057,P33,return,H1,dialysis,V3,vsl,prescription_medicale,1
R0057,P33,return,H1,dialysis,V4,vsl,prescription_medicale,1
R0057,P33,return,H1,dialysis,V5,vtc_premium,prescription_medicale,0
R0058,P34,outbound,H1,other,V1,taxi_conventionne,prescription_medicale,1
R0058,P34,outbound,H1,other,V2,taxi_conventionne,prescription_medicale,1
R0058,P34,outbound,H1,other,V3,vsl,prescription_medicale,1
R0058,P34,outbound,H1,other,V4,vsl,prescription_medicale,1
R0058,P34,outbound,H1,other,V5,vtc_premium,prescription_medicale,0
R0059,P34,return,H1,other,V1,taxi_conventionne,prescription_medicale,1
R0059,P34,return,H1,other,V2,taxi_conventionne,prescription_medicale,1
R0059,P34,return,H1,other,V3,vsl,prescription_medicale,1
R0059,P34,return,H1,other,V4,vsl,prescription_medicale,1
R0059,P34,return,H1,other,V5,vtc_premium,prescription_medicale,0
R0060,P35,outbound,H1,dialysis,V1,taxi_conventionne,vsl_required,0
R0060,P35,outbound,H1,dialysis,V2,taxi_conventionne,vsl_required,0
R0060,P35,outbound,H1,dialysis,V3,vsl,vsl_required,1
R0060,P35,outbound,H1,dialysis,V4,vsl,vsl_required,1
R0060,P35,outbound,H1,dialysis,V5,vtc_premium,vsl_required,0
R0061,P36,outbound,H1,oncology,V1,taxi_conventionne,standard_assis,1
R0061,P36,outbound,H1,oncology,V2,taxi_conventionne,standard_assis,1
R0061,P36,outbound,H1,oncology,V3,vsl,standard_assis,1
R0061,P36,outbound,H1,oncology,V4,vsl,standard_assis,1
R0061,P36,outbound,H1,oncology,V5,vtc_premium,standard_assis,1
R0062,P36,return,H1,oncology,V1,taxi_conventionne,standard_assis,1
R0062,P36,return,H1,oncology,V2,taxi_conventionne,standard_assis,1
R0062,P36,return,H1,oncology,V3,vsl,standard_assis,1
R0062,P36,return,H1,oncology,V4,vsl,standard_assis,1
R0062,P36,return,H1,oncology,V5,vtc_premium,standard_assis,1
R0063,P37,outbound,H1,oncology,V1,taxi_conventionne,vsl_required,0
R0063,P37,outbound,H1,oncology,V2,taxi_conventionne,vsl_required,0
R0063,P37,outbound,H1,oncology,V3,vsl,vsl_required,1
R0063,P37,outbound,H1,oncology,V4,vsl,vsl_required,1
R0063,P37,outbound,H1,oncology,V5,vtc_premium,vsl_required,0
R0064,P37,return,H1,oncology,V1,taxi_conventionne,vsl_required,0
R0064,P37,return,H1,oncology,V2,taxi_conventionne,vsl_required,0
R0064,P37,return,H1,oncology,V3,vsl,vsl_required,1
R0064,P37,return,H1,oncology,V4,vsl,vsl_required,1
R0064,P37,return,H1,oncology,V5,vtc_premium,vsl_required,0
R0065,P38,outbound,H1,other,V1,taxi_conventionne,standard_assis,1
R0065,P38,outbound,H1,other,V2,taxi_conventionne,standard_assis,1
R0065,P38,outbound,H1,other,V3,vsl,standard_assis,1
R0065,P38,outbound,H1,other,V4,vsl,standard_assis,1
R0065,P38,outbound,H1,other,V5,vtc_premium,standard_assis,1
R0066,P38,return,H1,other,V1,taxi_conventionne,standard_assis,1
R0066,P38,return,H1,other,V2,taxi_conventionne,standard_assis,1
R0066,P38,return,H1,other,V3,vsl,standard_assis,1
R0066,P38,return,H1,other,V4,vsl,standard_assis,1
R0066,P38,return,H1,other,V5,vtc_premium,standard_assis,1
R0067,P39,outbound,H1,other,V1,taxi_conventionne,standard_assis,1
R0067,P39,outbound,H1,other,V2,taxi_conventionne,standard_assis,1
R0067,P39,outbound,H1,other,V3,vsl,standard_assis,1
R0067,P39,outbound,H1,other,V4,vsl,standard_assis,1
R0067,P39,outbound,H1,other,V5,vtc_premium,standard_assis,1
R0068,P39,return,H1,other,V1,taxi_conventionne,standard_assis,1
R0068,P39,return,H1,other,V2,taxi_conventionne,standard_assis,1
R0068,P39,return,H1,other,V3,vsl,standard_assis,1
R0068,P39,return,H1,other,V4,vsl,standard_assis,1
R0068,P39,return,H1,other,V5,vtc_premium,standard_assis,1
R0069,P40,outbound,H1,dialysis,V1,taxi_conventionne,prescription_medicale,1
R0069,P40,outbound,H1,dialysis,V2,taxi_conventionne,prescription_medicale,1
R0069,P40,outbound,H1,dialysis,V3,vsl,prescription_medicale,1
R0069,P40,outbound,H1,dialysis,V4,vsl,prescription_medicale,1
R0069,P40,outbound,H1,dialysis,V5,vtc_premium,prescription_medicale,0
R0070,P40,return,H1,dialysis,V1,taxi_conventionne,prescription_medicale,1
R0070,P40,return,H1,dialysis,V2,taxi_conventionne,prescription_medicale,1
R0070,P40,return,H1,dialysis,V3,vsl,prescription_medicale,1
R0070,P40,return,H1,dialysis,V4,vsl,prescription_medicale,1
R0070,P40,return,H1,dialysis,V5,vtc_premium,prescription_medicale,0
R0071,P41,outbound,H1,dialysis,V1,taxi_conventionne,vsl_required,0
R0071,P41,outbound,H1,dialysis,V2,taxi_conventionne,vsl_required,0
R0071,P41,outbound,H1,dialysis,V3,vsl,vsl_required,1
R0071,P41,outbound,H1,dialysis,V4,vsl,vsl_required,1
R0071,P41,outbound,H1,dialysis,V5,vtc_premium,vsl_required,0
R0072,P42,outbound,H1,oncology,V1,taxi_conventionne,prescription_medicale,1
R0072,P42,outbound,H1,oncology,V2,taxi_conventionne,prescription_medicale,1
R0072,P42,outbound,H1,oncology,V3,vsl,prescription_medicale,1
R0072,P42,outbound,H1,oncology,V4,vsl,prescription_medicale,1
R0072,P42,outbound,H1,oncology,V5,vtc_premium,prescription_medicale,0
R0073,P42,return,H1,oncology,V1,taxi_conventionne,prescription_medicale,1
R0073,P42,return,H1,oncology,V2,taxi_conventionne,prescription_medicale,1
R0073,P42,return,H1,oncology,V3,vsl,prescription_medicale,1
R0073,P42,return,H1,oncology,V4,vsl,prescription_medicale,1
R0073,P42,return,H1,oncology,V5,vtc_premium,prescription_medicale,0
R0074,P43,outbound,H1,dialysis,V1,taxi_conventionne,prescription_medicale,1
R0074,P43,outbound,H1,dialysis,V2,taxi_conventionne,prescription_medicale,1
R0074,P43,outbound,H1,dialysis,V3,vsl,prescription_medicale,1
R0074,P43,outbound,H1,dialysis,V4,vsl,prescription_medicale,1
R0074,P43,outbound,H1,dialysis,V5,vtc_premium,prescription_medicale,0
R0075,P43,return,H1,dialysis,V1,taxi_conventionne,prescription_medicale,1
R0075,P43,return,H1,dialysis,V2,taxi_conventionne,prescription_medicale,1
R0075,P43,return,H1,dialysis,V3,vsl,prescription_medicale,1
R0075,P43,return,H1,dialysis,V4,vsl,prescription_medicale,1
R0075,P43,return,H1,dialysis,V5,vtc_premium,prescription_medicale,0
R0076,P44,outbound,H1,dialysis,V1,taxi_conventionne,vsl_required,0
R0076,P44,outbound,H1,dialysis,V2,taxi_conventionne,vsl_required,0
R0076,P44,outbound,H1,dialysis,V3,vsl,vsl_required,1
R0076,P44,outbound,H1,dialysis,V4,vsl,vsl_required,1
R0076,P44,outbound,H1,dialysis,V5,vtc_premium,vsl_required,0
R0077,P44,return,H1,dialysis,V1,taxi_conventionne,vsl_required,0
R0077,P44,return,H1,dialysis,V2,taxi_conventionne,vsl_required,0
R0077,P44,return,H1,dialysis,V3,vsl,vsl_required,1
R0077,P44,return,H1,dialysis,V4,vsl,vsl_required,1
R0077,P44,return,H1,dialysis,V5,vtc_premium,vsl_required,0
R0078,P45,outbound,H1,dialysis,V1,taxi_conventionne,vsl_required,0
R0078,P45,outbound,H1,dialysis,V2,taxi_conventionne,vsl_required,0
R0078,P45,outbound,H1,dialysis,V3,vsl,vsl_required,1
R0078,P45,outbound,H1,dialysis,V4,vsl,vsl_required,1
R0078,P45,outbound,H1,dialysis,V5,vtc_premium,vsl_required,0
R0079,P46,outbound,H1,dialysis,V1,taxi_conventionne,prescription_medicale,1
R0079,P46,outbound,H1,dialysis,V2,taxi_conventionne,prescription_medicale,1
R0079,P46,outbound,H1,dialysis,V3,vsl,prescription_medicale,1
R0079,P46,outbound,H1,dialysis,V4,vsl,prescription_medicale,1
R0079,P46,outbound,H1,dialysis,V5,vtc_premium,prescription_medicale,0
R0080,P46,return,H1,dialysis,V1,taxi_conventionne,prescription_medicale,1
R0080,P46,return,H1,dialysis,V2,taxi_conventionne,prescription_medicale,1
R0080,P46,return,H1,dialysis,V3,vsl,prescription_medicale,1
R0080,P46,return,H1,dialysis,V4,vsl,prescription_medicale,1
R0080,P46,return,H1,dialysis,V5,vtc_premium,prescription_medicale,0
R0081,P47,outbound,H1,other,V1,taxi_conventionne,prescription_medicale,1
R0081,P47,outbound,H1,other,V2,taxi_conventionne,prescription_medicale,1
R0081,P47,outbound,H1,other,V3,vsl,prescription_medicale,1
R0081,P47,outbound,H1,other,V4,vsl,prescription_medicale,1
R0081,P47,outbound,H1,other,V5,vtc_premium,prescription_medicale,0
R0082,P48,outbound,H1,other,V1,taxi_conventionne,standard_assis,1
R0082,P48,outbound,H1,other,V2,taxi_conventionne,standard_assis,1
R0082,P48,outbound,H1,other,V3,vsl,standard_assis,1
R0082,P48,outbound,H1,other,V4,vsl,standard_assis,1
R0082,P48,outbound,H1,other,V5,vtc_premium,standard_assis,1
R0083,P48,return,H1,other,V1,taxi_conventionne,standard_assis,1
R0083,P48,return,H1,other,V2,taxi_conventionne,standard_assis,1
R0083,P48,return,H1,other,V3,vsl,standard_assis,1
R0083,P48,return,H1,other,V4,vsl,standard_assis,1
R0083,P48,return,H1,other,V5,vtc_premium,standard_assis,1
R0084,P49,outbound,H1,oncology,V1,taxi_conventionne,vsl_required,0
R0084,P49,outbound,H1,oncology,V2,taxi_conventionne,vsl_required,0
R0084,P49,outbound,H1,oncology,V3,vsl,vsl_required,1
R0084,P49,outbound,H1,oncology,V4,vsl,vsl_required,1
R0084,P49,outbound,H1,oncology,V5,vtc_premium,vsl_required,0
R0085,P49,return,H1,oncology,V1,taxi_conventionne,vsl_required,0
R0085,P49,return,H1,oncology,V2,taxi_conventionne,vsl_required,0
R0085,P49,return,H1,oncology,V3,vsl,vsl_required,1
R0085,P49,return,H1,oncology,V4,vsl,vsl_required,1
R0085,P49,return,H1,oncology,V5,vtc_premium,vsl_required,0
R0086,P50,outbound,H1,dialysis,V1,taxi_conventionne,vsl_required,0
R0086,P50,outbound,H1,dialysis,V2,taxi_conventionne,vsl_required,0
R0086,P50,outbound,H1,dialysis,V3,vsl,vsl_required,1
R0086,P50,outbound,H1,dialysis,V4,vsl,vsl_required,1
R0086,P50,outbound,H1,dialysis,V5,vtc_premium,vsl_required,0
R0087,P51,outbound,H1,other,V1,taxi_conventionne,standard_assis,1
R0087,P51,outbound,H1,other,V2,taxi_conventionne,standard_assis,1
R0087,P51,outbound,H1,other,V3,vsl,standard_assis,1
R0087,P51,outbound,H1,other,V4,vsl,standard_assis,1
R0087,P51,outbound,H1,other,V5,vtc_premium,standard_assis,1
R0088,P51,return,H1,other,V1,taxi_conventionne,standard_assis,1
R0088,P51,return,H1,other,V2,taxi_conventionne,standard_assis,1
R0088,P51,return,H1,other,V3,vsl,standard_assis,1
R0088,P51,return,H1,other,V4,vsl,standard_assis,1
R0088,P51,return,H1,other,V5,vtc_premium,standard_assis,1
R0089,P52,outbound,H1,oncology,V1,taxi_conventionne,vsl_required,0
R0089,P52,outbound,H1,oncology,V2,taxi_conventionne,vsl_required,0
R0089,P52,outbound,H1,oncology,V3,vsl,vsl_required,1
R0089,P52,outbound,H1,oncology,V4,vsl,vsl_required,1
R0089,P52,outbound,H1,oncology,V5,vtc_premium,vsl_required,0
R0090,P52,return,H1,oncology,V1,taxi_conventionne,vsl_required,0
R0090,P52,return,H1,oncology,V2,taxi_conventionne,vsl_required,0
R0090,P52,return,H1,oncology,V3,vsl,vsl_required,1
R0090,P52,return,H1,oncology,V4,vsl,vsl_required,1
R0090,P52,return,H1,oncology,V5,vtc_premium,vsl_required,0
R0091,P53,outbound,H1,other,V1,taxi_conventionne,vsl_required,0
R0091,P53,outbound,H1,other,V2,taxi_conventionne,vsl_required,0
R0091,P53,outbound,H1,other,V3,vsl,vsl_required,1
R0091,P53,outbound,H1,other,V4,vsl,vsl_required,1
R0091,P53,outbound,H1,other,V5,vtc_premium,vsl_required,0
R0092,P53,return,H1,other,V1,taxi_conventionne,vsl_required,0
R0092,P53,return,H1,other,V2,taxi_conventionne,vsl_required,0
R0092,P53,return,H1,other,V3,vsl,vsl_required,1
R0092,P53,return,H1,other,V4,vsl,vsl_required,1
R0092,P53,return,H1,other,V5,vtc_premium,vsl_required,0
R0093,P54,outbound,H1,dialysis,V1,taxi_conventionne,vsl_required,0
R0093,P54,outbound,H1,dialysis,V2,taxi_conventionne,vsl_required,0
R0093,P54,outbound,H1,dialysis,V3,vsl,vsl_required,1
R0093,P54,outbound,H1,dialysis,V4,vsl,vsl_required,1
R0093,P54,outbound,H1,dialysis,V5,vtc_premium,vsl_required,0
R0094,P54,return,H1,dialysis,V1,taxi_conventionne,vsl_required,0
R0094,P54,return,H1,dialysis,V2,taxi_conventionne,vsl_required,0
R0094,P54,return,H1,dialysis,V3,vsl,vsl_required,1
R0094,P54,return,H1,dialysis,V4,vsl,vsl_required,1
R0094,P54,return,H1,dialysis,V5,vtc_premium,vsl_required,0
R0095,P55,outbound,H1,oncology,V1,taxi_conventionne,vsl_required,0
R0095,P55,outbound,H1,oncology,V2,taxi_conventionne,vsl_required,0
R0095,P55,outbound,H1,oncology,V3,vsl,vsl_required,1
R0095,P55,outbound,H1,oncology,V4,vsl,vsl_required,1
R0095,P55,outbound,H1,oncology,V5,vtc_premium,vsl_required,0
R0096,P55,return,H1,oncology,V1,taxi_conventionne,vsl_required,0
R0096,P55,return,H1,oncology,V2,taxi_conventionne,vsl_required,0
R0096,P55,return,H1,oncology,V3,vsl,vsl_required,1
R0096,P55,return,H1,oncology,V4,vsl,vsl_required,1
R0096,P55,return,H1,oncology,V5,vtc_premium,vsl_required,0
R0097,P56,outbound,H1,dialysis,V1,taxi_conventionne,vsl_required,0
R0097,P56,outbound,H1,dialysis,V2,taxi_conventionne,vsl_required,0
R0097,P56,outbound,H1,dialysis,V3,vsl,vsl_required,1
R0097,P56,outbound,H1,dialysis,V4,vsl,vsl_required,1
R0097,P56,outbound,H1,dialysis,V5,vtc_premium,vsl_required,0
R0098,P57,outbound,H1,dialysis,V1,taxi_conventionne,vsl_required,0
R0098,P57,outbound,H1,dialysis,V2,taxi_conventionne,vsl_required,0
R0098,P57,outbound,H1,dialysis,V3,vsl,vsl_required,1
R0098,P57,outbound,H1,dialysis,V4,vsl,vsl_required,1
R0098,P57,outbound,H1,dialysis,V5,vtc_premium,vsl_required,0
R0099,P57,return,H1,dialysis,V1,taxi_conventionne,vsl_required,0
R0099,P57,return,H1,dialysis,V2,taxi_conventionne,vsl_required,0
R0099,P57,return,H1,dialysis,V3,vsl,vsl_required,1
R0099,P57,return,H1,dialysis,V4,vsl,vsl_required,1
R0099,P57,return,H1,dialysis,V5,vtc_premium,vsl_required,0
R0100,P58,outbound,H1,dialysis,V1,taxi_conventionne,vsl_required,0
R0100,P58,outbound,H1,dialysis,V2,taxi_conventionne,vsl_required,0
R0100,P58,outbound,H1,dialysis,V3,vsl,vsl_required,1
R0100,P58,outbound,H1,dialysis,V4,vsl,vsl_required,1
R0100,P58,outbound,H1,dialysis,V5,vtc_premium,vsl_required,0
R0101,P58,return,H1,dialysis,V1,taxi_conventionne,vsl_required,0
R0101,P58,return,H1,dialysis,V2,taxi_conventionne,vsl_required,0
R0101,P58,return,H1,dialysis,V3,vsl,vsl_required,1
R0101,P58,return,H1,dialysis,V4,vsl,vsl_required,1
R0101,P58,return,H1,dialysis,V5,vtc_premium,vsl_required,0
R0102,P59,outbound,H1,external,V1,taxi_conventionne,standard_assis,1
R0102,P59,outbound,H1,external,V2,taxi_conventionne,standard_assis,1
R0102,P59,outbound,H1,external,V3,vsl,standard_assis,1
R0102,P59,outbound,H1,external,V4,vsl,standard_assis,1
R0102,P59,outbound,H1,external,V5,vtc_premium,standard_assis,1
R0103,P60,outbound,H1,oncology,V1,taxi_conventionne,prescription_medicale,1
R0103,P60,outbound,H1,oncology,V2,taxi_conventionne,prescription_medicale,1
R0103,P60,outbound,H1,oncology,V3,vsl,prescription_medicale,1
R0103,P60,outbound,H1,oncology,V4,vsl,prescription_medicale,1
R0103,P60,outbound,H1,oncology,V5,vtc_premium,prescription_medicale,0
R0104,P60,return,H1,oncology,V1,taxi_conventionne,prescription_medicale,1
R0104,P60,return,H1,oncology,V2,taxi_conventionne,prescription_medicale,1
R0104,P60,return,H1,oncology,V3,vsl,prescription_medicale,1
R0104,P60,return,H1,oncology,V4,vsl,prescription_medicale,1
R0104,P60,return,H1,oncology,V5,vtc_premium,prescription_medicale,0
R0105,P61,outbound,H1,other,V1,taxi_conventionne,standard_assis,1
R0105,P61,outbound,H1,other,V2,taxi_conventionne,standard_assis,1
R0105,P61,outbound,H1,other,V3,vsl,standard_assis,1
R0105,P61,outbound,H1,other,V4,vsl,standard_assis,1
R0105,P61,outbound,H1,other,V5,vtc_premium,standard_assis,1
R0106,P61,return,H1,other,V1,taxi_conventionne,standard_assis,1
R0106,P61,return,H1,other,V2,taxi_conventionne,standard_assis,1
R0106,P61,return,H1,other,V3,vsl,standard_assis,1
R0106,P61,return,H1,other,V4,vsl,standard_assis,1
R0106,P61,return,H1,other,V5,vtc_premium,standard_assis,1
R0107,P62,outbound,H1,oncology,V1,taxi_conventionne,vsl_required,0
R0107,P62,outbound,H1,oncology,V2,taxi_conventionne,vsl_required,0
R0107,P62,outbound,H1,oncology,V3,vsl,vsl_required,1
R0107,P62,outbound,H1,oncology,V4,vsl,vsl_required,1
R0107,P62,outbound,H1,oncology,V5,vtc_premium,vsl_required,0
R0108,P62,return,H1,oncology,V1,taxi_conventionne,vsl_required,0
R0108,P62,return,H1,oncology,V2,taxi_conventionne,vsl_required,0
R0108,P62,return,H1,oncology,V3,vsl,vsl_required,1
R0108,P62,return,H1,oncology,V4,vsl,vsl_required,1
R0108,P62,return,H1,oncology,V5,vtc_premium,vsl_required,0
R0109,P63,outbound,H1,dialysis,V1,taxi_conventionne,vsl_required,0
R0109,P63,outbound,H1,dialysis,V2,taxi_conventionne,vsl_required,0
R0109,P63,outbound,H1,dialysis,V3,vsl,vsl_required,1
R0109,P63,outbound,H1,dialysis,V4,vsl,vsl_required,1
R0109,P63,outbound,H1,dialysis,V5,vtc_premium,vsl_required,0
R0110,P64,outbound,H1,oncology,V1,taxi_conventionne,vsl_required,0
R0110,P64,outbound,H1,oncology,V2,taxi_conventionne,vsl_required,0
R0110,P64,outbound,H1,oncology,V3,vsl,vsl_required,1
R0110,P64,outbound,H1,oncology,V4,vsl,vsl_required,1
R0110,P64,outbound,H1,oncology,V5,vtc_premium,vsl_required,0
R0111,P64,return,H1,oncology,V1,taxi_conventionne,vsl_required,0
R0111,P64,return,H1,oncology,V2,taxi_conventionne,vsl_required,0
R0111,P64,return,H1,oncology,V3,vsl,vsl_required,1
R0111,P64,return,H1,oncology,V4,vsl,vsl_required,1
R0111,P64,return,H1,oncology,V5,vtc_premium,vsl_required,0
R0112,P65,outbound,H1,oncology,V1,taxi_conventionne,vsl_required,0
R0112,P65,outbound,H1,oncology,V2,taxi_conventionne,vsl_required,0
R0112,P65,outbound,H1,oncology,V3,vsl,vsl_required,1
R0112,P65,outbound,H1,oncology,V4,vsl,vsl_required,1
R0112,P65,outbound,H1,oncology,V5,vtc_premium,vsl_required,0
R0113,P65,return,H1,oncology,V1,taxi_conventionne,vsl_required,0
R0113,P65,return,H1,oncology,V2,taxi_conventionne,vsl_required,0
R0113,P65,return,H1,oncology,V3,vsl,vsl_required,1
R0113,P65,return,H1,oncology,V4,vsl,vsl_required,1
R0113,P65,return,H1,oncology,V5,vtc_premium,vsl_required,0
R0114,P66,outbound,H1,oncology,V1,taxi_conventionne,vsl_required,0
R0114,P66,outbound,H1,oncology,V2,taxi_conventionne,vsl_required,0
R0114,P66,outbound,H1,oncology,V3,vsl,vsl_required,1
R0114,P66,outbound,H1,oncology,V4,vsl,vsl_required,1
R0114,P66,outbound,H1,oncology,V5,vtc_premium,vsl_required,0
R0115,P66,return,H1,oncology,V1,taxi_conventionne,vsl_required,0
R0115,P66,return,H1,oncology,V2,taxi_conventionne,vsl_required,0
R0115,P66,return,H1,oncology,V3,vsl,vsl_required,1
R0115,P66,return,H1,oncology,V4,vsl,vsl_required,1
R0115,P66,return,H1,oncology,V5,vtc_premium,vsl_required,0
R0116,P67,outbound,H1,other,V1,taxi_conventionne,standard_assis,1
R0116,P67,outbound,H1,other,V2,taxi_conventionne,standard_assis,1
R0116,P67,outbound,H1,other,V3,vsl,standard_assis,1
R0116,P67,outbound,H1,other,V4,vsl,standard_assis,1
R0116,P67,outbound,H1,other,V5,vtc_premium,standard_assis,1
R0117,P67,return,H1,other,V1,taxi_conventionne,standard_assis,1
R0117,P67,return,H1,other,V2,taxi_conventionne,standard_assis,1
R0117,P67,return,H1,other,V3,vsl,standard_assis,1
R0117,P67,return,H1,other,V4,vsl,standard_assis,1
R0117,P67,return,H1,other,V5,vtc_premium,standard_assis,1
R0118,P68,outbound,H1,other,V1,taxi_conventionne,standard_assis,1
R0118,P68,outbound,H1,other,V2,taxi_conventionne,standard_assis,1
R0118,P68,outbound,H1,other,V3,vsl,standard_assis,1
R0118,P68,outbound,H1,other,V4,vsl,standard_assis,1
R0118,P68,outbound,H1,other,V5,vtc_premium,standard_assis,1
R0119,P69,outbound,H1,oncology,V1,taxi_conventionne,prescription_medicale,1
R0119,P69,outbound,H1,oncology,V2,taxi_conventionne,prescription_medicale,1
R0119,P69,outbound,H1,oncology,V3,vsl,prescription_medicale,1
R0119,P69,outbound,H1,oncology,V4,vsl,prescription_medicale,1
R0119,P69,outbound,H1,oncology,V5,vtc_premium,prescription_medicale,0
R0120,P69,return,H1,oncology,V1,taxi_conventionne,prescription_medicale,1
R0120,P69,return,H1,oncology,V2,taxi_conventionne,prescription_medicale,1
R0120,P69,return,H1,oncology,V3,vsl,prescription_medicale,1
R0120,P69,return,H1,oncology,V4,vsl,prescription_medicale,1
R0120,P69,return,H1,oncology,V5,vtc_premium,prescription_medicale,0
R0121,P70,outbound,H1,other,V1,taxi_conventionne,prescription_medicale,1
R0121,P70,outbound,H1,other,V2,taxi_conventionne,prescription_medicale,1
R0121,P70,outbound,H1,other,V3,vsl,prescription_medicale,1
R0121,P70,outbound,H1,other,V4,vsl,prescription_medicale,1
R0121,P70,outbound,H1,other,V5,vtc_premium,prescription_medicale,0
R0122,P70,return,H1,other,V1,taxi_conventionne,prescription_medicale,1
R0122,P70,return,H1,other,V2,taxi_conventionne,prescription_medicale,1
R0122,P70,return,H1,other,V3,vsl,prescription_medicale,1
R0122,P70,return,H1,other,V4,vsl,prescription_medicale,1
R0122,P70,return,H1,other,V5,vtc_premium,prescription_medicale,0
R0123,P71,outbound,H1,dialysis,V1,taxi_conventionne,prescription_medicale,1
R0123,P71,outbound,H1,dialysis,V2,taxi_conventionne,prescription_medicale,1
R0123,P71,outbound,H1,dialysis,V3,vsl,prescription_medicale,1
R0123,P71,outbound,H1,dialysis,V4,vsl,prescription_medicale,1
R0123,P71,outbound,H1,dialysis,V5,vtc_premium,prescription_medicale,0
R0124,P72,outbound,H1,dialysis,V1,taxi_conventionne,vsl_required,0
R0124,P72,outbound,H1,dialysis,V2,taxi_conventionne,vsl_required,0
R0124,P72,outbound,H1,dialysis,V3,vsl,vsl_required,1
R0124,P72,outbound,H1,dialysis,V4,vsl,vsl_required,1
R0124,P72,outbound,H1,dialysis,V5,vtc_premium,vsl_required,0
R0125,P72,return,H1,dialysis,V1,taxi_conventionne,vsl_required,0
R0125,P72,return,H1,dialysis,V2,taxi_conventionne,vsl_required,0
R0125,P72,return,H1,dialysis,V3,vsl,vsl_required,1
R0125,P72,return,H1,dialysis,V4,vsl,vsl_required,1
R0125,P72,return,H1,dialysis,V5,vtc_premium,vsl_required,0
R0126,P73,outbound,H1,external,V1,taxi_conventionne,standard_assis,1
R0126,P73,outbound,H1,external,V2,taxi_conventionne,standard_assis,1
R0126,P73,outbound,H1,external,V3,vsl,standard_assis,1
R0126,P73,outbound,H1,external,V4,vsl,standard_assis,1
R0126,P73,outbound,H1,external,V5,vtc_premium,standard_assis,1
R0127,P73,return,H1,external,V1,taxi_conventionne,standard_assis,1
R0127,P73,return,H1,external,V2,taxi_conventionne,standard_assis,1
R0127,P73,return,H1,external,V3,vsl,standard_assis,1
R0127,P73,return,H1,external,V4,vsl,standard_assis,1
R0127,P73,return,H1,external,V5,vtc_premium,standard_assis,1
R0128,P74,outbound,H1,external,V1,taxi_conventionne,standard_assis,1
R0128,P74,outbound,H1,external,V2,taxi_conventionne,standard_assis,1
R0128,P74,outbound,H1,external,V3,vsl,standard_assis,1
R0128,P74,outbound,H1,external,V4,vsl,standard_assis,1
R0128,P74,outbound,H1,external,V5,vtc_premium,standard_assis,1
R0129,P74,return,H1,external,V1,taxi_conventionne,standard_assis,1
R0129,P74,return,H1,external,V2,taxi_conventionne,standard_assis,1
R0129,P74,return,H1,external,V3,vsl,standard_assis,1
R0129,P74,return,H1,external,V4,vsl,standard_assis,1
R0129,P74,return,H1,external,V5,vtc_premium,standard_assis,1
R0130,P75,outbound,H1,other,V1,taxi_conventionne,standard_assis,1
R0130,P75,outbound,H1,other,V2,taxi_conventionne,standard_assis,1
R0130,P75,outbound,H1,other,V3,vsl,standard_assis,1
R0130,P75,outbound,H1,other,V4,vsl,standard_assis,1
R0130,P75,outbound,H1,other,V5,vtc_premium,standard_assis,1
R0131,P75,return,H1,other,V1,taxi_conventionne,standard_assis,1
R0131,P75,return,H1,other,V2,taxi_conventionne,standard_assis,1
R0131,P75,return,H1,other,V3,vsl,standard_assis,1
R0131,P75,return,H1,other,V4,vsl,standard_assis,1
R0131,P75,return,H1,other,V5,vtc_premium,standard_assis,1
