field,value
instance_category,L/550/60/3
instance_size,L
service_date,2026-05-18
target_patients,550
target_vehicles,60
target_hospitals,3
transport_horizon,06:00-18:00
appointment_horizon,08:00-18:00
n_hospitals,3
n_medical_appointments,550
n_patients,550
n_requests_total,942
n_outbound_requests,550
n_return_requests_same_day,392
n_future_returns,158
n_vehicles,60
external_transport_share,0.15
patient_distribution_method,hospital_share_then_specialty_share_then_slot_share
distance_method,haversine_x_road_factor
seed,83
important_note,Renaison and third dialysis centre volumes are assumptions to validate.
