patient_id,hospital_id,activity_type,origin_point_id,destination_point_id,return_ready_datetime,return_ready_minute_relative_to_service_date,reason_not_in_day_dataset
P7,H2,dialysis,H2,HOME_P7,2026-05-18 17:35:00,1055,return_after_transport_horizon
P11,H1,dialysis,H1,HOME_P11,2026-05-18 21:50:00,1310,return_after_transport_horizon
P18,H1,dialysis,H1,HOME_P18,2026-05-18 17:50:00,1070,return_after_transport_horizon
P31,H1,dialysis,H1,HOME_P31,2026-05-18 17:10:00,1030,return_after_transport_horizon
P34,H1,external,H1,HOME_P34,2026-05-18 16:40:00,1000,return_after_transport_horizon
P39,H2,oncology,H2,HOME_P39,2026-05-18 19:20:00,1160,return_after_transport_horizon
P44,H1,dialysis,H1,HOME_P44,2026-05-18 21:25:00,1285,return_after_transport_horizon
P47,H2,dialysis,H2,HOME_P47,2026-05-18 17:30:00,1050,return_after_transport_horizon
P51,H1,dialysis,H1,HOME_P51,2026-05-18 17:40:00,1060,return_after_transport_horizon
P55,H2,oncology,H2,HOME_P55,2026-05-18 19:05:00,1145,return_after_transport_horizon
P60,H1,external,H1,HOME_P60,2026-05-18 18:10:00,1090,return_after_transport_horizon
P61,H2,other,H2,HOME_P61,2026-05-18 15:20:00,920,return_not_generated_by_probability
P62,H1,dialysis,H1,HOME_P62,2026-05-18 17:35:00,1055,return_after_transport_horizon
P64,H1,other,H1,HOME_P64,2026-05-18 18:40:00,1120,return_after_transport_horizon
P67,H1,oncology,H1,HOME_P67,2026-05-18 17:40:00,1060,return_after_transport_horizon
P70,H1,other,H1,HOME_P70,2026-05-18 18:40:00,1120,return_after_transport_horizon
P73,H2,dialysis,H2,HOME_P73,2026-05-18 17:25:00,1045,return_after_transport_horizon
P78,H2,dialysis,H2,HOME_P78,2026-05-18 17:35:00,1055,return_after_transport_horizon
P81,H1,external,H1,HOME_P81,2026-05-18 18:20:00,1100,return_after_transport_horizon
P83,H2,other,H2,HOME_P83,2026-05-18 17:00:00,1020,return_after_transport_horizon
P89,H1,dialysis,H1,HOME_P89,2026-05-18 21:40:00,1300,return_after_transport_horizon
P90,H1,dialysis,H1,HOME_P90,2026-05-18 17:20:00,1040,return_after_transport_horizon
P95,H2,other,H2,HOME_P95,2026-05-18 15:00:00,900,return_not_generated_by_probability
P98,H1,dialysis,H1,HOME_P98,2026-05-18 17:50:00,1070,return_after_transport_horizon
P100,H1,dialysis,H1,HOME_P100,2026-05-18 17:30:00,1050,return_after_transport_horizon
P107,H1,dialysis,H1,HOME_P107,2026-05-18 17:55:00,1075,return_after_transport_horizon
P108,H1,other,H1,HOME_P108,2026-05-18 11:10:00,670,return_not_generated_by_probability
P112,H2,dialysis,H2,HOME_P112,2026-05-18 17:45:00,1065,return_after_transport_horizon
P114,H2,other,H2,HOME_P114,2026-05-18 17:40:00,1060,return_not_generated_by_probability
P116,H1,dialysis,H1,HOME_P116,2026-05-18 17:10:00,1030,return_after_transport_horizon
P118,H2,dialysis,H2,HOME_P118,2026-05-18 17:15:00,1035,return_after_transport_horizon
P119,H1,dialysis,H1,HOME_P119,2026-05-18 17:10:00,1030,return_after_transport_horizon
P122,H2,dialysis,H2,HOME_P122,2026-05-18 21:50:00,1310,return_after_transport_horizon
P127,H1,dialysis,H1,HOME_P127,2026-05-18 17:45:00,1065,return_after_transport_horizon
P145,H1,other,H1,HOME_P145,2026-05-18 18:10:00,1090,return_after_transport_horizon
P146,H1,dialysis,H1,HOME_P146,2026-05-18 21:35:00,1295,return_after_transport_horizon
P147,H1,dialysis,H1,HOME_P147,2026-05-18 17:20:00,1040,return_after_transport_horizon
P150,H1,dialysis,H1,HOME_P150,2026-05-18 17:55:00,1075,return_after_transport_horizon
P152,H1,dialysis,H1,HOME_P152,2026-05-18 17:50:00,1070,return_after_transport_horizon
P158,H1,other,H1,HOME_P158,2026-05-18 17:15:00,1035,return_after_transport_horizon
P162,H2,oncology,H2,HOME_P162,2026-05-18 19:30:00,1170,return_after_transport_horizon
P163,H1,dialysis,H1,HOME_P163,2026-05-18 17:25:00,1045,return_after_transport_horizon
P164,H1,dialysis,H1,HOME_P164,2026-05-18 17:30:00,1050,return_after_transport_horizon
P165,H2,oncology,H2,HOME_P165,2026-05-18 18:20:00,1100,return_after_transport_horizon
P171,H2,other,H2,HOME_P171,2026-05-18 17:20:00,1040,return_after_transport_horizon
P173,H1,dialysis,H1,HOME_P173,2026-05-18 17:35:00,1055,return_after_transport_horizon
P178,H1,dialysis,H1,HOME_P178,2026-05-18 17:10:00,1030,return_after_transport_horizon
P181,H1,other,H1,HOME_P181,2026-05-18 17:10:00,1030,return_after_transport_horizon
P183,H1,other,H1,HOME_P183,2026-05-18 17:20:00,1040,return_after_transport_horizon
P191,H2,other,H2,HOME_P191,2026-05-18 18:35:00,1115,return_after_transport_horizon
P192,H2,dialysis,H2,HOME_P192,2026-05-18 17:30:00,1050,return_after_transport_horizon
P193,H1,dialysis,H1,HOME_P193,2026-05-18 17:10:00,1030,return_after_transport_horizon
P198,H2,other,H2,HOME_P198,2026-05-18 17:15:00,1035,return_after_transport_horizon
P199,H1,dialysis,H1,HOME_P199,2026-05-18 17:50:00,1070,return_after_transport_horizon
P202,H2,other,H2,HOME_P202,2026-05-18 18:35:00,1115,return_after_transport_horizon
P211,H2,dialysis,H2,HOME_P211,2026-05-18 17:30:00,1050,return_after_transport_horizon
P214,H1,dialysis,H1,HOME_P214,2026-05-18 17:20:00,1040,return_after_transport_horizon
P217,H1,dialysis,H1,HOME_P217,2026-05-18 17:35:00,1055,return_after_transport_horizon
P224,H1,other,H1,HOME_P224,2026-05-18 17:00:00,1020,return_after_transport_horizon
P228,H2,dialysis,H2,HOME_P228,2026-05-18 17:45:00,1065,return_after_transport_horizon
P229,H2,other,H2,HOME_P229,2026-05-18 12:15:00,735,return_not_generated_by_probability
P234,H1,other,H1,HOME_P234,2026-05-18 16:50:00,1010,return_after_transport_horizon
P236,H2,oncology,H2,HOME_P236,2026-05-18 19:35:00,1175,return_after_transport_horizon
P238,H2,other,H2,HOME_P238,2026-05-18 11:30:00,690,return_not_generated_by_probability
P247,H1,dialysis,H1,HOME_P247,2026-05-18 17:30:00,1050,return_after_transport_horizon
P250,H1,dialysis,H1,HOME_P250,2026-05-18 17:45:00,1065,return_not_generated_by_probability
