hospital_id,activity_type,daily_capacity,slot_time,slot_start_min,slot_capacity,source_quality,source_note,reference_daily_capacity,reference_slot_capacity,hospital_reference_capacity,hospital_reference_share,hospital_target_patients,hospital_actual_share,activity_reference_capacity,activity_reference_share_within_hospital,activity_target_patients,activity_actual_share_within_hospital
H1,dialysis,47,08:00,480,23,observed_user_table,"CH Roanne dialysis: 53/day. 26 morning, 23 noon, 4 evening.",53,26,144,0.6371681415929203,127,0.635,53,0.3680555555555556,47,0.3700787401574803
H1,dialysis,47,13:00,780,20,observed_user_table,"CH Roanne dialysis: 53/day. 26 morning, 23 noon, 4 evening.",53,23,144,0.6371681415929203,127,0.635,53,0.3680555555555556,47,0.3700787401574803
H1,dialysis,47,17:00,1020,4,observed_user_table,"CH Roanne dialysis: 53/day. 26 morning, 23 noon, 4 evening.",53,4,144,0.6371681415929203,127,0.635,53,0.3680555555555556,47,0.3700787401574803
H1,oncology,26,08:00,480,15,observed_user_table,CH Roanne chemotherapy: 30/day.,30,17,144,0.6371681415929203,127,0.635,30,0.20833333333333334,26,0.2047244094488189
H1,oncology,26,11:00,660,9,observed_user_table,CH Roanne chemotherapy: 30/day.,30,10,144,0.6371681415929203,127,0.635,30,0.20833333333333334,26,0.2047244094488189
H1,oncology,26,14:00,840,2,observed_user_table,CH Roanne chemotherapy: 30/day.,30,3,144,0.6371681415929203,127,0.635,30,0.20833333333333334,26,0.2047244094488189
H1,other,43,08:30,510,17,observed_user_table,CH Roanne other: 49/day.,49,19,144,0.6371681415929203,127,0.635,49,0.3402777777777778,43,0.33858267716535434
H1,other,43,10:30,630,13,observed_user_table,CH Roanne other: 49/day.,49,15,144,0.6371681415929203,127,0.635,49,0.3402777777777778,43,0.33858267716535434
H1,other,43,14:00,840,9,observed_user_table,CH Roanne other: 49/day.,49,10,144,0.6371681415929203,127,0.635,49,0.3402777777777778,43,0.33858267716535434
H1,other,43,16:00,960,4,observed_user_table,CH Roanne other: 49/day.,49,5,144,0.6371681415929203,127,0.635,49,0.3402777777777778,43,0.33858267716535434
H1,external,11,08:30,510,1,computed_from_user_table,External visits: 75/day * 15% using fleet.,12,2,144,0.6371681415929203,127,0.635,12,0.08333333333333333,11,0.08661417322834646
H1,external,11,09:30,570,2,computed_from_user_table,External visits: 75/day * 15% using fleet.,12,2,144,0.6371681415929203,127,0.635,12,0.08333333333333333,11,0.08661417322834646
H1,external,11,10:30,630,1,computed_from_user_table,External visits: 75/day * 15% using fleet.,12,1,144,0.6371681415929203,127,0.635,12,0.08333333333333333,11,0.08661417322834646
H1,external,11,11:30,690,1,computed_from_user_table,External visits: 75/day * 15% using fleet.,12,1,144,0.6371681415929203,127,0.635,12,0.08333333333333333,11,0.08661417322834646
H1,external,11,12:30,750,1,computed_from_user_table,External visits: 75/day * 15% using fleet.,12,1,144,0.6371681415929203,127,0.635,12,0.08333333333333333,11,0.08661417322834646
H1,external,11,13:30,810,1,computed_from_user_table,External visits: 75/day * 15% using fleet.,12,1,144,0.6371681415929203,127,0.635,12,0.08333333333333333,11,0.08661417322834646
H1,external,11,14:30,870,1,computed_from_user_table,External visits: 75/day * 15% using fleet.,12,1,144,0.6371681415929203,127,0.635,12,0.08333333333333333,11,0.08661417322834646
H1,external,11,15:30,930,1,computed_from_user_table,External visits: 75/day * 15% using fleet.,12,1,144,0.6371681415929203,127,0.635,12,0.08333333333333333,11,0.08661417322834646
H1,external,11,16:30,990,1,computed_from_user_table,External visits: 75/day * 15% using fleet.,12,1,144,0.6371681415929203,127,0.635,12,0.08333333333333333,11,0.08661417322834646
H1,external,11,17:30,1050,1,computed_from_user_table,External visits: 75/day * 15% using fleet.,12,1,144,0.6371681415929203,127,0.635,12,0.08333333333333333,11,0.08661417322834646
H2,dialysis,27,08:00,480,13,assumption_to_validate,Renaison dialysis: assumed 30/day.,30,15,82,0.36283185840707965,73,0.365,30,0.36585365853658536,27,0.3698630136986301
H2,dialysis,27,13:00,780,13,assumption_to_validate,Renaison dialysis: assumed 30/day.,30,14,82,0.36283185840707965,73,0.365,30,0.36585365853658536,27,0.3698630136986301
H2,dialysis,27,17:00,1020,1,assumption_to_validate,Renaison dialysis: assumed 30/day.,30,1,82,0.36283185840707965,73,0.365,30,0.36585365853658536,27,0.3698630136986301
H2,oncology,14,08:00,480,8,assumption_to_validate,Renaison oncology: assumed 16/day.,16,9,82,0.36283185840707965,73,0.365,16,0.1951219512195122,14,0.1917808219178082
H2,oncology,14,13:00,780,4,assumption_to_validate,Renaison oncology: assumed 16/day.,16,5,82,0.36283185840707965,73,0.365,16,0.1951219512195122,14,0.1917808219178082
H2,oncology,14,15:00,900,2,assumption_to_validate,Renaison oncology: assumed 16/day.,16,2,82,0.36283185840707965,73,0.365,16,0.1951219512195122,14,0.1917808219178082
H2,other,32,08:30,510,12,assumption_to_validate,Renaison other: assumed 36/day.,36,13,82,0.36283185840707965,73,0.365,36,0.43902439024390244,32,0.4383561643835616
H2,other,32,10:30,630,8,assumption_to_validate,Renaison other: assumed 36/day.,36,9,82,0.36283185840707965,73,0.365,36,0.43902439024390244,32,0.4383561643835616
H2,other,32,14:00,840,8,assumption_to_validate,Renaison other: assumed 36/day.,36,9,82,0.36283185840707965,73,0.365,36,0.43902439024390244,32,0.4383561643835616
H2,other,32,16:30,990,4,assumption_to_validate,Renaison other: assumed 36/day.,36,5,82,0.36283185840707965,73,0.365,36,0.43902439024390244,32,0.4383561643835616
