patient_id,vehicle_id,vehicle_type,service_phase_phi,requirement,alpha_pvk_phi
P1,V1,taxi_conventionne,O,prescription_medicale,1
P1,V1,taxi_conventionne,B,prescription_medicale,1
P1,V2,taxi_conventionne,O,prescription_medicale,1
P1,V2,taxi_conventionne,B,prescription_medicale,1
P1,V3,taxi_conventionne,O,prescription_medicale,1
P1,V3,taxi_conventionne,B,prescription_medicale,1
P1,V4,taxi_conventionne,O,prescription_medicale,1
P1,V4,taxi_conventionne,B,prescription_medicale,1
P1,V5,taxi_conventionne,O,prescription_medicale,1
P1,V5,taxi_conventionne,B,prescription_medicale,1
P1,V6,vsl,O,prescription_medicale,1
P1,V6,vsl,B,prescription_medicale,1
P1,V7,vsl,O,prescription_medicale,1
P1,V7,vsl,B,prescription_medicale,1
P1,V8,vsl,O,prescription_medicale,1
P1,V8,vsl,B,prescription_medicale,1
P1,V9,vsl,O,prescription_medicale,1
P1,V9,vsl,B,prescription_medicale,1
P1,V10,vtc_premium,O,prescription_medicale,0
P1,V10,vtc_premium,B,prescription_medicale,0
P2,V1,taxi_conventionne,O,prescription_medicale,1
P2,V1,taxi_conventionne,B,prescription_medicale,1
P2,V2,taxi_conventionne,O,prescription_medicale,1
P2,V2,taxi_conventionne,B,prescription_medicale,1
P2,V3,taxi_conventionne,O,prescription_medicale,1
P2,V3,taxi_conventionne,B,prescription_medicale,1
P2,V4,taxi_conventionne,O,prescription_medicale,1
P2,V4,taxi_conventionne,B,prescription_medicale,1
P2,V5,taxi_conventionne,O,prescription_medicale,1
P2,V5,taxi_conventionne,B,prescription_medicale,1
P2,V6,vsl,O,prescription_medicale,1
P2,V6,vsl,B,prescription_medicale,1
P2,V7,vsl,O,prescription_medicale,1
P2,V7,vsl,B,prescription_medicale,1
P2,V8,vsl,O,prescription_medicale,1
P2,V8,vsl,B,prescription_medicale,1
P2,V9,vsl,O,prescription_medicale,1
P2,V9,vsl,B,prescription_medicale,1
P2,V10,vtc_premium,O,prescription_medicale,0
P2,V10,vtc_premium,B,prescription_medicale,0
P3,V1,taxi_conventionne,O,vsl_required,0
P3,V1,taxi_conventionne,B,vsl_required,0
P3,V2,taxi_conventionne,O,vsl_required,0
P3,V2,taxi_conventionne,B,vsl_required,0
P3,V3,taxi_conventionne,O,vsl_required,0
P3,V3,taxi_conventionne,B,vsl_required,0
P3,V4,taxi_conventionne,O,vsl_required,0
P3,V4,taxi_conventionne,B,vsl_required,0
P3,V5,taxi_conventionne,O,vsl_required,0
P3,V5,taxi_conventionne,B,vsl_required,0
P3,V6,vsl,O,vsl_required,1
P3,V6,vsl,B,vsl_required,1
P3,V7,vsl,O,vsl_required,1
P3,V7,vsl,B,vsl_required,1
P3,V8,vsl,O,vsl_required,1
P3,V8,vsl,B,vsl_required,1
P3,V9,vsl,O,vsl_required,1
P3,V9,vsl,B,vsl_required,1
P3,V10,vtc_premium,O,vsl_required,0
P3,V10,vtc_premium,B,vsl_required,0
P4,V1,taxi_conventionne,O,vsl_required,0
P4,V1,taxi_conventionne,B,vsl_required,0
P4,V2,taxi_conventionne,O,vsl_required,0
P4,V2,taxi_conventionne,B,vsl_required,0
P4,V3,taxi_conventionne,O,vsl_required,0
P4,V3,taxi_conventionne,B,vsl_required,0
P4,V4,taxi_conventionne,O,vsl_required,0
P4,V4,taxi_conventionne,B,vsl_required,0
P4,V5,taxi_conventionne,O,vsl_required,0
P4,V5,taxi_conventionne,B,vsl_required,0
P4,V6,vsl,O,vsl_required,1
P4,V6,vsl,B,vsl_required,1
P4,V7,vsl,O,vsl_required,1
P4,V7,vsl,B,vsl_required,1
P4,V8,vsl,O,vsl_required,1
P4,V8,vsl,B,vsl_required,1
P4,V9,vsl,O,vsl_required,1
P4,V9,vsl,B,vsl_required,1
P4,V10,vtc_premium,O,vsl_required,0
P4,V10,vtc_premium,B,vsl_required,0
P5,V1,taxi_conventionne,O,vsl_required,0
P5,V1,taxi_conventionne,B,vsl_required,0
P5,V2,taxi_conventionne,O,vsl_required,0
P5,V2,taxi_conventionne,B,vsl_required,0
P5,V3,taxi_conventionne,O,vsl_required,0
P5,V3,taxi_conventionne,B,vsl_required,0
P5,V4,taxi_conventionne,O,vsl_required,0
P5,V4,taxi_conventionne,B,vsl_required,0
P5,V5,taxi_conventionne,O,vsl_required,0
P5,V5,taxi_conventionne,B,vsl_required,0
P5,V6,vsl,O,vsl_required,1
P5,V6,vsl,B,vsl_required,1
P5,V7,vsl,O,vsl_required,1
P5,V7,vsl,B,vsl_required,1
P5,V8,vsl,O,vsl_required,1
P5,V8,vsl,B,vsl_required,1
P5,V9,vsl,O,vsl_required,1
P5,V9,vsl,B,vsl_required,1
P5,V10,vtc_premium,O,vsl_required,0
P5,V10,vtc_premium,B,vsl_required,0
P6,V1,taxi_conventionne,O,vsl_required,0
P6,V1,taxi_conventionne,B,vsl_required,0
P6,V2,taxi_conventionne,O,vsl_required,0
P6,V2,taxi_conventionne,B,vsl_required,0
P6,V3,taxi_conventionne,O,vsl_required,0
P6,V3,taxi_conventionne,B,vsl_required,0
P6,V4,taxi_conventionne,O,vsl_required,0
P6,V4,taxi_conventionne,B,vsl_required,0
P6,V5,taxi_conventionne,O,vsl_required,0
P6,V5,taxi_conventionne,B,vsl_required,0
P6,V6,vsl,O,vsl_required,1
P6,V6,vsl,B,vsl_required,1
P6,V7,vsl,O,vsl_required,1
P6,V7,vsl,B,vsl_required,1
P6,V8,vsl,O,vsl_required,1
P6,V8,vsl,B,vsl_required,1
P6,V9,vsl,O,vsl_required,1
P6,V9,vsl,B,vsl_required,1
P6,V10,vtc_premium,O,vsl_required,0
P6,V10,vtc_premium,B,vsl_required,0
P7,V1,taxi_conventionne,O,prescription_medicale,1
P7,V1,taxi_conventionne,B,prescription_medicale,1
P7,V2,taxi_conventionne,O,prescription_medicale,1
P7,V2,taxi_conventionne,B,prescription_medicale,1
P7,V3,taxi_conventionne,O,prescription_medicale,1
P7,V3,taxi_conventionne,B,prescription_medicale,1
P7,V4,taxi_conventionne,O,prescription_medicale,1
P7,V4,taxi_conventionne,B,prescription_medicale,1
P7,V5,taxi_conventionne,O,prescription_medicale,1
P7,V5,taxi_conventionne,B,prescription_medicale,1
P7,V6,vsl,O,prescription_medicale,1
P7,V6,vsl,B,prescription_medicale,1
P7,V7,vsl,O,prescription_medicale,1
P7,V7,vsl,B,prescription_medicale,1
P7,V8,vsl,O,prescription_medicale,1
P7,V8,vsl,B,prescription_medicale,1
P7,V9,vsl,O,prescription_medicale,1
P7,V9,vsl,B,prescription_medicale,1
P7,V10,vtc_premium,O,prescription_medicale,0
P7,V10,vtc_premium,B,prescription_medicale,0
P8,V1,taxi_conventionne,O,vsl_required,0
P8,V1,taxi_conventionne,B,vsl_required,0
P8,V2,taxi_conventionne,O,vsl_required,0
P8,V2,taxi_conventionne,B,vsl_required,0
P8,V3,taxi_conventionne,O,vsl_required,0
P8,V3,taxi_conventionne,B,vsl_required,0
P8,V4,taxi_conventionne,O,vsl_required,0
P8,V4,taxi_conventionne,B,vsl_required,0
P8,V5,taxi_conventionne,O,vsl_required,0
P8,V5,taxi_conventionne,B,vsl_required,0
P8,V6,vsl,O,vsl_required,1
P8,V6,vsl,B,vsl_required,1
P8,V7,vsl,O,vsl_required,1
P8,V7,vsl,B,vsl_required,1
P8,V8,vsl,O,vsl_required,1
P8,V8,vsl,B,vsl_required,1
P8,V9,vsl,O,vsl_required,1
P8,V9,vsl,B,vsl_required,1
P8,V10,vtc_premium,O,vsl_required,0
P8,V10,vtc_premium,B,vsl_required,0
P9,V1,taxi_conventionne,O,vsl_required,0
P9,V1,taxi_conventionne,B,vsl_required,0
P9,V2,taxi_conventionne,O,vsl_required,0
P9,V2,taxi_conventionne,B,vsl_required,0
P9,V3,taxi_conventionne,O,vsl_required,0
P9,V3,taxi_conventionne,B,vsl_required,0
P9,V4,taxi_conventionne,O,vsl_required,0
P9,V4,taxi_conventionne,B,vsl_required,0
P9,V5,taxi_conventionne,O,vsl_required,0
P9,V5,taxi_conventionne,B,vsl_required,0
P9,V6,vsl,O,vsl_required,1
P9,V6,vsl,B,vsl_required,1
P9,V7,vsl,O,vsl_required,1
P9,V7,vsl,B,vsl_required,1
P9,V8,vsl,O,vsl_required,1
P9,V8,vsl,B,vsl_required,1
P9,V9,vsl,O,vsl_required,1
P9,V9,vsl,B,vsl_required,1
P9,V10,vtc_premium,O,vsl_required,0
P9,V10,vtc_premium,B,vsl_required,0
P10,V1,taxi_conventionne,O,vsl_required,0
P10,V1,taxi_conventionne,B,vsl_required,0
P10,V2,taxi_conventionne,O,vsl_required,0
P10,V2,taxi_conventionne,B,vsl_required,0
P10,V3,taxi_conventionne,O,vsl_required,0
P10,V3,taxi_conventionne,B,vsl_required,0
P10,V4,taxi_conventionne,O,vsl_required,0
P10,V4,taxi_conventionne,B,vsl_required,0
P10,V5,taxi_conventionne,O,vsl_required,0
P10,V5,taxi_conventionne,B,vsl_required,0
P10,V6,vsl,O,vsl_required,1
P10,V6,vsl,B,vsl_required,1
P10,V7,vsl,O,vsl_required,1
P10,V7,vsl,B,vsl_required,1
P10,V8,vsl,O,vsl_required,1
P10,V8,vsl,B,vsl_required,1
P10,V9,vsl,O,vsl_required,1
P10,V9,vsl,B,vsl_required,1
P10,V10,vtc_premium,O,vsl_required,0
P10,V10,vtc_premium,B,vsl_required,0
P11,V1,taxi_conventionne,O,standard_assis,1
P11,V1,taxi_conventionne,B,standard_assis,1
P11,V2,taxi_conventionne,O,standard_assis,1
P11,V2,taxi_conventionne,B,standard_assis,1
P11,V3,taxi_conventionne,O,standard_assis,1
P11,V3,taxi_conventionne,B,standard_assis,1
P11,V4,taxi_conventionne,O,standard_assis,1
P11,V4,taxi_conventionne,B,standard_assis,1
P11,V5,taxi_conventionne,O,standard_assis,1
P11,V5,taxi_conventionne,B,standard_assis,1
P11,V6,vsl,O,standard_assis,1
P11,V6,vsl,B,standard_assis,1
P11,V7,vsl,O,standard_assis,1
P11,V7,vsl,B,standard_assis,1
P11,V8,vsl,O,standard_assis,1
P11,V8,vsl,B,standard_assis,1
P11,V9,vsl,O,standard_assis,1
P11,V9,vsl,B,standard_assis,1
P11,V10,vtc_premium,O,standard_assis,1
P11,V10,vtc_premium,B,standard_assis,1
P12,V1,taxi_conventionne,O,vsl_required,0
P12,V1,taxi_conventionne,B,vsl_required,0
P12,V2,taxi_conventionne,O,vsl_required,0
P12,V2,taxi_conventionne,B,vsl_required,0
P12,V3,taxi_conventionne,O,vsl_required,0
P12,V3,taxi_conventionne,B,vsl_required,0
P12,V4,taxi_conventionne,O,vsl_required,0
P12,V4,taxi_conventionne,B,vsl_required,0
P12,V5,taxi_conventionne,O,vsl_required,0
P12,V5,taxi_conventionne,B,vsl_required,0
P12,V6,vsl,O,vsl_required,1
P12,V6,vsl,B,vsl_required,1
P12,V7,vsl,O,vsl_required,1
P12,V7,vsl,B,vsl_required,1
P12,V8,vsl,O,vsl_required,1
P12,V8,vsl,B,vsl_required,1
P12,V9,vsl,O,vsl_required,1
P12,V9,vsl,B,vsl_required,1
P12,V10,vtc_premium,O,vsl_required,0
P12,V10,vtc_premium,B,vsl_required,0
P13,V1,taxi_conventionne,O,vsl_required,0
P13,V1,taxi_conventionne,B,vsl_required,0
P13,V2,taxi_conventionne,O,vsl_required,0
P13,V2,taxi_conventionne,B,vsl_required,0
P13,V3,taxi_conventionne,O,vsl_required,0
P13,V3,taxi_conventionne,B,vsl_required,0
P13,V4,taxi_conventionne,O,vsl_required,0
P13,V4,taxi_conventionne,B,vsl_required,0
P13,V5,taxi_conventionne,O,vsl_required,0
P13,V5,taxi_conventionne,B,vsl_required,0
P13,V6,vsl,O,vsl_required,1
P13,V6,vsl,B,vsl_required,1
P13,V7,vsl,O,vsl_required,1
P13,V7,vsl,B,vsl_required,1
P13,V8,vsl,O,vsl_required,1
P13,V8,vsl,B,vsl_required,1
P13,V9,vsl,O,vsl_required,1
P13,V9,vsl,B,vsl_required,1
P13,V10,vtc_premium,O,vsl_required,0
P13,V10,vtc_premium,B,vsl_required,0
P14,V1,taxi_conventionne,O,vsl_required,0
P14,V1,taxi_conventionne,B,vsl_required,0
P14,V2,taxi_conventionne,O,vsl_required,0
P14,V2,taxi_conventionne,B,vsl_required,0
P14,V3,taxi_conventionne,O,vsl_required,0
P14,V3,taxi_conventionne,B,vsl_required,0
P14,V4,taxi_conventionne,O,vsl_required,0
P14,V4,taxi_conventionne,B,vsl_required,0
P14,V5,taxi_conventionne,O,vsl_required,0
P14,V5,taxi_conventionne,B,vsl_required,0
P14,V6,vsl,O,vsl_required,1
P14,V6,vsl,B,vsl_required,1
P14,V7,vsl,O,vsl_required,1
P14,V7,vsl,B,vsl_required,1
P14,V8,vsl,O,vsl_required,1
P14,V8,vsl,B,vsl_required,1
P14,V9,vsl,O,vsl_required,1
P14,V9,vsl,B,vsl_required,1
P14,V10,vtc_premium,O,vsl_required,0
P14,V10,vtc_premium,B,vsl_required,0
P15,V1,taxi_conventionne,O,standard_assis,1
P15,V1,taxi_conventionne,B,standard_assis,1
P15,V2,taxi_conventionne,O,standard_assis,1
P15,V2,taxi_conventionne,B,standard_assis,1
P15,V3,taxi_conventionne,O,standard_assis,1
P15,V3,taxi_conventionne,B,standard_assis,1
P15,V4,taxi_conventionne,O,standard_assis,1
P15,V4,taxi_conventionne,B,standard_assis,1
P15,V5,taxi_conventionne,O,standard_assis,1
P15,V5,taxi_conventionne,B,standard_assis,1
P15,V6,vsl,O,standard_assis,1
P15,V6,vsl,B,standard_assis,1
P15,V7,vsl,O,standard_assis,1
P15,V7,vsl,B,standard_assis,1
P15,V8,vsl,O,standard_assis,1
P15,V8,vsl,B,standard_assis,1
P15,V9,vsl,O,standard_assis,1
P15,V9,vsl,B,standard_assis,1
P15,V10,vtc_premium,O,standard_assis,1
P15,V10,vtc_premium,B,standard_assis,1
P16,V1,taxi_conventionne,O,vsl_required,0
P16,V1,taxi_conventionne,B,vsl_required,0
P16,V2,taxi_conventionne,O,vsl_required,0
P16,V2,taxi_conventionne,B,vsl_required,0
P16,V3,taxi_conventionne,O,vsl_required,0
P16,V3,taxi_conventionne,B,vsl_required,0
P16,V4,taxi_conventionne,O,vsl_required,0
P16,V4,taxi_conventionne,B,vsl_required,0
P16,V5,taxi_conventionne,O,vsl_required,0
P16,V5,taxi_conventionne,B,vsl_required,0
P16,V6,vsl,O,vsl_required,1
P16,V6,vsl,B,vsl_required,1
P16,V7,vsl,O,vsl_required,1
P16,V7,vsl,B,vsl_required,1
P16,V8,vsl,O,vsl_required,1
P16,V8,vsl,B,vsl_required,1
P16,V9,vsl,O,vsl_required,1
P16,V9,vsl,B,vsl_required,1
P16,V10,vtc_premium,O,vsl_required,0
P16,V10,vtc_premium,B,vsl_required,0
P17,V1,taxi_conventionne,O,standard_assis,1
P17,V1,taxi_conventionne,B,standard_assis,1
P17,V2,taxi_conventionne,O,standard_assis,1
P17,V2,taxi_conventionne,B,standard_assis,1
P17,V3,taxi_conventionne,O,standard_assis,1
P17,V3,taxi_conventionne,B,standard_assis,1
P17,V4,taxi_conventionne,O,standard_assis,1
P17,V4,taxi_conventionne,B,standard_assis,1
P17,V5,taxi_conventionne,O,standard_assis,1
P17,V5,taxi_conventionne,B,standard_assis,1
P17,V6,vsl,O,standard_assis,1
P17,V6,vsl,B,standard_assis,1
P17,V7,vsl,O,standard_assis,1
P17,V7,vsl,B,standard_assis,1
P17,V8,vsl,O,standard_assis,1
P17,V8,vsl,B,standard_assis,1
P17,V9,vsl,O,standard_assis,1
P17,V9,vsl,B,standard_assis,1
P17,V10,vtc_premium,O,standard_assis,1
P17,V10,vtc_premium,B,standard_assis,1
P18,V1,taxi_conventionne,O,standard_assis,1
P18,V1,taxi_conventionne,B,standard_assis,1
P18,V2,taxi_conventionne,O,standard_assis,1
P18,V2,taxi_conventionne,B,standard_assis,1
P18,V3,taxi_conventionne,O,standard_assis,1
P18,V3,taxi_conventionne,B,standard_assis,1
P18,V4,taxi_conventionne,O,standard_assis,1
P18,V4,taxi_conventionne,B,standard_assis,1
P18,V5,taxi_conventionne,O,standard_assis,1
P18,V5,taxi_conventionne,B,standard_assis,1
P18,V6,vsl,O,standard_assis,1
P18,V6,vsl,B,standard_assis,1
P18,V7,vsl,O,standard_assis,1
P18,V7,vsl,B,standard_assis,1
P18,V8,vsl,O,standard_assis,1
P18,V8,vsl,B,standard_assis,1
P18,V9,vsl,O,standard_assis,1
P18,V9,vsl,B,standard_assis,1
P18,V10,vtc_premium,O,standard_assis,1
P18,V10,vtc_premium,B,standard_assis,1
P19,V1,taxi_conventionne,O,standard_assis,1
P19,V1,taxi_conventionne,B,standard_assis,1
P19,V2,taxi_conventionne,O,standard_assis,1
P19,V2,taxi_conventionne,B,standard_assis,1
P19,V3,taxi_conventionne,O,standard_assis,1
P19,V3,taxi_conventionne,B,standard_assis,1
P19,V4,taxi_conventionne,O,standard_assis,1
P19,V4,taxi_conventionne,B,standard_assis,1
P19,V5,taxi_conventionne,O,standard_assis,1
P19,V5,taxi_conventionne,B,standard_assis,1
P19,V6,vsl,O,standard_assis,1
P19,V6,vsl,B,standard_assis,1
P19,V7,vsl,O,standard_assis,1
P19,V7,vsl,B,standard_assis,1
P19,V8,vsl,O,standard_assis,1
P19,V8,vsl,B,standard_assis,1
P19,V9,vsl,O,standard_assis,1
P19,V9,vsl,B,standard_assis,1
P19,V10,vtc_premium,O,standard_assis,1
P19,V10,vtc_premium,B,standard_assis,1
P20,V1,taxi_conventionne,O,vsl_required,0
P20,V1,taxi_conventionne,B,vsl_required,0
P20,V2,taxi_conventionne,O,vsl_required,0
P20,V2,taxi_conventionne,B,vsl_required,0
P20,V3,taxi_conventionne,O,vsl_required,0
P20,V3,taxi_conventionne,B,vsl_required,0
P20,V4,taxi_conventionne,O,vsl_required,0
P20,V4,taxi_conventionne,B,vsl_required,0
P20,V5,taxi_conventionne,O,vsl_required,0
P20,V5,taxi_conventionne,B,vsl_required,0
P20,V6,vsl,O,vsl_required,1
P20,V6,vsl,B,vsl_required,1
P20,V7,vsl,O,vsl_required,1
P20,V7,vsl,B,vsl_required,1
P20,V8,vsl,O,vsl_required,1
P20,V8,vsl,B,vsl_required,1
P20,V9,vsl,O,vsl_required,1
P20,V9,vsl,B,vsl_required,1
P20,V10,vtc_premium,O,vsl_required,0
P20,V10,vtc_premium,B,vsl_required,0
P21,V1,taxi_conventionne,O,prescription_medicale,1
P21,V1,taxi_conventionne,B,prescription_medicale,1
P21,V2,taxi_conventionne,O,prescription_medicale,1
P21,V2,taxi_conventionne,B,prescription_medicale,1
P21,V3,taxi_conventionne,O,prescription_medicale,1
P21,V3,taxi_conventionne,B,prescription_medicale,1
P21,V4,taxi_conventionne,O,prescription_medicale,1
P21,V4,taxi_conventionne,B,prescription_medicale,1
P21,V5,taxi_conventionne,O,prescription_medicale,1
P21,V5,taxi_conventionne,B,prescription_medicale,1
P21,V6,vsl,O,prescription_medicale,1
P21,V6,vsl,B,prescription_medicale,1
P21,V7,vsl,O,prescription_medicale,1
P21,V7,vsl,B,prescription_medicale,1
P21,V8,vsl,O,prescription_medicale,1
P21,V8,vsl,B,prescription_medicale,1
P21,V9,vsl,O,prescription_medicale,1
P21,V9,vsl,B,prescription_medicale,1
P21,V10,vtc_premium,O,prescription_medicale,0
P21,V10,vtc_premium,B,prescription_medicale,0
P22,V1,taxi_conventionne,O,standard_assis,1
P22,V1,taxi_conventionne,B,standard_assis,1
P22,V2,taxi_conventionne,O,standard_assis,1
P22,V2,taxi_conventionne,B,standard_assis,1
P22,V3,taxi_conventionne,O,standard_assis,1
P22,V3,taxi_conventionne,B,standard_assis,1
P22,V4,taxi_conventionne,O,standard_assis,1
P22,V4,taxi_conventionne,B,standard_assis,1
P22,V5,taxi_conventionne,O,standard_assis,1
P22,V5,taxi_conventionne,B,standard_assis,1
P22,V6,vsl,O,standard_assis,1
P22,V6,vsl,B,standard_assis,1
P22,V7,vsl,O,standard_assis,1
P22,V7,vsl,B,standard_assis,1
P22,V8,vsl,O,standard_assis,1
P22,V8,vsl,B,standard_assis,1
P22,V9,vsl,O,standard_assis,1
P22,V9,vsl,B,standard_assis,1
P22,V10,vtc_premium,O,standard_assis,1
P22,V10,vtc_premium,B,standard_assis,1
P23,V1,taxi_conventionne,O,vsl_required,0
P23,V1,taxi_conventionne,B,vsl_required,0
P23,V2,taxi_conventionne,O,vsl_required,0
P23,V2,taxi_conventionne,B,vsl_required,0
P23,V3,taxi_conventionne,O,vsl_required,0
P23,V3,taxi_conventionne,B,vsl_required,0
P23,V4,taxi_conventionne,O,vsl_required,0
P23,V4,taxi_conventionne,B,vsl_required,0
P23,V5,taxi_conventionne,O,vsl_required,0
P23,V5,taxi_conventionne,B,vsl_required,0
P23,V6,vsl,O,vsl_required,1
P23,V6,vsl,B,vsl_required,1
P23,V7,vsl,O,vsl_required,1
P23,V7,vsl,B,vsl_required,1
P23,V8,vsl,O,vsl_required,1
P23,V8,vsl,B,vsl_required,1
P23,V9,vsl,O,vsl_required,1
P23,V9,vsl,B,vsl_required,1
P23,V10,vtc_premium,O,vsl_required,0
P23,V10,vtc_premium,B,vsl_required,0
P24,V1,taxi_conventionne,O,prescription_medicale,1
P24,V1,taxi_conventionne,B,prescription_medicale,1
P24,V2,taxi_conventionne,O,prescription_medicale,1
P24,V2,taxi_conventionne,B,prescription_medicale,1
P24,V3,taxi_conventionne,O,prescription_medicale,1
P24,V3,taxi_conventionne,B,prescription_medicale,1
P24,V4,taxi_conventionne,O,prescription_medicale,1
P24,V4,taxi_conventionne,B,prescription_medicale,1
P24,V5,taxi_conventionne,O,prescription_medicale,1
P24,V5,taxi_conventionne,B,prescription_medicale,1
P24,V6,vsl,O,prescription_medicale,1
P24,V6,vsl,B,prescription_medicale,1
P24,V7,vsl,O,prescription_medicale,1
P24,V7,vsl,B,prescription_medicale,1
P24,V8,vsl,O,prescription_medicale,1
P24,V8,vsl,B,prescription_medicale,1
P24,V9,vsl,O,prescription_medicale,1
P24,V9,vsl,B,prescription_medicale,1
P24,V10,vtc_premium,O,prescription_medicale,0
P24,V10,vtc_premium,B,prescription_medicale,0
P25,V1,taxi_conventionne,O,standard_assis,1
P25,V1,taxi_conventionne,B,standard_assis,1
P25,V2,taxi_conventionne,O,standard_assis,1
P25,V2,taxi_conventionne,B,standard_assis,1
P25,V3,taxi_conventionne,O,standard_assis,1
P25,V3,taxi_conventionne,B,standard_assis,1
P25,V4,taxi_conventionne,O,standard_assis,1
P25,V4,taxi_conventionne,B,standard_assis,1
P25,V5,taxi_conventionne,O,standard_assis,1
P25,V5,taxi_conventionne,B,standard_assis,1
P25,V6,vsl,O,standard_assis,1
P25,V6,vsl,B,standard_assis,1
P25,V7,vsl,O,standard_assis,1
P25,V7,vsl,B,standard_assis,1
P25,V8,vsl,O,standard_assis,1
P25,V8,vsl,B,standard_assis,1
P25,V9,vsl,O,standard_assis,1
P25,V9,vsl,B,standard_assis,1
P25,V10,vtc_premium,O,standard_assis,1
P25,V10,vtc_premium,B,standard_assis,1
P26,V1,taxi_conventionne,O,vsl_required,0
P26,V1,taxi_conventionne,B,vsl_required,0
P26,V2,taxi_conventionne,O,vsl_required,0
P26,V2,taxi_conventionne,B,vsl_required,0
P26,V3,taxi_conventionne,O,vsl_required,0
P26,V3,taxi_conventionne,B,vsl_required,0
P26,V4,taxi_conventionne,O,vsl_required,0
P26,V4,taxi_conventionne,B,vsl_required,0
P26,V5,taxi_conventionne,O,vsl_required,0
P26,V5,taxi_conventionne,B,vsl_required,0
P26,V6,vsl,O,vsl_required,1
P26,V6,vsl,B,vsl_required,1
P26,V7,vsl,O,vsl_required,1
P26,V7,vsl,B,vsl_required,1
P26,V8,vsl,O,vsl_required,1
P26,V8,vsl,B,vsl_required,1
P26,V9,vsl,O,vsl_required,1
P26,V9,vsl,B,vsl_required,1
P26,V10,vtc_premium,O,vsl_required,0
P26,V10,vtc_premium,B,vsl_required,0
P27,V1,taxi_conventionne,O,standard_assis,1
P27,V1,taxi_conventionne,B,standard_assis,1
P27,V2,taxi_conventionne,O,standard_assis,1
P27,V2,taxi_conventionne,B,standard_assis,1
P27,V3,taxi_conventionne,O,standard_assis,1
P27,V3,taxi_conventionne,B,standard_assis,1
P27,V4,taxi_conventionne,O,standard_assis,1
P27,V4,taxi_conventionne,B,standard_assis,1
P27,V5,taxi_conventionne,O,standard_assis,1
P27,V5,taxi_conventionne,B,standard_assis,1
P27,V6,vsl,O,standard_assis,1
P27,V6,vsl,B,standard_assis,1
P27,V7,vsl,O,standard_assis,1
P27,V7,vsl,B,standard_assis,1
P27,V8,vsl,O,standard_assis,1
P27,V8,vsl,B,standard_assis,1
P27,V9,vsl,O,standard_assis,1
P27,V9,vsl,B,standard_assis,1
P27,V10,vtc_premium,O,standard_assis,1
P27,V10,vtc_premium,B,standard_assis,1
P28,V1,taxi_conventionne,O,prescription_medicale,1
P28,V1,taxi_conventionne,B,prescription_medicale,1
P28,V2,taxi_conventionne,O,prescription_medicale,1
P28,V2,taxi_conventionne,B,prescription_medicale,1
P28,V3,taxi_conventionne,O,prescription_medicale,1
P28,V3,taxi_conventionne,B,prescription_medicale,1
P28,V4,taxi_conventionne,O,prescription_medicale,1
P28,V4,taxi_conventionne,B,prescription_medicale,1
P28,V5,taxi_conventionne,O,prescription_medicale,1
P28,V5,taxi_conventionne,B,prescription_medicale,1
P28,V6,vsl,O,prescription_medicale,1
P28,V6,vsl,B,prescription_medicale,1
P28,V7,vsl,O,prescription_medicale,1
P28,V7,vsl,B,prescription_medicale,1
P28,V8,vsl,O,prescription_medicale,1
P28,V8,vsl,B,prescription_medicale,1
P28,V9,vsl,O,prescription_medicale,1
P28,V9,vsl,B,prescription_medicale,1
P28,V10,vtc_premium,O,prescription_medicale,0
P28,V10,vtc_premium,B,prescription_medicale,0
P29,V1,taxi_conventionne,O,standard_assis,1
P29,V1,taxi_conventionne,B,standard_assis,1
P29,V2,taxi_conventionne,O,standard_assis,1
P29,V2,taxi_conventionne,B,standard_assis,1
P29,V3,taxi_conventionne,O,standard_assis,1
P29,V3,taxi_conventionne,B,standard_assis,1
P29,V4,taxi_conventionne,O,standard_assis,1
P29,V4,taxi_conventionne,B,standard_assis,1
P29,V5,taxi_conventionne,O,standard_assis,1
P29,V5,taxi_conventionne,B,standard_assis,1
P29,V6,vsl,O,standard_assis,1
P29,V6,vsl,B,standard_assis,1
P29,V7,vsl,O,standard_assis,1
P29,V7,vsl,B,standard_assis,1
P29,V8,vsl,O,standard_assis,1
P29,V8,vsl,B,standard_assis,1
P29,V9,vsl,O,standard_assis,1
P29,V9,vsl,B,standard_assis,1
P29,V10,vtc_premium,O,standard_assis,1
P29,V10,vtc_premium,B,standard_assis,1
P30,V1,taxi_conventionne,O,standard_assis,1
P30,V1,taxi_conventionne,B,standard_assis,1
P30,V2,taxi_conventionne,O,standard_assis,1
P30,V2,taxi_conventionne,B,standard_assis,1
P30,V3,taxi_conventionne,O,standard_assis,1
P30,V3,taxi_conventionne,B,standard_assis,1
P30,V4,taxi_conventionne,O,standard_assis,1
P30,V4,taxi_conventionne,B,standard_assis,1
P30,V5,taxi_conventionne,O,standard_assis,1
P30,V5,taxi_conventionne,B,standard_assis,1
P30,V6,vsl,O,standard_assis,1
P30,V6,vsl,B,standard_assis,1
P30,V7,vsl,O,standard_assis,1
P30,V7,vsl,B,standard_assis,1
P30,V8,vsl,O,standard_assis,1
P30,V8,vsl,B,standard_assis,1
P30,V9,vsl,O,standard_assis,1
P30,V9,vsl,B,standard_assis,1
P30,V10,vtc_premium,O,standard_assis,1
P30,V10,vtc_premium,B,standard_assis,1
P31,V1,taxi_conventionne,O,vsl_required,0
P31,V1,taxi_conventionne,B,vsl_required,0
P31,V2,taxi_conventionne,O,vsl_required,0
P31,V2,taxi_conventionne,B,vsl_required,0
P31,V3,taxi_conventionne,O,vsl_required,0
P31,V3,taxi_conventionne,B,vsl_required,0
P31,V4,taxi_conventionne,O,vsl_required,0
P31,V4,taxi_conventionne,B,vsl_required,0
P31,V5,taxi_conventionne,O,vsl_required,0
P31,V5,taxi_conventionne,B,vsl_required,0
P31,V6,vsl,O,vsl_required,1
P31,V6,vsl,B,vsl_required,1
P31,V7,vsl,O,vsl_required,1
P31,V7,vsl,B,vsl_required,1
P31,V8,vsl,O,vsl_required,1
P31,V8,vsl,B,vsl_required,1
P31,V9,vsl,O,vsl_required,1
P31,V9,vsl,B,vsl_required,1
P31,V10,vtc_premium,O,vsl_required,0
P31,V10,vtc_premium,B,vsl_required,0
P32,V1,taxi_conventionne,O,vsl_required,0
P32,V1,taxi_conventionne,B,vsl_required,0
P32,V2,taxi_conventionne,O,vsl_required,0
P32,V2,taxi_conventionne,B,vsl_required,0
P32,V3,taxi_conventionne,O,vsl_required,0
P32,V3,taxi_conventionne,B,vsl_required,0
P32,V4,taxi_conventionne,O,vsl_required,0
P32,V4,taxi_conventionne,B,vsl_required,0
P32,V5,taxi_conventionne,O,vsl_required,0
P32,V5,taxi_conventionne,B,vsl_required,0
P32,V6,vsl,O,vsl_required,1
P32,V6,vsl,B,vsl_required,1
P32,V7,vsl,O,vsl_required,1
P32,V7,vsl,B,vsl_required,1
P32,V8,vsl,O,vsl_required,1
P32,V8,vsl,B,vsl_required,1
P32,V9,vsl,O,vsl_required,1
P32,V9,vsl,B,vsl_required,1
P32,V10,vtc_premium,O,vsl_required,0
P32,V10,vtc_premium,B,vsl_required,0
P33,V1,taxi_conventionne,O,standard_assis,1
P33,V1,taxi_conventionne,B,standard_assis,1
P33,V2,taxi_conventionne,O,standard_assis,1
P33,V2,taxi_conventionne,B,standard_assis,1
P33,V3,taxi_conventionne,O,standard_assis,1
P33,V3,taxi_conventionne,B,standard_assis,1
P33,V4,taxi_conventionne,O,standard_assis,1
P33,V4,taxi_conventionne,B,standard_assis,1
P33,V5,taxi_conventionne,O,standard_assis,1
P33,V5,taxi_conventionne,B,standard_assis,1
P33,V6,vsl,O,standard_assis,1
P33,V6,vsl,B,standard_assis,1
P33,V7,vsl,O,standard_assis,1
P33,V7,vsl,B,standard_assis,1
P33,V8,vsl,O,standard_assis,1
P33,V8,vsl,B,standard_assis,1
P33,V9,vsl,O,standard_assis,1
P33,V9,vsl,B,standard_assis,1
P33,V10,vtc_premium,O,standard_assis,1
P33,V10,vtc_premium,B,standard_assis,1
P34,V1,taxi_conventionne,O,standard_assis,1
P34,V1,taxi_conventionne,B,standard_assis,1
P34,V2,taxi_conventionne,O,standard_assis,1
P34,V2,taxi_conventionne,B,standard_assis,1
P34,V3,taxi_conventionne,O,standard_assis,1
P34,V3,taxi_conventionne,B,standard_assis,1
P34,V4,taxi_conventionne,O,standard_assis,1
P34,V4,taxi_conventionne,B,standard_assis,1
P34,V5,taxi_conventionne,O,standard_assis,1
P34,V5,taxi_conventionne,B,standard_assis,1
P34,V6,vsl,O,standard_assis,1
P34,V6,vsl,B,standard_assis,1
P34,V7,vsl,O,standard_assis,1
P34,V7,vsl,B,standard_assis,1
P34,V8,vsl,O,standard_assis,1
P34,V8,vsl,B,standard_assis,1
P34,V9,vsl,O,standard_assis,1
P34,V9,vsl,B,standard_assis,1
P34,V10,vtc_premium,O,standard_assis,1
P34,V10,vtc_premium,B,standard_assis,1
P35,V1,taxi_conventionne,O,prescription_medicale,1
P35,V1,taxi_conventionne,B,prescription_medicale,1
P35,V2,taxi_conventionne,O,prescription_medicale,1
P35,V2,taxi_conventionne,B,prescription_medicale,1
P35,V3,taxi_conventionne,O,prescription_medicale,1
P35,V3,taxi_conventionne,B,prescription_medicale,1
P35,V4,taxi_conventionne,O,prescription_medicale,1
P35,V4,taxi_conventionne,B,prescription_medicale,1
P35,V5,taxi_conventionne,O,prescription_medicale,1
P35,V5,taxi_conventionne,B,prescription_medicale,1
P35,V6,vsl,O,prescription_medicale,1
P35,V6,vsl,B,prescription_medicale,1
P35,V7,vsl,O,prescription_medicale,1
P35,V7,vsl,B,prescription_medicale,1
P35,V8,vsl,O,prescription_medicale,1
P35,V8,vsl,B,prescription_medicale,1
P35,V9,vsl,O,prescription_medicale,1
P35,V9,vsl,B,prescription_medicale,1
P35,V10,vtc_premium,O,prescription_medicale,0
P35,V10,vtc_premium,B,prescription_medicale,0
P36,V1,taxi_conventionne,O,prescription_medicale,1
P36,V1,taxi_conventionne,B,prescription_medicale,1
P36,V2,taxi_conventionne,O,prescription_medicale,1
P36,V2,taxi_conventionne,B,prescription_medicale,1
P36,V3,taxi_conventionne,O,prescription_medicale,1
P36,V3,taxi_conventionne,B,prescription_medicale,1
P36,V4,taxi_conventionne,O,prescription_medicale,1
P36,V4,taxi_conventionne,B,prescription_medicale,1
P36,V5,taxi_conventionne,O,prescription_medicale,1
P36,V5,taxi_conventionne,B,prescription_medicale,1
P36,V6,vsl,O,prescription_medicale,1
P36,V6,vsl,B,prescription_medicale,1
P36,V7,vsl,O,prescription_medicale,1
P36,V7,vsl,B,prescription_medicale,1
P36,V8,vsl,O,prescription_medicale,1
P36,V8,vsl,B,prescription_medicale,1
P36,V9,vsl,O,prescription_medicale,1
P36,V9,vsl,B,prescription_medicale,1
P36,V10,vtc_premium,O,prescription_medicale,0
P36,V10,vtc_premium,B,prescription_medicale,0
P37,V1,taxi_conventionne,O,vsl_required,0
P37,V1,taxi_conventionne,B,vsl_required,0
P37,V2,taxi_conventionne,O,vsl_required,0
P37,V2,taxi_conventionne,B,vsl_required,0
P37,V3,taxi_conventionne,O,vsl_required,0
P37,V3,taxi_conventionne,B,vsl_required,0
P37,V4,taxi_conventionne,O,vsl_required,0
P37,V4,taxi_conventionne,B,vsl_required,0
P37,V5,taxi_conventionne,O,vsl_required,0
P37,V5,taxi_conventionne,B,vsl_required,0
P37,V6,vsl,O,vsl_required,1
P37,V6,vsl,B,vsl_required,1
P37,V7,vsl,O,vsl_required,1
P37,V7,vsl,B,vsl_required,1
P37,V8,vsl,O,vsl_required,1
P37,V8,vsl,B,vsl_required,1
P37,V9,vsl,O,vsl_required,1
P37,V9,vsl,B,vsl_required,1
P37,V10,vtc_premium,O,vsl_required,0
P37,V10,vtc_premium,B,vsl_required,0
P38,V1,taxi_conventionne,O,standard_assis,1
P38,V1,taxi_conventionne,B,standard_assis,1
P38,V2,taxi_conventionne,O,standard_assis,1
P38,V2,taxi_conventionne,B,standard_assis,1
P38,V3,taxi_conventionne,O,standard_assis,1
P38,V3,taxi_conventionne,B,standard_assis,1
P38,V4,taxi_conventionne,O,standard_assis,1
P38,V4,taxi_conventionne,B,standard_assis,1
P38,V5,taxi_conventionne,O,standard_assis,1
P38,V5,taxi_conventionne,B,standard_assis,1
P38,V6,vsl,O,standard_assis,1
P38,V6,vsl,B,standard_assis,1
P38,V7,vsl,O,standard_assis,1
P38,V7,vsl,B,standard_assis,1
P38,V8,vsl,O,standard_assis,1
P38,V8,vsl,B,standard_assis,1
P38,V9,vsl,O,standard_assis,1
P38,V9,vsl,B,standard_assis,1
P38,V10,vtc_premium,O,standard_assis,1
P38,V10,vtc_premium,B,standard_assis,1
P39,V1,taxi_conventionne,O,prescription_medicale,1
P39,V1,taxi_conventionne,B,prescription_medicale,1
P39,V2,taxi_conventionne,O,prescription_medicale,1
P39,V2,taxi_conventionne,B,prescription_medicale,1
P39,V3,taxi_conventionne,O,prescription_medicale,1
P39,V3,taxi_conventionne,B,prescription_medicale,1
P39,V4,taxi_conventionne,O,prescription_medicale,1
P39,V4,taxi_conventionne,B,prescription_medicale,1
P39,V5,taxi_conventionne,O,prescription_medicale,1
P39,V5,taxi_conventionne,B,prescription_medicale,1
P39,V6,vsl,O,prescription_medicale,1
P39,V6,vsl,B,prescription_medicale,1
P39,V7,vsl,O,prescription_medicale,1
P39,V7,vsl,B,prescription_medicale,1
P39,V8,vsl,O,prescription_medicale,1
P39,V8,vsl,B,prescription_medicale,1
P39,V9,vsl,O,prescription_medicale,1
P39,V9,vsl,B,prescription_medicale,1
P39,V10,vtc_premium,O,prescription_medicale,0
P39,V10,vtc_premium,B,prescription_medicale,0
P40,V1,taxi_conventionne,O,prescription_medicale,1
P40,V1,taxi_conventionne,B,prescription_medicale,1
P40,V2,taxi_conventionne,O,prescription_medicale,1
P40,V2,taxi_conventionne,B,prescription_medicale,1
P40,V3,taxi_conventionne,O,prescription_medicale,1
P40,V3,taxi_conventionne,B,prescription_medicale,1
P40,V4,taxi_conventionne,O,prescription_medicale,1
P40,V4,taxi_conventionne,B,prescription_medicale,1
P40,V5,taxi_conventionne,O,prescription_medicale,1
P40,V5,taxi_conventionne,B,prescription_medicale,1
P40,V6,vsl,O,prescription_medicale,1
P40,V6,vsl,B,prescription_medicale,1
P40,V7,vsl,O,prescription_medicale,1
P40,V7,vsl,B,prescription_medicale,1
P40,V8,vsl,O,prescription_medicale,1
P40,V8,vsl,B,prescription_medicale,1
P40,V9,vsl,O,prescription_medicale,1
P40,V9,vsl,B,prescription_medicale,1
P40,V10,vtc_premium,O,prescription_medicale,0
P40,V10,vtc_premium,B,prescription_medicale,0
P41,V1,taxi_conventionne,O,vsl_required,0
P41,V1,taxi_conventionne,B,vsl_required,0
P41,V2,taxi_conventionne,O,vsl_required,0
P41,V2,taxi_conventionne,B,vsl_required,0
P41,V3,taxi_conventionne,O,vsl_required,0
P41,V3,taxi_conventionne,B,vsl_required,0
P41,V4,taxi_conventionne,O,vsl_required,0
P41,V4,taxi_conventionne,B,vsl_required,0
P41,V5,taxi_conventionne,O,vsl_required,0
P41,V5,taxi_conventionne,B,vsl_required,0
P41,V6,vsl,O,vsl_required,1
P41,V6,vsl,B,vsl_required,1
P41,V7,vsl,O,vsl_required,1
P41,V7,vsl,B,vsl_required,1
P41,V8,vsl,O,vsl_required,1
P41,V8,vsl,B,vsl_required,1
P41,V9,vsl,O,vsl_required,1
P41,V9,vsl,B,vsl_required,1
P41,V10,vtc_premium,O,vsl_required,0
P41,V10,vtc_premium,B,vsl_required,0
P42,V1,taxi_conventionne,O,prescription_medicale,1
P42,V1,taxi_conventionne,B,prescription_medicale,1
P42,V2,taxi_conventionne,O,prescription_medicale,1
P42,V2,taxi_conventionne,B,prescription_medicale,1
P42,V3,taxi_conventionne,O,prescription_medicale,1
P42,V3,taxi_conventionne,B,prescription_medicale,1
P42,V4,taxi_conventionne,O,prescription_medicale,1
P42,V4,taxi_conventionne,B,prescription_medicale,1
P42,V5,taxi_conventionne,O,prescription_medicale,1
P42,V5,taxi_conventionne,B,prescription_medicale,1
P42,V6,vsl,O,prescription_medicale,1
P42,V6,vsl,B,prescription_medicale,1
P42,V7,vsl,O,prescription_medicale,1
P42,V7,vsl,B,prescription_medicale,1
P42,V8,vsl,O,prescription_medicale,1
P42,V8,vsl,B,prescription_medicale,1
P42,V9,vsl,O,prescription_medicale,1
P42,V9,vsl,B,prescription_medicale,1
P42,V10,vtc_premium,O,prescription_medicale,0
P42,V10,vtc_premium,B,prescription_medicale,0
P43,V1,taxi_conventionne,O,standard_assis,1
P43,V1,taxi_conventionne,B,standard_assis,1
P43,V2,taxi_conventionne,O,standard_assis,1
P43,V2,taxi_conventionne,B,standard_assis,1
P43,V3,taxi_conventionne,O,standard_assis,1
P43,V3,taxi_conventionne,B,standard_assis,1
P43,V4,taxi_conventionne,O,standard_assis,1
P43,V4,taxi_conventionne,B,standard_assis,1
P43,V5,taxi_conventionne,O,standard_assis,1
P43,V5,taxi_conventionne,B,standard_assis,1
P43,V6,vsl,O,standard_assis,1
P43,V6,vsl,B,standard_assis,1
P43,V7,vsl,O,standard_assis,1
P43,V7,vsl,B,standard_assis,1
P43,V8,vsl,O,standard_assis,1
P43,V8,vsl,B,standard_assis,1
P43,V9,vsl,O,standard_assis,1
P43,V9,vsl,B,standard_assis,1
P43,V10,vtc_premium,O,standard_assis,1
P43,V10,vtc_premium,B,standard_assis,1
P44,V1,taxi_conventionne,O,prescription_medicale,1
P44,V1,taxi_conventionne,B,prescription_medicale,1
P44,V2,taxi_conventionne,O,prescription_medicale,1
P44,V2,taxi_conventionne,B,prescription_medicale,1
P44,V3,taxi_conventionne,O,prescription_medicale,1
P44,V3,taxi_conventionne,B,prescription_medicale,1
P44,V4,taxi_conventionne,O,prescription_medicale,1
P44,V4,taxi_conventionne,B,prescription_medicale,1
P44,V5,taxi_conventionne,O,prescription_medicale,1
P44,V5,taxi_conventionne,B,prescription_medicale,1
P44,V6,vsl,O,prescription_medicale,1
P44,V6,vsl,B,prescription_medicale,1
P44,V7,vsl,O,prescription_medicale,1
P44,V7,vsl,B,prescription_medicale,1
P44,V8,vsl,O,prescription_medicale,1
P44,V8,vsl,B,prescription_medicale,1
P44,V9,vsl,O,prescription_medicale,1
P44,V9,vsl,B,prescription_medicale,1
P44,V10,vtc_premium,O,prescription_medicale,0
P44,V10,vtc_premium,B,prescription_medicale,0
P45,V1,taxi_conventionne,O,standard_assis,1
P45,V1,taxi_conventionne,B,standard_assis,1
P45,V2,taxi_conventionne,O,standard_assis,1
P45,V2,taxi_conventionne,B,standard_assis,1
P45,V3,taxi_conventionne,O,standard_assis,1
P45,V3,taxi_conventionne,B,standard_assis,1
P45,V4,taxi_conventionne,O,standard_assis,1
P45,V4,taxi_conventionne,B,standard_assis,1
P45,V5,taxi_conventionne,O,standard_assis,1
P45,V5,taxi_conventionne,B,standard_assis,1
P45,V6,vsl,O,standard_assis,1
P45,V6,vsl,B,standard_assis,1
P45,V7,vsl,O,standard_assis,1
P45,V7,vsl,B,standard_assis,1
P45,V8,vsl,O,standard_assis,1
P45,V8,vsl,B,standard_assis,1
P45,V9,vsl,O,standard_assis,1
P45,V9,vsl,B,standard_assis,1
P45,V10,vtc_premium,O,standard_assis,1
P45,V10,vtc_premium,B,standard_assis,1
P46,V1,taxi_conventionne,O,vsl_required,0
P46,V1,taxi_conventionne,B,vsl_required,0
P46,V2,taxi_conventionne,O,vsl_required,0
P46,V2,taxi_conventionne,B,vsl_required,0
P46,V3,taxi_conventionne,O,vsl_required,0
P46,V3,taxi_conventionne,B,vsl_required,0
P46,V4,taxi_conventionne,O,vsl_required,0
P46,V4,taxi_conventionne,B,vsl_required,0
P46,V5,taxi_conventionne,O,vsl_required,0
P46,V5,taxi_conventionne,B,vsl_required,0
P46,V6,vsl,O,vsl_required,1
P46,V6,vsl,B,vsl_required,1
P46,V7,vsl,O,vsl_required,1
P46,V7,vsl,B,vsl_required,1
P46,V8,vsl,O,vsl_required,1
P46,V8,vsl,B,vsl_required,1
P46,V9,vsl,O,vsl_required,1
P46,V9,vsl,B,vsl_required,1
P46,V10,vtc_premium,O,vsl_required,0
P46,V10,vtc_premium,B,vsl_required,0
P47,V1,taxi_conventionne,O,vsl_required,0
P47,V1,taxi_conventionne,B,vsl_required,0
P47,V2,taxi_conventionne,O,vsl_required,0
P47,V2,taxi_conventionne,B,vsl_required,0
P47,V3,taxi_conventionne,O,vsl_required,0
P47,V3,taxi_conventionne,B,vsl_required,0
P47,V4,taxi_conventionne,O,vsl_required,0
P47,V4,taxi_conventionne,B,vsl_required,0
P47,V5,taxi_conventionne,O,vsl_required,0
P47,V5,taxi_conventionne,B,vsl_required,0
P47,V6,vsl,O,vsl_required,1
P47,V6,vsl,B,vsl_required,1
P47,V7,vsl,O,vsl_required,1
P47,V7,vsl,B,vsl_required,1
P47,V8,vsl,O,vsl_required,1
P47,V8,vsl,B,vsl_required,1
P47,V9,vsl,O,vsl_required,1
P47,V9,vsl,B,vsl_required,1
P47,V10,vtc_premium,O,vsl_required,0
P47,V10,vtc_premium,B,vsl_required,0
P48,V1,taxi_conventionne,O,standard_assis,1
P48,V1,taxi_conventionne,B,standard_assis,1
P48,V2,taxi_conventionne,O,standard_assis,1
P48,V2,taxi_conventionne,B,standard_assis,1
P48,V3,taxi_conventionne,O,standard_assis,1
P48,V3,taxi_conventionne,B,standard_assis,1
P48,V4,taxi_conventionne,O,standard_assis,1
P48,V4,taxi_conventionne,B,standard_assis,1
P48,V5,taxi_conventionne,O,standard_assis,1
P48,V5,taxi_conventionne,B,standard_assis,1
P48,V6,vsl,O,standard_assis,1
P48,V6,vsl,B,standard_assis,1
P48,V7,vsl,O,standard_assis,1
P48,V7,vsl,B,standard_assis,1
P48,V8,vsl,O,standard_assis,1
P48,V8,vsl,B,standard_assis,1
P48,V9,vsl,O,standard_assis,1
P48,V9,vsl,B,standard_assis,1
P48,V10,vtc_premium,O,standard_assis,1
P48,V10,vtc_premium,B,standard_assis,1
P49,V1,taxi_conventionne,O,prescription_medicale,1
P49,V1,taxi_conventionne,B,prescription_medicale,1
P49,V2,taxi_conventionne,O,prescription_medicale,1
P49,V2,taxi_conventionne,B,prescription_medicale,1
P49,V3,taxi_conventionne,O,prescription_medicale,1
P49,V3,taxi_conventionne,B,prescription_medicale,1
P49,V4,taxi_conventionne,O,prescription_medicale,1
P49,V4,taxi_conventionne,B,prescription_medicale,1
P49,V5,taxi_conventionne,O,prescription_medicale,1
P49,V5,taxi_conventionne,B,prescription_medicale,1
P49,V6,vsl,O,prescription_medicale,1
P49,V6,vsl,B,prescription_medicale,1
P49,V7,vsl,O,prescription_medicale,1
P49,V7,vsl,B,prescription_medicale,1
P49,V8,vsl,O,prescription_medicale,1
P49,V8,vsl,B,prescription_medicale,1
P49,V9,vsl,O,prescription_medicale,1
P49,V9,vsl,B,prescription_medicale,1
P49,V10,vtc_premium,O,prescription_medicale,0
P49,V10,vtc_premium,B,prescription_medicale,0
P50,V1,taxi_conventionne,O,standard_assis,1
P50,V1,taxi_conventionne,B,standard_assis,1
P50,V2,taxi_conventionne,O,standard_assis,1
P50,V2,taxi_conventionne,B,standard_assis,1
P50,V3,taxi_conventionne,O,standard_assis,1
P50,V3,taxi_conventionne,B,standard_assis,1
P50,V4,taxi_conventionne,O,standard_assis,1
P50,V4,taxi_conventionne,B,standard_assis,1
P50,V5,taxi_conventionne,O,standard_assis,1
P50,V5,taxi_conventionne,B,standard_assis,1
P50,V6,vsl,O,standard_assis,1
P50,V6,vsl,B,standard_assis,1
P50,V7,vsl,O,standard_assis,1
P50,V7,vsl,B,standard_assis,1
P50,V8,vsl,O,standard_assis,1
P50,V8,vsl,B,standard_assis,1
P50,V9,vsl,O,standard_assis,1
P50,V9,vsl,B,standard_assis,1
P50,V10,vtc_premium,O,standard_assis,1
P50,V10,vtc_premium,B,standard_assis,1
P51,V1,taxi_conventionne,O,standard_assis,1
P51,V1,taxi_conventionne,B,standard_assis,1
P51,V2,taxi_conventionne,O,standard_assis,1
P51,V2,taxi_conventionne,B,standard_assis,1
P51,V3,taxi_conventionne,O,standard_assis,1
P51,V3,taxi_conventionne,B,standard_assis,1
P51,V4,taxi_conventionne,O,standard_assis,1
P51,V4,taxi_conventionne,B,standard_assis,1
P51,V5,taxi_conventionne,O,standard_assis,1
P51,V5,taxi_conventionne,B,standard_assis,1
P51,V6,vsl,O,standard_assis,1
P51,V6,vsl,B,standard_assis,1
P51,V7,vsl,O,standard_assis,1
P51,V7,vsl,B,standard_assis,1
P51,V8,vsl,O,standard_assis,1
P51,V8,vsl,B,standard_assis,1
P51,V9,vsl,O,standard_assis,1
P51,V9,vsl,B,standard_assis,1
P51,V10,vtc_premium,O,standard_assis,1
P51,V10,vtc_premium,B,standard_assis,1
P52,V1,taxi_conventionne,O,prescription_medicale,1
P52,V1,taxi_conventionne,B,prescription_medicale,1
P52,V2,taxi_conventionne,O,prescription_medicale,1
P52,V2,taxi_conventionne,B,prescription_medicale,1
P52,V3,taxi_conventionne,O,prescription_medicale,1
P52,V3,taxi_conventionne,B,prescription_medicale,1
P52,V4,taxi_conventionne,O,prescription_medicale,1
P52,V4,taxi_conventionne,B,prescription_medicale,1
P52,V5,taxi_conventionne,O,prescription_medicale,1
P52,V5,taxi_conventionne,B,prescription_medicale,1
P52,V6,vsl,O,prescription_medicale,1
P52,V6,vsl,B,prescription_medicale,1
P52,V7,vsl,O,prescription_medicale,1
P52,V7,vsl,B,prescription_medicale,1
P52,V8,vsl,O,prescription_medicale,1
P52,V8,vsl,B,prescription_medicale,1
P52,V9,vsl,O,prescription_medicale,1
P52,V9,vsl,B,prescription_medicale,1
P52,V10,vtc_premium,O,prescription_medicale,0
P52,V10,vtc_premium,B,prescription_medicale,0
P53,V1,taxi_conventionne,O,prescription_medicale,1
P53,V1,taxi_conventionne,B,prescription_medicale,1
P53,V2,taxi_conventionne,O,prescription_medicale,1
P53,V2,taxi_conventionne,B,prescription_medicale,1
P53,V3,taxi_conventionne,O,prescription_medicale,1
P53,V3,taxi_conventionne,B,prescription_medicale,1
P53,V4,taxi_conventionne,O,prescription_medicale,1
P53,V4,taxi_conventionne,B,prescription_medicale,1
P53,V5,taxi_conventionne,O,prescription_medicale,1
P53,V5,taxi_conventionne,B,prescription_medicale,1
P53,V6,vsl,O,prescription_medicale,1
P53,V6,vsl,B,prescription_medicale,1
P53,V7,vsl,O,prescription_medicale,1
P53,V7,vsl,B,prescription_medicale,1
P53,V8,vsl,O,prescription_medicale,1
P53,V8,vsl,B,prescription_medicale,1
P53,V9,vsl,O,prescription_medicale,1
P53,V9,vsl,B,prescription_medicale,1
P53,V10,vtc_premium,O,prescription_medicale,0
P53,V10,vtc_premium,B,prescription_medicale,0
P54,V1,taxi_conventionne,O,vsl_required,0
P54,V1,taxi_conventionne,B,vsl_required,0
P54,V2,taxi_conventionne,O,vsl_required,0
P54,V2,taxi_conventionne,B,vsl_required,0
P54,V3,taxi_conventionne,O,vsl_required,0
P54,V3,taxi_conventionne,B,vsl_required,0
P54,V4,taxi_conventionne,O,vsl_required,0
P54,V4,taxi_conventionne,B,vsl_required,0
P54,V5,taxi_conventionne,O,vsl_required,0
P54,V5,taxi_conventionne,B,vsl_required,0
P54,V6,vsl,O,vsl_required,1
P54,V6,vsl,B,vsl_required,1
P54,V7,vsl,O,vsl_required,1
P54,V7,vsl,B,vsl_required,1
P54,V8,vsl,O,vsl_required,1
P54,V8,vsl,B,vsl_required,1
P54,V9,vsl,O,vsl_required,1
P54,V9,vsl,B,vsl_required,1
P54,V10,vtc_premium,O,vsl_required,0
P54,V10,vtc_premium,B,vsl_required,0
P55,V1,taxi_conventionne,O,prescription_medicale,1
P55,V1,taxi_conventionne,B,prescription_medicale,1
P55,V2,taxi_conventionne,O,prescription_medicale,1
P55,V2,taxi_conventionne,B,prescription_medicale,1
P55,V3,taxi_conventionne,O,prescription_medicale,1
P55,V3,taxi_conventionne,B,prescription_medicale,1
P55,V4,taxi_conventionne,O,prescription_medicale,1
P55,V4,taxi_conventionne,B,prescription_medicale,1
P55,V5,taxi_conventionne,O,prescription_medicale,1
P55,V5,taxi_conventionne,B,prescription_medicale,1
P55,V6,vsl,O,prescription_medicale,1
P55,V6,vsl,B,prescription_medicale,1
P55,V7,vsl,O,prescription_medicale,1
P55,V7,vsl,B,prescription_medicale,1
P55,V8,vsl,O,prescription_medicale,1
P55,V8,vsl,B,prescription_medicale,1
P55,V9,vsl,O,prescription_medicale,1
P55,V9,vsl,B,prescription_medicale,1
P55,V10,vtc_premium,O,prescription_medicale,0
P55,V10,vtc_premium,B,prescription_medicale,0
P56,V1,taxi_conventionne,O,vsl_required,0
P56,V1,taxi_conventionne,B,vsl_required,0
P56,V2,taxi_conventionne,O,vsl_required,0
P56,V2,taxi_conventionne,B,vsl_required,0
P56,V3,taxi_conventionne,O,vsl_required,0
P56,V3,taxi_conventionne,B,vsl_required,0
P56,V4,taxi_conventionne,O,vsl_required,0
P56,V4,taxi_conventionne,B,vsl_required,0
P56,V5,taxi_conventionne,O,vsl_required,0
P56,V5,taxi_conventionne,B,vsl_required,0
P56,V6,vsl,O,vsl_required,1
P56,V6,vsl,B,vsl_required,1
P56,V7,vsl,O,vsl_required,1
P56,V7,vsl,B,vsl_required,1
P56,V8,vsl,O,vsl_required,1
P56,V8,vsl,B,vsl_required,1
P56,V9,vsl,O,vsl_required,1
P56,V9,vsl,B,vsl_required,1
P56,V10,vtc_premium,O,vsl_required,0
P56,V10,vtc_premium,B,vsl_required,0
P57,V1,taxi_conventionne,O,vsl_required,0
P57,V1,taxi_conventionne,B,vsl_required,0
P57,V2,taxi_conventionne,O,vsl_required,0
P57,V2,taxi_conventionne,B,vsl_required,0
P57,V3,taxi_conventionne,O,vsl_required,0
P57,V3,taxi_conventionne,B,vsl_required,0
P57,V4,taxi_conventionne,O,vsl_required,0
P57,V4,taxi_conventionne,B,vsl_required,0
P57,V5,taxi_conventionne,O,vsl_required,0
P57,V5,taxi_conventionne,B,vsl_required,0
P57,V6,vsl,O,vsl_required,1
P57,V6,vsl,B,vsl_required,1
P57,V7,vsl,O,vsl_required,1
P57,V7,vsl,B,vsl_required,1
P57,V8,vsl,O,vsl_required,1
P57,V8,vsl,B,vsl_required,1
P57,V9,vsl,O,vsl_required,1
P57,V9,vsl,B,vsl_required,1
P57,V10,vtc_premium,O,vsl_required,0
P57,V10,vtc_premium,B,vsl_required,0
P58,V1,taxi_conventionne,O,vsl_required,0
P58,V1,taxi_conventionne,B,vsl_required,0
P58,V2,taxi_conventionne,O,vsl_required,0
P58,V2,taxi_conventionne,B,vsl_required,0
P58,V3,taxi_conventionne,O,vsl_required,0
P58,V3,taxi_conventionne,B,vsl_required,0
P58,V4,taxi_conventionne,O,vsl_required,0
P58,V4,taxi_conventionne,B,vsl_required,0
P58,V5,taxi_conventionne,O,vsl_required,0
P58,V5,taxi_conventionne,B,vsl_required,0
P58,V6,vsl,O,vsl_required,1
P58,V6,vsl,B,vsl_required,1
P58,V7,vsl,O,vsl_required,1
P58,V7,vsl,B,vsl_required,1
P58,V8,vsl,O,vsl_required,1
P58,V8,vsl,B,vsl_required,1
P58,V9,vsl,O,vsl_required,1
P58,V9,vsl,B,vsl_required,1
P58,V10,vtc_premium,O,vsl_required,0
P58,V10,vtc_premium,B,vsl_required,0
P59,V1,taxi_conventionne,O,vsl_required,0
P59,V1,taxi_conventionne,B,vsl_required,0
P59,V2,taxi_conventionne,O,vsl_required,0
P59,V2,taxi_conventionne,B,vsl_required,0
P59,V3,taxi_conventionne,O,vsl_required,0
P59,V3,taxi_conventionne,B,vsl_required,0
P59,V4,taxi_conventionne,O,vsl_required,0
P59,V4,taxi_conventionne,B,vsl_required,0
P59,V5,taxi_conventionne,O,vsl_required,0
P59,V5,taxi_conventionne,B,vsl_required,0
P59,V6,vsl,O,vsl_required,1
P59,V6,vsl,B,vsl_required,1
P59,V7,vsl,O,vsl_required,1
P59,V7,vsl,B,vsl_required,1
P59,V8,vsl,O,vsl_required,1
P59,V8,vsl,B,vsl_required,1
P59,V9,vsl,O,vsl_required,1
P59,V9,vsl,B,vsl_required,1
P59,V10,vtc_premium,O,vsl_required,0
P59,V10,vtc_premium,B,vsl_required,0
P60,V1,taxi_conventionne,O,vsl_required,0
P60,V1,taxi_conventionne,B,vsl_required,0
P60,V2,taxi_conventionne,O,vsl_required,0
P60,V2,taxi_conventionne,B,vsl_required,0
P60,V3,taxi_conventionne,O,vsl_required,0
P60,V3,taxi_conventionne,B,vsl_required,0
P60,V4,taxi_conventionne,O,vsl_required,0
P60,V4,taxi_conventionne,B,vsl_required,0
P60,V5,taxi_conventionne,O,vsl_required,0
P60,V5,taxi_conventionne,B,vsl_required,0
P60,V6,vsl,O,vsl_required,1
P60,V6,vsl,B,vsl_required,1
P60,V7,vsl,O,vsl_required,1
P60,V7,vsl,B,vsl_required,1
P60,V8,vsl,O,vsl_required,1
P60,V8,vsl,B,vsl_required,1
P60,V9,vsl,O,vsl_required,1
P60,V9,vsl,B,vsl_required,1
P60,V10,vtc_premium,O,vsl_required,0
P60,V10,vtc_premium,B,vsl_required,0
P61,V1,taxi_conventionne,O,prescription_medicale,1
P61,V1,taxi_conventionne,B,prescription_medicale,1
P61,V2,taxi_conventionne,O,prescription_medicale,1
P61,V2,taxi_conventionne,B,prescription_medicale,1
P61,V3,taxi_conventionne,O,prescription_medicale,1
P61,V3,taxi_conventionne,B,prescription_medicale,1
P61,V4,taxi_conventionne,O,prescription_medicale,1
P61,V4,taxi_conventionne,B,prescription_medicale,1
P61,V5,taxi_conventionne,O,prescription_medicale,1
P61,V5,taxi_conventionne,B,prescription_medicale,1
P61,V6,vsl,O,prescription_medicale,1
P61,V6,vsl,B,prescription_medicale,1
P61,V7,vsl,O,prescription_medicale,1
P61,V7,vsl,B,prescription_medicale,1
P61,V8,vsl,O,prescription_medicale,1
P61,V8,vsl,B,prescription_medicale,1
P61,V9,vsl,O,prescription_medicale,1
P61,V9,vsl,B,prescription_medicale,1
P61,V10,vtc_premium,O,prescription_medicale,0
P61,V10,vtc_premium,B,prescription_medicale,0
P62,V1,taxi_conventionne,O,standard_assis,1
P62,V1,taxi_conventionne,B,standard_assis,1
P62,V2,taxi_conventionne,O,standard_assis,1
P62,V2,taxi_conventionne,B,standard_assis,1
P62,V3,taxi_conventionne,O,standard_assis,1
P62,V3,taxi_conventionne,B,standard_assis,1
P62,V4,taxi_conventionne,O,standard_assis,1
P62,V4,taxi_conventionne,B,standard_assis,1
P62,V5,taxi_conventionne,O,standard_assis,1
P62,V5,taxi_conventionne,B,standard_assis,1
P62,V6,vsl,O,standard_assis,1
P62,V6,vsl,B,standard_assis,1
P62,V7,vsl,O,standard_assis,1
P62,V7,vsl,B,standard_assis,1
P62,V8,vsl,O,standard_assis,1
P62,V8,vsl,B,standard_assis,1
P62,V9,vsl,O,standard_assis,1
P62,V9,vsl,B,standard_assis,1
P62,V10,vtc_premium,O,standard_assis,1
P62,V10,vtc_premium,B,standard_assis,1
P63,V1,taxi_conventionne,O,prescription_medicale,1
P63,V1,taxi_conventionne,B,prescription_medicale,1
P63,V2,taxi_conventionne,O,prescription_medicale,1
P63,V2,taxi_conventionne,B,prescription_medicale,1
P63,V3,taxi_conventionne,O,prescription_medicale,1
P63,V3,taxi_conventionne,B,prescription_medicale,1
P63,V4,taxi_conventionne,O,prescription_medicale,1
P63,V4,taxi_conventionne,B,prescription_medicale,1
P63,V5,taxi_conventionne,O,prescription_medicale,1
P63,V5,taxi_conventionne,B,prescription_medicale,1
P63,V6,vsl,O,prescription_medicale,1
P63,V6,vsl,B,prescription_medicale,1
P63,V7,vsl,O,prescription_medicale,1
P63,V7,vsl,B,prescription_medicale,1
P63,V8,vsl,O,prescription_medicale,1
P63,V8,vsl,B,prescription_medicale,1
P63,V9,vsl,O,prescription_medicale,1
P63,V9,vsl,B,prescription_medicale,1
P63,V10,vtc_premium,O,prescription_medicale,0
P63,V10,vtc_premium,B,prescription_medicale,0
P64,V1,taxi_conventionne,O,vsl_required,0
P64,V1,taxi_conventionne,B,vsl_required,0
P64,V2,taxi_conventionne,O,vsl_required,0
P64,V2,taxi_conventionne,B,vsl_required,0
P64,V3,taxi_conventionne,O,vsl_required,0
P64,V3,taxi_conventionne,B,vsl_required,0
P64,V4,taxi_conventionne,O,vsl_required,0
P64,V4,taxi_conventionne,B,vsl_required,0
P64,V5,taxi_conventionne,O,vsl_required,0
P64,V5,taxi_conventionne,B,vsl_required,0
P64,V6,vsl,O,vsl_required,1
P64,V6,vsl,B,vsl_required,1
P64,V7,vsl,O,vsl_required,1
P64,V7,vsl,B,vsl_required,1
P64,V8,vsl,O,vsl_required,1
P64,V8,vsl,B,vsl_required,1
P64,V9,vsl,O,vsl_required,1
P64,V9,vsl,B,vsl_required,1
P64,V10,vtc_premium,O,vsl_required,0
P64,V10,vtc_premium,B,vsl_required,0
P65,V1,taxi_conventionne,O,standard_assis,1
P65,V1,taxi_conventionne,B,standard_assis,1
P65,V2,taxi_conventionne,O,standard_assis,1
P65,V2,taxi_conventionne,B,standard_assis,1
P65,V3,taxi_conventionne,O,standard_assis,1
P65,V3,taxi_conventionne,B,standard_assis,1
P65,V4,taxi_conventionne,O,standard_assis,1
P65,V4,taxi_conventionne,B,standard_assis,1
P65,V5,taxi_conventionne,O,standard_assis,1
P65,V5,taxi_conventionne,B,standard_assis,1
P65,V6,vsl,O,standard_assis,1
P65,V6,vsl,B,standard_assis,1
P65,V7,vsl,O,standard_assis,1
P65,V7,vsl,B,standard_assis,1
P65,V8,vsl,O,standard_assis,1
P65,V8,vsl,B,standard_assis,1
P65,V9,vsl,O,standard_assis,1
P65,V9,vsl,B,standard_assis,1
P65,V10,vtc_premium,O,standard_assis,1
P65,V10,vtc_premium,B,standard_assis,1
P66,V1,taxi_conventionne,O,vsl_required,0
P66,V1,taxi_conventionne,B,vsl_required,0
P66,V2,taxi_conventionne,O,vsl_required,0
P66,V2,taxi_conventionne,B,vsl_required,0
P66,V3,taxi_conventionne,O,vsl_required,0
P66,V3,taxi_conventionne,B,vsl_required,0
P66,V4,taxi_conventionne,O,vsl_required,0
P66,V4,taxi_conventionne,B,vsl_required,0
P66,V5,taxi_conventionne,O,vsl_required,0
P66,V5,taxi_conventionne,B,vsl_required,0
P66,V6,vsl,O,vsl_required,1
P66,V6,vsl,B,vsl_required,1
P66,V7,vsl,O,vsl_required,1
P66,V7,vsl,B,vsl_required,1
P66,V8,vsl,O,vsl_required,1
P66,V8,vsl,B,vsl_required,1
P66,V9,vsl,O,vsl_required,1
P66,V9,vsl,B,vsl_required,1
P66,V10,vtc_premium,O,vsl_required,0
P66,V10,vtc_premium,B,vsl_required,0
P67,V1,taxi_conventionne,O,vsl_required,0
P67,V1,taxi_conventionne,B,vsl_required,0
P67,V2,taxi_conventionne,O,vsl_required,0
P67,V2,taxi_conventionne,B,vsl_required,0
P67,V3,taxi_conventionne,O,vsl_required,0
P67,V3,taxi_conventionne,B,vsl_required,0
P67,V4,taxi_conventionne,O,vsl_required,0
P67,V4,taxi_conventionne,B,vsl_required,0
P67,V5,taxi_conventionne,O,vsl_required,0
P67,V5,taxi_conventionne,B,vsl_required,0
P67,V6,vsl,O,vsl_required,1
P67,V6,vsl,B,vsl_required,1
P67,V7,vsl,O,vsl_required,1
P67,V7,vsl,B,vsl_required,1
P67,V8,vsl,O,vsl_required,1
P67,V8,vsl,B,vsl_required,1
P67,V9,vsl,O,vsl_required,1
P67,V9,vsl,B,vsl_required,1
P67,V10,vtc_premium,O,vsl_required,0
P67,V10,vtc_premium,B,vsl_required,0
P68,V1,taxi_conventionne,O,prescription_medicale,1
P68,V1,taxi_conventionne,B,prescription_medicale,1
P68,V2,taxi_conventionne,O,prescription_medicale,1
P68,V2,taxi_conventionne,B,prescription_medicale,1
P68,V3,taxi_conventionne,O,prescription_medicale,1
P68,V3,taxi_conventionne,B,prescription_medicale,1
P68,V4,taxi_conventionne,O,prescription_medicale,1
P68,V4,taxi_conventionne,B,prescription_medicale,1
P68,V5,taxi_conventionne,O,prescription_medicale,1
P68,V5,taxi_conventionne,B,prescription_medicale,1
P68,V6,vsl,O,prescription_medicale,1
P68,V6,vsl,B,prescription_medicale,1
P68,V7,vsl,O,prescription_medicale,1
P68,V7,vsl,B,prescription_medicale,1
P68,V8,vsl,O,prescription_medicale,1
P68,V8,vsl,B,prescription_medicale,1
P68,V9,vsl,O,prescription_medicale,1
P68,V9,vsl,B,prescription_medicale,1
P68,V10,vtc_premium,O,prescription_medicale,0
P68,V10,vtc_premium,B,prescription_medicale,0
P69,V1,taxi_conventionne,O,prescription_medicale,1
P69,V1,taxi_conventionne,B,prescription_medicale,1
P69,V2,taxi_conventionne,O,prescription_medicale,1
P69,V2,taxi_conventionne,B,prescription_medicale,1
P69,V3,taxi_conventionne,O,prescription_medicale,1
P69,V3,taxi_conventionne,B,prescription_medicale,1
P69,V4,taxi_conventionne,O,prescription_medicale,1
P69,V4,taxi_conventionne,B,prescription_medicale,1
P69,V5,taxi_conventionne,O,prescription_medicale,1
P69,V5,taxi_conventionne,B,prescription_medicale,1
P69,V6,vsl,O,prescription_medicale,1
P69,V6,vsl,B,prescription_medicale,1
P69,V7,vsl,O,prescription_medicale,1
P69,V7,vsl,B,prescription_medicale,1
P69,V8,vsl,O,prescription_medicale,1
P69,V8,vsl,B,prescription_medicale,1
P69,V9,vsl,O,prescription_medicale,1
P69,V9,vsl,B,prescription_medicale,1
P69,V10,vtc_premium,O,prescription_medicale,0
P69,V10,vtc_premium,B,prescription_medicale,0
P70,V1,taxi_conventionne,O,prescription_medicale,1
P70,V1,taxi_conventionne,B,prescription_medicale,1
P70,V2,taxi_conventionne,O,prescription_medicale,1
P70,V2,taxi_conventionne,B,prescription_medicale,1
P70,V3,taxi_conventionne,O,prescription_medicale,1
P70,V3,taxi_conventionne,B,prescription_medicale,1
P70,V4,taxi_conventionne,O,prescription_medicale,1
P70,V4,taxi_conventionne,B,prescription_medicale,1
P70,V5,taxi_conventionne,O,prescription_medicale,1
P70,V5,taxi_conventionne,B,prescription_medicale,1
P70,V6,vsl,O,prescription_medicale,1
P70,V6,vsl,B,prescription_medicale,1
P70,V7,vsl,O,prescription_medicale,1
P70,V7,vsl,B,prescription_medicale,1
P70,V8,vsl,O,prescription_medicale,1
P70,V8,vsl,B,prescription_medicale,1
P70,V9,vsl,O,prescription_medicale,1
P70,V9,vsl,B,prescription_medicale,1
P70,V10,vtc_premium,O,prescription_medicale,0
P70,V10,vtc_premium,B,prescription_medicale,0
P71,V1,taxi_conventionne,O,prescription_medicale,1
P71,V1,taxi_conventionne,B,prescription_medicale,1
P71,V2,taxi_conventionne,O,prescription_medicale,1
P71,V2,taxi_conventionne,B,prescription_medicale,1
P71,V3,taxi_conventionne,O,prescription_medicale,1
P71,V3,taxi_conventionne,B,prescription_medicale,1
P71,V4,taxi_conventionne,O,prescription_medicale,1
P71,V4,taxi_conventionne,B,prescription_medicale,1
P71,V5,taxi_conventionne,O,prescription_medicale,1
P71,V5,taxi_conventionne,B,prescription_medicale,1
P71,V6,vsl,O,prescription_medicale,1
P71,V6,vsl,B,prescription_medicale,1
P71,V7,vsl,O,prescription_medicale,1
P71,V7,vsl,B,prescription_medicale,1
P71,V8,vsl,O,prescription_medicale,1
P71,V8,vsl,B,prescription_medicale,1
P71,V9,vsl,O,prescription_medicale,1
P71,V9,vsl,B,prescription_medicale,1
P71,V10,vtc_premium,O,prescription_medicale,0
P71,V10,vtc_premium,B,prescription_medicale,0
P72,V1,taxi_conventionne,O,prescription_medicale,1
P72,V1,taxi_conventionne,B,prescription_medicale,1
P72,V2,taxi_conventionne,O,prescription_medicale,1
P72,V2,taxi_conventionne,B,prescription_medicale,1
P72,V3,taxi_conventionne,O,prescription_medicale,1
P72,V3,taxi_conventionne,B,prescription_medicale,1
P72,V4,taxi_conventionne,O,prescription_medicale,1
P72,V4,taxi_conventionne,B,prescription_medicale,1
P72,V5,taxi_conventionne,O,prescription_medicale,1
P72,V5,taxi_conventionne,B,prescription_medicale,1
P72,V6,vsl,O,prescription_medicale,1
P72,V6,vsl,B,prescription_medicale,1
P72,V7,vsl,O,prescription_medicale,1
P72,V7,vsl,B,prescription_medicale,1
P72,V8,vsl,O,prescription_medicale,1
P72,V8,vsl,B,prescription_medicale,1
P72,V9,vsl,O,prescription_medicale,1
P72,V9,vsl,B,prescription_medicale,1
P72,V10,vtc_premium,O,prescription_medicale,0
P72,V10,vtc_premium,B,prescription_medicale,0
P73,V1,taxi_conventionne,O,prescription_medicale,1
P73,V1,taxi_conventionne,B,prescription_medicale,1
P73,V2,taxi_conventionne,O,prescription_medicale,1
P73,V2,taxi_conventionne,B,prescription_medicale,1
P73,V3,taxi_conventionne,O,prescription_medicale,1
P73,V3,taxi_conventionne,B,prescription_medicale,1
P73,V4,taxi_conventionne,O,prescription_medicale,1
P73,V4,taxi_conventionne,B,prescription_medicale,1
P73,V5,taxi_conventionne,O,prescription_medicale,1
P73,V5,taxi_conventionne,B,prescription_medicale,1
P73,V6,vsl,O,prescription_medicale,1
P73,V6,vsl,B,prescription_medicale,1
P73,V7,vsl,O,prescription_medicale,1
P73,V7,vsl,B,prescription_medicale,1
P73,V8,vsl,O,prescription_medicale,1
P73,V8,vsl,B,prescription_medicale,1
P73,V9,vsl,O,prescription_medicale,1
P73,V9,vsl,B,prescription_medicale,1
P73,V10,vtc_premium,O,prescription_medicale,0
P73,V10,vtc_premium,B,prescription_medicale,0
P74,V1,taxi_conventionne,O,prescription_medicale,1
P74,V1,taxi_conventionne,B,prescription_medicale,1
P74,V2,taxi_conventionne,O,prescription_medicale,1
P74,V2,taxi_conventionne,B,prescription_medicale,1
P74,V3,taxi_conventionne,O,prescription_medicale,1
P74,V3,taxi_conventionne,B,prescription_medicale,1
P74,V4,taxi_conventionne,O,prescription_medicale,1
P74,V4,taxi_conventionne,B,prescription_medicale,1
P74,V5,taxi_conventionne,O,prescription_medicale,1
P74,V5,taxi_conventionne,B,prescription_medicale,1
P74,V6,vsl,O,prescription_medicale,1
P74,V6,vsl,B,prescription_medicale,1
P74,V7,vsl,O,prescription_medicale,1
P74,V7,vsl,B,prescription_medicale,1
P74,V8,vsl,O,prescription_medicale,1
P74,V8,vsl,B,prescription_medicale,1
P74,V9,vsl,O,prescription_medicale,1
P74,V9,vsl,B,prescription_medicale,1
P74,V10,vtc_premium,O,prescription_medicale,0
P74,V10,vtc_premium,B,prescription_medicale,0
P75,V1,taxi_conventionne,O,vsl_required,0
P75,V1,taxi_conventionne,B,vsl_required,0
P75,V2,taxi_conventionne,O,vsl_required,0
P75,V2,taxi_conventionne,B,vsl_required,0
P75,V3,taxi_conventionne,O,vsl_required,0
P75,V3,taxi_conventionne,B,vsl_required,0
P75,V4,taxi_conventionne,O,vsl_required,0
P75,V4,taxi_conventionne,B,vsl_required,0
P75,V5,taxi_conventionne,O,vsl_required,0
P75,V5,taxi_conventionne,B,vsl_required,0
P75,V6,vsl,O,vsl_required,1
P75,V6,vsl,B,vsl_required,1
P75,V7,vsl,O,vsl_required,1
P75,V7,vsl,B,vsl_required,1
P75,V8,vsl,O,vsl_required,1
P75,V8,vsl,B,vsl_required,1
P75,V9,vsl,O,vsl_required,1
P75,V9,vsl,B,vsl_required,1
P75,V10,vtc_premium,O,vsl_required,0
P75,V10,vtc_premium,B,vsl_required,0
